Found 16092 validated image filenames belonging to 2 classes.
Found 4023 validated image filenames belonging to 2 classes.
Found 1135 images belonging to 2 classes.
Model: "model"
__________________________________________________________________________________________________
 Layer (type)                   Output Shape         Param #     Connected to                     
==================================================================================================
 input_1 (InputLayer)           [(None, 224, 224, 3  0           []                               
                                )]                                                                
                                                                                                  
 rescaling (Rescaling)          (None, 224, 224, 3)  0           ['input_1[0][0]']                
                                                                                                  
 normalization (Normalization)  (None, 224, 224, 3)  7           ['rescaling[0][0]']              
                                                                                                  
 stem_conv_pad (ZeroPadding2D)  (None, 225, 225, 3)  0           ['normalization[0][0]']          
                                                                                                  
 stem_conv (Conv2D)             (None, 112, 112, 32  864         ['stem_conv_pad[0][0]']          
                                )                                                                 
                                                                                                  
 stem_bn (BatchNormalization)   (None, 112, 112, 32  128         ['stem_conv[0][0]']              
                                )                                                                 
                                                                                                  
 stem_activation (Activation)   (None, 112, 112, 32  0           ['stem_bn[0][0]']                
                                )                                                                 
                                                                                                  
 block1a_dwconv (DepthwiseConv2  (None, 112, 112, 32  288        ['stem_activation[0][0]']        
 D)                             )                                                                 
                                                                                                  
 block1a_bn (BatchNormalization  (None, 112, 112, 32  128        ['block1a_dwconv[0][0]']         
 )                              )                                                                 
                                                                                                  
 block1a_activation (Activation  (None, 112, 112, 32  0          ['block1a_bn[0][0]']             
 )                              )                                                                 
                                                                                                  
 block1a_se_squeeze (GlobalAver  (None, 32)          0           ['block1a_activation[0][0]']     
 agePooling2D)                                                                                    
                                                                                                  
 block1a_se_reshape (Reshape)   (None, 1, 1, 32)     0           ['block1a_se_squeeze[0][0]']     
                                                                                                  
 block1a_se_reduce (Conv2D)     (None, 1, 1, 8)      264         ['block1a_se_reshape[0][0]']     
                                                                                                  
 block1a_se_expand (Conv2D)     (None, 1, 1, 32)     288         ['block1a_se_reduce[0][0]']      
                                                                                                  
 block1a_se_excite (Multiply)   (None, 112, 112, 32  0           ['block1a_activation[0][0]',     
                                )                                 'block1a_se_expand[0][0]']      
                                                                                                  
 block1a_project_conv (Conv2D)  (None, 112, 112, 16  512         ['block1a_se_excite[0][0]']      
                                )                                                                 
                                                                                                  
 block1a_project_bn (BatchNorma  (None, 112, 112, 16  64         ['block1a_project_conv[0][0]']   
 lization)                      )                                                                 
                                                                                                  
 block2a_expand_conv (Conv2D)   (None, 112, 112, 96  1536        ['block1a_project_bn[0][0]']     
                                )                                                                 
                                                                                                  
 block2a_expand_bn (BatchNormal  (None, 112, 112, 96  384        ['block2a_expand_conv[0][0]']    
 ization)                       )                                                                 
                                                                                                  
 block2a_expand_activation (Act  (None, 112, 112, 96  0          ['block2a_expand_bn[0][0]']      
 ivation)                       )                                                                 
                                                                                                  
 block2a_dwconv_pad (ZeroPaddin  (None, 113, 113, 96  0          ['block2a_expand_activation[0][0]
 g2D)                           )                                ']                               
                                                                                                  
 block2a_dwconv (DepthwiseConv2  (None, 56, 56, 96)  864         ['block2a_dwconv_pad[0][0]']     
 D)                                                                                               
                                                                                                  
 block2a_bn (BatchNormalization  (None, 56, 56, 96)  384         ['block2a_dwconv[0][0]']         
 )                                                                                                
                                                                                                  
 block2a_activation (Activation  (None, 56, 56, 96)  0           ['block2a_bn[0][0]']             
 )                                                                                                
                                                                                                  
 block2a_se_squeeze (GlobalAver  (None, 96)          0           ['block2a_activation[0][0]']     
 agePooling2D)                                                                                    
                                                                                                  
 block2a_se_reshape (Reshape)   (None, 1, 1, 96)     0           ['block2a_se_squeeze[0][0]']     
                                                                                                  
 block2a_se_reduce (Conv2D)     (None, 1, 1, 4)      388         ['block2a_se_reshape[0][0]']     
                                                                                                  
 block2a_se_expand (Conv2D)     (None, 1, 1, 96)     480         ['block2a_se_reduce[0][0]']      
                                                                                                  
 block2a_se_excite (Multiply)   (None, 56, 56, 96)   0           ['block2a_activation[0][0]',     
                                                                  'block2a_se_expand[0][0]']      
                                                                                                  
 block2a_project_conv (Conv2D)  (None, 56, 56, 24)   2304        ['block2a_se_excite[0][0]']      
                                                                                                  
 block2a_project_bn (BatchNorma  (None, 56, 56, 24)  96          ['block2a_project_conv[0][0]']   
 lization)                                                                                        
                                                                                                  
 block2b_expand_conv (Conv2D)   (None, 56, 56, 144)  3456        ['block2a_project_bn[0][0]']     
                                                                                                  
 block2b_expand_bn (BatchNormal  (None, 56, 56, 144)  576        ['block2b_expand_conv[0][0]']    
 ization)                                                                                         
                                                                                                  
 block2b_expand_activation (Act  (None, 56, 56, 144)  0          ['block2b_expand_bn[0][0]']      
 ivation)                                                                                         
                                                                                                  
 block2b_dwconv (DepthwiseConv2  (None, 56, 56, 144)  1296       ['block2b_expand_activation[0][0]
 D)                                                              ']                               
                                                                                                  
 block2b_bn (BatchNormalization  (None, 56, 56, 144)  576        ['block2b_dwconv[0][0]']         
 )                                                                                                
                                                                                                  
 block2b_activation (Activation  (None, 56, 56, 144)  0          ['block2b_bn[0][0]']             
 )                                                                                                
                                                                                                  
 block2b_se_squeeze (GlobalAver  (None, 144)         0           ['block2b_activation[0][0]']     
 agePooling2D)                                                                                    
                                                                                                  
 block2b_se_reshape (Reshape)   (None, 1, 1, 144)    0           ['block2b_se_squeeze[0][0]']     
                                                                                                  
 block2b_se_reduce (Conv2D)     (None, 1, 1, 6)      870         ['block2b_se_reshape[0][0]']     
                                                                                                  
 block2b_se_expand (Conv2D)     (None, 1, 1, 144)    1008        ['block2b_se_reduce[0][0]']      
                                                                                                  
 block2b_se_excite (Multiply)   (None, 56, 56, 144)  0           ['block2b_activation[0][0]',     
                                                                  'block2b_se_expand[0][0]']      
                                                                                                  
 block2b_project_conv (Conv2D)  (None, 56, 56, 24)   3456        ['block2b_se_excite[0][0]']      
                                                                                                  
 block2b_project_bn (BatchNorma  (None, 56, 56, 24)  96          ['block2b_project_conv[0][0]']   
 lization)                                                                                        
                                                                                                  
 block2b_drop (Dropout)         (None, 56, 56, 24)   0           ['block2b_project_bn[0][0]']     
                                                                                                  
 block2b_add (Add)              (None, 56, 56, 24)   0           ['block2b_drop[0][0]',           
                                                                  'block2a_project_bn[0][0]']     
                                                                                                  
 block3a_expand_conv (Conv2D)   (None, 56, 56, 144)  3456        ['block2b_add[0][0]']            
                                                                                                  
 block3a_expand_bn (BatchNormal  (None, 56, 56, 144)  576        ['block3a_expand_conv[0][0]']    
 ization)                                                                                         
                                                                                                  
 block3a_expand_activation (Act  (None, 56, 56, 144)  0          ['block3a_expand_bn[0][0]']      
 ivation)                                                                                         
                                                                                                  
 block3a_dwconv_pad (ZeroPaddin  (None, 59, 59, 144)  0          ['block3a_expand_activation[0][0]
 g2D)                                                            ']                               
                                                                                                  
 block3a_dwconv (DepthwiseConv2  (None, 28, 28, 144)  3600       ['block3a_dwconv_pad[0][0]']     
 D)                                                                                               
                                                                                                  
 block3a_bn (BatchNormalization  (None, 28, 28, 144)  576        ['block3a_dwconv[0][0]']         
 )                                                                                                
                                                                                                  
 block3a_activation (Activation  (None, 28, 28, 144)  0          ['block3a_bn[0][0]']             
 )                                                                                                
                                                                                                  
 block3a_se_squeeze (GlobalAver  (None, 144)         0           ['block3a_activation[0][0]']     
 agePooling2D)                                                                                    
                                                                                                  
 block3a_se_reshape (Reshape)   (None, 1, 1, 144)    0           ['block3a_se_squeeze[0][0]']     
                                                                                                  
 block3a_se_reduce (Conv2D)     (None, 1, 1, 6)      870         ['block3a_se_reshape[0][0]']     
                                                                                                  
 block3a_se_expand (Conv2D)     (None, 1, 1, 144)    1008        ['block3a_se_reduce[0][0]']      
                                                                                                  
 block3a_se_excite (Multiply)   (None, 28, 28, 144)  0           ['block3a_activation[0][0]',     
                                                                  'block3a_se_expand[0][0]']      
                                                                                                  
 block3a_project_conv (Conv2D)  (None, 28, 28, 40)   5760        ['block3a_se_excite[0][0]']      
                                                                                                  
 block3a_project_bn (BatchNorma  (None, 28, 28, 40)  160         ['block3a_project_conv[0][0]']   
 lization)                                                                                        
                                                                                                  
 block3b_expand_conv (Conv2D)   (None, 28, 28, 240)  9600        ['block3a_project_bn[0][0]']     
                                                                                                  
 block3b_expand_bn (BatchNormal  (None, 28, 28, 240)  960        ['block3b_expand_conv[0][0]']    
 ization)                                                                                         
                                                                                                  
 block3b_expand_activation (Act  (None, 28, 28, 240)  0          ['block3b_expand_bn[0][0]']      
 ivation)                                                                                         
                                                                                                  
 block3b_dwconv (DepthwiseConv2  (None, 28, 28, 240)  6000       ['block3b_expand_activation[0][0]
 D)                                                              ']                               
                                                                                                  
 block3b_bn (BatchNormalization  (None, 28, 28, 240)  960        ['block3b_dwconv[0][0]']         
 )                                                                                                
                                                                                                  
 block3b_activation (Activation  (None, 28, 28, 240)  0          ['block3b_bn[0][0]']             
 )                                                                                                
                                                                                                  
 block3b_se_squeeze (GlobalAver  (None, 240)         0           ['block3b_activation[0][0]']     
 agePooling2D)                                                                                    
                                                                                                  
 block3b_se_reshape (Reshape)   (None, 1, 1, 240)    0           ['block3b_se_squeeze[0][0]']     
                                                                                                  
 block3b_se_reduce (Conv2D)     (None, 1, 1, 10)     2410        ['block3b_se_reshape[0][0]']     
                                                                                                  
 block3b_se_expand (Conv2D)     (None, 1, 1, 240)    2640        ['block3b_se_reduce[0][0]']      
                                                                                                  
 block3b_se_excite (Multiply)   (None, 28, 28, 240)  0           ['block3b_activation[0][0]',     
                                                                  'block3b_se_expand[0][0]']      
                                                                                                  
 block3b_project_conv (Conv2D)  (None, 28, 28, 40)   9600        ['block3b_se_excite[0][0]']      
                                                                                                  
 block3b_project_bn (BatchNorma  (None, 28, 28, 40)  160         ['block3b_project_conv[0][0]']   
 lization)                                                                                        
                                                                                                  
 block3b_drop (Dropout)         (None, 28, 28, 40)   0           ['block3b_project_bn[0][0]']     
                                                                                                  
 block3b_add (Add)              (None, 28, 28, 40)   0           ['block3b_drop[0][0]',           
                                                                  'block3a_project_bn[0][0]']     
                                                                                                  
 block4a_expand_conv (Conv2D)   (None, 28, 28, 240)  9600        ['block3b_add[0][0]']            
                                                                                                  
 block4a_expand_bn (BatchNormal  (None, 28, 28, 240)  960        ['block4a_expand_conv[0][0]']    
 ization)                                                                                         
                                                                                                  
 block4a_expand_activation (Act  (None, 28, 28, 240)  0          ['block4a_expand_bn[0][0]']      
 ivation)                                                                                         
                                                                                                  
 block4a_dwconv_pad (ZeroPaddin  (None, 29, 29, 240)  0          ['block4a_expand_activation[0][0]
 g2D)                                                            ']                               
                                                                                                  
 block4a_dwconv (DepthwiseConv2  (None, 14, 14, 240)  2160       ['block4a_dwconv_pad[0][0]']     
 D)                                                                                               
                                                                                                  
 block4a_bn (BatchNormalization  (None, 14, 14, 240)  960        ['block4a_dwconv[0][0]']         
 )                                                                                                
                                                                                                  
 block4a_activation (Activation  (None, 14, 14, 240)  0          ['block4a_bn[0][0]']             
 )                                                                                                
                                                                                                  
 block4a_se_squeeze (GlobalAver  (None, 240)         0           ['block4a_activation[0][0]']     
 agePooling2D)                                                                                    
                                                                                                  
 block4a_se_reshape (Reshape)   (None, 1, 1, 240)    0           ['block4a_se_squeeze[0][0]']     
                                                                                                  
 block4a_se_reduce (Conv2D)     (None, 1, 1, 10)     2410        ['block4a_se_reshape[0][0]']     
                                                                                                  
 block4a_se_expand (Conv2D)     (None, 1, 1, 240)    2640        ['block4a_se_reduce[0][0]']      
                                                                                                  
 block4a_se_excite (Multiply)   (None, 14, 14, 240)  0           ['block4a_activation[0][0]',     
                                                                  'block4a_se_expand[0][0]']      
                                                                                                  
 block4a_project_conv (Conv2D)  (None, 14, 14, 80)   19200       ['block4a_se_excite[0][0]']      
                                                                                                  
 block4a_project_bn (BatchNorma  (None, 14, 14, 80)  320         ['block4a_project_conv[0][0]']   
 lization)                                                                                        
                                                                                                  
 block4b_expand_conv (Conv2D)   (None, 14, 14, 480)  38400       ['block4a_project_bn[0][0]']     
                                                                                                  
 block4b_expand_bn (BatchNormal  (None, 14, 14, 480)  1920       ['block4b_expand_conv[0][0]']    
 ization)                                                                                         
                                                                                                  
 block4b_expand_activation (Act  (None, 14, 14, 480)  0          ['block4b_expand_bn[0][0]']      
 ivation)                                                                                         
                                                                                                  
 block4b_dwconv (DepthwiseConv2  (None, 14, 14, 480)  4320       ['block4b_expand_activation[0][0]
 D)                                                              ']                               
                                                                                                  
 block4b_bn (BatchNormalization  (None, 14, 14, 480)  1920       ['block4b_dwconv[0][0]']         
 )                                                                                                
                                                                                                  
 block4b_activation (Activation  (None, 14, 14, 480)  0          ['block4b_bn[0][0]']             
 )                                                                                                
                                                                                                  
 block4b_se_squeeze (GlobalAver  (None, 480)         0           ['block4b_activation[0][0]']     
 agePooling2D)                                                                                    
                                                                                                  
 block4b_se_reshape (Reshape)   (None, 1, 1, 480)    0           ['block4b_se_squeeze[0][0]']     
                                                                                                  
 block4b_se_reduce (Conv2D)     (None, 1, 1, 20)     9620        ['block4b_se_reshape[0][0]']     
                                                                                                  
 block4b_se_expand (Conv2D)     (None, 1, 1, 480)    10080       ['block4b_se_reduce[0][0]']      
                                                                                                  
 block4b_se_excite (Multiply)   (None, 14, 14, 480)  0           ['block4b_activation[0][0]',     
                                                                  'block4b_se_expand[0][0]']      
                                                                                                  
 block4b_project_conv (Conv2D)  (None, 14, 14, 80)   38400       ['block4b_se_excite[0][0]']      
                                                                                                  
 block4b_project_bn (BatchNorma  (None, 14, 14, 80)  320         ['block4b_project_conv[0][0]']   
 lization)                                                                                        
                                                                                                  
 block4b_drop (Dropout)         (None, 14, 14, 80)   0           ['block4b_project_bn[0][0]']     
                                                                                                  
 block4b_add (Add)              (None, 14, 14, 80)   0           ['block4b_drop[0][0]',           
                                                                  'block4a_project_bn[0][0]']     
                                                                                                  
 block4c_expand_conv (Conv2D)   (None, 14, 14, 480)  38400       ['block4b_add[0][0]']            
                                                                                                  
 block4c_expand_bn (BatchNormal  (None, 14, 14, 480)  1920       ['block4c_expand_conv[0][0]']    
 ization)                                                                                         
                                                                                                  
 block4c_expand_activation (Act  (None, 14, 14, 480)  0          ['block4c_expand_bn[0][0]']      
 ivation)                                                                                         
                                                                                                  
 block4c_dwconv (DepthwiseConv2  (None, 14, 14, 480)  4320       ['block4c_expand_activation[0][0]
 D)                                                              ']                               
                                                                                                  
 block4c_bn (BatchNormalization  (None, 14, 14, 480)  1920       ['block4c_dwconv[0][0]']         
 )                                                                                                
                                                                                                  
 block4c_activation (Activation  (None, 14, 14, 480)  0          ['block4c_bn[0][0]']             
 )                                                                                                
                                                                                                  
 block4c_se_squeeze (GlobalAver  (None, 480)         0           ['block4c_activation[0][0]']     
 agePooling2D)                                                                                    
                                                                                                  
 block4c_se_reshape (Reshape)   (None, 1, 1, 480)    0           ['block4c_se_squeeze[0][0]']     
                                                                                                  
 block4c_se_reduce (Conv2D)     (None, 1, 1, 20)     9620        ['block4c_se_reshape[0][0]']     
                                                                                                  
 block4c_se_expand (Conv2D)     (None, 1, 1, 480)    10080       ['block4c_se_reduce[0][0]']      
                                                                                                  
 block4c_se_excite (Multiply)   (None, 14, 14, 480)  0           ['block4c_activation[0][0]',     
                                                                  'block4c_se_expand[0][0]']      
                                                                                                  
 block4c_project_conv (Conv2D)  (None, 14, 14, 80)   38400       ['block4c_se_excite[0][0]']      
                                                                                                  
 block4c_project_bn (BatchNorma  (None, 14, 14, 80)  320         ['block4c_project_conv[0][0]']   
 lization)                                                                                        
                                                                                                  
 block4c_drop (Dropout)         (None, 14, 14, 80)   0           ['block4c_project_bn[0][0]']     
                                                                                                  
 block4c_add (Add)              (None, 14, 14, 80)   0           ['block4c_drop[0][0]',           
                                                                  'block4b_add[0][0]']            
                                                                                                  
 block5a_expand_conv (Conv2D)   (None, 14, 14, 480)  38400       ['block4c_add[0][0]']            
                                                                                                  
 block5a_expand_bn (BatchNormal  (None, 14, 14, 480)  1920       ['block5a_expand_conv[0][0]']    
 ization)                                                                                         
                                                                                                  
 block5a_expand_activation (Act  (None, 14, 14, 480)  0          ['block5a_expand_bn[0][0]']      
 ivation)                                                                                         
                                                                                                  
 block5a_dwconv (DepthwiseConv2  (None, 14, 14, 480)  12000      ['block5a_expand_activation[0][0]
 D)                                                              ']                               
                                                                                                  
 block5a_bn (BatchNormalization  (None, 14, 14, 480)  1920       ['block5a_dwconv[0][0]']         
 )                                                                                                
                                                                                                  
 block5a_activation (Activation  (None, 14, 14, 480)  0          ['block5a_bn[0][0]']             
 )                                                                                                
                                                                                                  
 block5a_se_squeeze (GlobalAver  (None, 480)         0           ['block5a_activation[0][0]']     
 agePooling2D)                                                                                    
                                                                                                  
 block5a_se_reshape (Reshape)   (None, 1, 1, 480)    0           ['block5a_se_squeeze[0][0]']     
                                                                                                  
 block5a_se_reduce (Conv2D)     (None, 1, 1, 20)     9620        ['block5a_se_reshape[0][0]']     
                                                                                                  
 block5a_se_expand (Conv2D)     (None, 1, 1, 480)    10080       ['block5a_se_reduce[0][0]']      
                                                                                                  
 block5a_se_excite (Multiply)   (None, 14, 14, 480)  0           ['block5a_activation[0][0]',     
                                                                  'block5a_se_expand[0][0]']      
                                                                                                  
 block5a_project_conv (Conv2D)  (None, 14, 14, 112)  53760       ['block5a_se_excite[0][0]']      
                                                                                                  
 block5a_project_bn (BatchNorma  (None, 14, 14, 112)  448        ['block5a_project_conv[0][0]']   
 lization)                                                                                        
                                                                                                  
 block5b_expand_conv (Conv2D)   (None, 14, 14, 672)  75264       ['block5a_project_bn[0][0]']     
                                                                                                  
 block5b_expand_bn (BatchNormal  (None, 14, 14, 672)  2688       ['block5b_expand_conv[0][0]']    
 ization)                                                                                         
                                                                                                  
 block5b_expand_activation (Act  (None, 14, 14, 672)  0          ['block5b_expand_bn[0][0]']      
 ivation)                                                                                         
                                                                                                  
 block5b_dwconv (DepthwiseConv2  (None, 14, 14, 672)  16800      ['block5b_expand_activation[0][0]
 D)                                                              ']                               
                                                                                                  
 block5b_bn (BatchNormalization  (None, 14, 14, 672)  2688       ['block5b_dwconv[0][0]']         
 )                                                                                                
                                                                                                  
 block5b_activation (Activation  (None, 14, 14, 672)  0          ['block5b_bn[0][0]']             
 )                                                                                                
                                                                                                  
 block5b_se_squeeze (GlobalAver  (None, 672)         0           ['block5b_activation[0][0]']     
 agePooling2D)                                                                                    
                                                                                                  
 block5b_se_reshape (Reshape)   (None, 1, 1, 672)    0           ['block5b_se_squeeze[0][0]']     
                                                                                                  
 block5b_se_reduce (Conv2D)     (None, 1, 1, 28)     18844       ['block5b_se_reshape[0][0]']     
                                                                                                  
 block5b_se_expand (Conv2D)     (None, 1, 1, 672)    19488       ['block5b_se_reduce[0][0]']      
                                                                                                  
 block5b_se_excite (Multiply)   (None, 14, 14, 672)  0           ['block5b_activation[0][0]',     
                                                                  'block5b_se_expand[0][0]']      
                                                                                                  
 block5b_project_conv (Conv2D)  (None, 14, 14, 112)  75264       ['block5b_se_excite[0][0]']      
                                                                                                  
 block5b_project_bn (BatchNorma  (None, 14, 14, 112)  448        ['block5b_project_conv[0][0]']   
 lization)                                                                                        
                                                                                                  
 block5b_drop (Dropout)         (None, 14, 14, 112)  0           ['block5b_project_bn[0][0]']     
                                                                                                  
 block5b_add (Add)              (None, 14, 14, 112)  0           ['block5b_drop[0][0]',           
                                                                  'block5a_project_bn[0][0]']     
                                                                                                  
 block5c_expand_conv (Conv2D)   (None, 14, 14, 672)  75264       ['block5b_add[0][0]']            
                                                                                                  
 block5c_expand_bn (BatchNormal  (None, 14, 14, 672)  2688       ['block5c_expand_conv[0][0]']    
 ization)                                                                                         
                                                                                                  
 block5c_expand_activation (Act  (None, 14, 14, 672)  0          ['block5c_expand_bn[0][0]']      
 ivation)                                                                                         
                                                                                                  
 block5c_dwconv (DepthwiseConv2  (None, 14, 14, 672)  16800      ['block5c_expand_activation[0][0]
 D)                                                              ']                               
                                                                                                  
 block5c_bn (BatchNormalization  (None, 14, 14, 672)  2688       ['block5c_dwconv[0][0]']         
 )                                                                                                
                                                                                                  
 block5c_activation (Activation  (None, 14, 14, 672)  0          ['block5c_bn[0][0]']             
 )                                                                                                
                                                                                                  
 block5c_se_squeeze (GlobalAver  (None, 672)         0           ['block5c_activation[0][0]']     
 agePooling2D)                                                                                    
                                                                                                  
 block5c_se_reshape (Reshape)   (None, 1, 1, 672)    0           ['block5c_se_squeeze[0][0]']     
                                                                                                  
 block5c_se_reduce (Conv2D)     (None, 1, 1, 28)     18844       ['block5c_se_reshape[0][0]']     
                                                                                                  
 block5c_se_expand (Conv2D)     (None, 1, 1, 672)    19488       ['block5c_se_reduce[0][0]']      
                                                                                                  
 block5c_se_excite (Multiply)   (None, 14, 14, 672)  0           ['block5c_activation[0][0]',     
                                                                  'block5c_se_expand[0][0]']      
                                                                                                  
 block5c_project_conv (Conv2D)  (None, 14, 14, 112)  75264       ['block5c_se_excite[0][0]']      
                                                                                                  
 block5c_project_bn (BatchNorma  (None, 14, 14, 112)  448        ['block5c_project_conv[0][0]']   
 lization)                                                                                        
                                                                                                  
 block5c_drop (Dropout)         (None, 14, 14, 112)  0           ['block5c_project_bn[0][0]']     
                                                                                                  
 block5c_add (Add)              (None, 14, 14, 112)  0           ['block5c_drop[0][0]',           
                                                                  'block5b_add[0][0]']            
                                                                                                  
 block6a_expand_conv (Conv2D)   (None, 14, 14, 672)  75264       ['block5c_add[0][0]']            
                                                                                                  
 block6a_expand_bn (BatchNormal  (None, 14, 14, 672)  2688       ['block6a_expand_conv[0][0]']    
 ization)                                                                                         
                                                                                                  
 block6a_expand_activation (Act  (None, 14, 14, 672)  0          ['block6a_expand_bn[0][0]']      
 ivation)                                                                                         
                                                                                                  
 block6a_dwconv_pad (ZeroPaddin  (None, 17, 17, 672)  0          ['block6a_expand_activation[0][0]
 g2D)                                                            ']                               
                                                                                                  
 block6a_dwconv (DepthwiseConv2  (None, 7, 7, 672)   16800       ['block6a_dwconv_pad[0][0]']     
 D)                                                                                               
                                                                                                  
 block6a_bn (BatchNormalization  (None, 7, 7, 672)   2688        ['block6a_dwconv[0][0]']         
 )                                                                                                
                                                                                                  
 block6a_activation (Activation  (None, 7, 7, 672)   0           ['block6a_bn[0][0]']             
 )                                                                                                
                                                                                                  
 block6a_se_squeeze (GlobalAver  (None, 672)         0           ['block6a_activation[0][0]']     
 agePooling2D)                                                                                    
                                                                                                  
 block6a_se_reshape (Reshape)   (None, 1, 1, 672)    0           ['block6a_se_squeeze[0][0]']     
                                                                                                  
 block6a_se_reduce (Conv2D)     (None, 1, 1, 28)     18844       ['block6a_se_reshape[0][0]']     
                                                                                                  
 block6a_se_expand (Conv2D)     (None, 1, 1, 672)    19488       ['block6a_se_reduce[0][0]']      
                                                                                                  
 block6a_se_excite (Multiply)   (None, 7, 7, 672)    0           ['block6a_activation[0][0]',     
                                                                  'block6a_se_expand[0][0]']      
                                                                                                  
 block6a_project_conv (Conv2D)  (None, 7, 7, 192)    129024      ['block6a_se_excite[0][0]']      
                                                                                                  
 block6a_project_bn (BatchNorma  (None, 7, 7, 192)   768         ['block6a_project_conv[0][0]']   
 lization)                                                                                        
                                                                                                  
 block6b_expand_conv (Conv2D)   (None, 7, 7, 1152)   221184      ['block6a_project_bn[0][0]']     
                                                                                                  
 block6b_expand_bn (BatchNormal  (None, 7, 7, 1152)  4608        ['block6b_expand_conv[0][0]']    
 ization)                                                                                         
                                                                                                  
 block6b_expand_activation (Act  (None, 7, 7, 1152)  0           ['block6b_expand_bn[0][0]']      
 ivation)                                                                                         
                                                                                                  
 block6b_dwconv (DepthwiseConv2  (None, 7, 7, 1152)  28800       ['block6b_expand_activation[0][0]
 D)                                                              ']                               
                                                                                                  
 block6b_bn (BatchNormalization  (None, 7, 7, 1152)  4608        ['block6b_dwconv[0][0]']         
 )                                                                                                
                                                                                                  
 block6b_activation (Activation  (None, 7, 7, 1152)  0           ['block6b_bn[0][0]']             
 )                                                                                                
                                                                                                  
 block6b_se_squeeze (GlobalAver  (None, 1152)        0           ['block6b_activation[0][0]']     
 agePooling2D)                                                                                    
                                                                                                  
 block6b_se_reshape (Reshape)   (None, 1, 1, 1152)   0           ['block6b_se_squeeze[0][0]']     
                                                                                                  
 block6b_se_reduce (Conv2D)     (None, 1, 1, 48)     55344       ['block6b_se_reshape[0][0]']     
                                                                                                  
 block6b_se_expand (Conv2D)     (None, 1, 1, 1152)   56448       ['block6b_se_reduce[0][0]']      
                                                                                                  
 block6b_se_excite (Multiply)   (None, 7, 7, 1152)   0           ['block6b_activation[0][0]',     
                                                                  'block6b_se_expand[0][0]']      
                                                                                                  
 block6b_project_conv (Conv2D)  (None, 7, 7, 192)    221184      ['block6b_se_excite[0][0]']      
                                                                                                  
 block6b_project_bn (BatchNorma  (None, 7, 7, 192)   768         ['block6b_project_conv[0][0]']   
 lization)                                                                                        
                                                                                                  
 block6b_drop (Dropout)         (None, 7, 7, 192)    0           ['block6b_project_bn[0][0]']     
                                                                                                  
 block6b_add (Add)              (None, 7, 7, 192)    0           ['block6b_drop[0][0]',           
                                                                  'block6a_project_bn[0][0]']     
                                                                                                  
 block6c_expand_conv (Conv2D)   (None, 7, 7, 1152)   221184      ['block6b_add[0][0]']            
                                                                                                  
 block6c_expand_bn (BatchNormal  (None, 7, 7, 1152)  4608        ['block6c_expand_conv[0][0]']    
 ization)                                                                                         
                                                                                                  
 block6c_expand_activation (Act  (None, 7, 7, 1152)  0           ['block6c_expand_bn[0][0]']      
 ivation)                                                                                         
                                                                                                  
 block6c_dwconv (DepthwiseConv2  (None, 7, 7, 1152)  28800       ['block6c_expand_activation[0][0]
 D)                                                              ']                               
                                                                                                  
 block6c_bn (BatchNormalization  (None, 7, 7, 1152)  4608        ['block6c_dwconv[0][0]']         
 )                                                                                                
                                                                                                  
 block6c_activation (Activation  (None, 7, 7, 1152)  0           ['block6c_bn[0][0]']             
 )                                                                                                
                                                                                                  
 block6c_se_squeeze (GlobalAver  (None, 1152)        0           ['block6c_activation[0][0]']     
 agePooling2D)                                                                                    
                                                                                                  
 block6c_se_reshape (Reshape)   (None, 1, 1, 1152)   0           ['block6c_se_squeeze[0][0]']     
                                                                                                  
 block6c_se_reduce (Conv2D)     (None, 1, 1, 48)     55344       ['block6c_se_reshape[0][0]']     
                                                                                                  
 block6c_se_expand (Conv2D)     (None, 1, 1, 1152)   56448       ['block6c_se_reduce[0][0]']      
                                                                                                  
 block6c_se_excite (Multiply)   (None, 7, 7, 1152)   0           ['block6c_activation[0][0]',     
                                                                  'block6c_se_expand[0][0]']      
                                                                                                  
 block6c_project_conv (Conv2D)  (None, 7, 7, 192)    221184      ['block6c_se_excite[0][0]']      
                                                                                                  
 block6c_project_bn (BatchNorma  (None, 7, 7, 192)   768         ['block6c_project_conv[0][0]']   
 lization)                                                                                        
                                                                                                  
 block6c_drop (Dropout)         (None, 7, 7, 192)    0           ['block6c_project_bn[0][0]']     
                                                                                                  
 block6c_add (Add)              (None, 7, 7, 192)    0           ['block6c_drop[0][0]',           
                                                                  'block6b_add[0][0]']            
                                                                                                  
 block6d_expand_conv (Conv2D)   (None, 7, 7, 1152)   221184      ['block6c_add[0][0]']            
                                                                                                  
 block6d_expand_bn (BatchNormal  (None, 7, 7, 1152)  4608        ['block6d_expand_conv[0][0]']    
 ization)                                                                                         
                                                                                                  
 block6d_expand_activation (Act  (None, 7, 7, 1152)  0           ['block6d_expand_bn[0][0]']      
 ivation)                                                                                         
                                                                                                  
 block6d_dwconv (DepthwiseConv2  (None, 7, 7, 1152)  28800       ['block6d_expand_activation[0][0]
 D)                                                              ']                               
                                                                                                  
 block6d_bn (BatchNormalization  (None, 7, 7, 1152)  4608        ['block6d_dwconv[0][0]']         
 )                                                                                                
                                                                                                  
 block6d_activation (Activation  (None, 7, 7, 1152)  0           ['block6d_bn[0][0]']             
 )                                                                                                
                                                                                                  
 block6d_se_squeeze (GlobalAver  (None, 1152)        0           ['block6d_activation[0][0]']     
 agePooling2D)                                                                                    
                                                                                                  
 block6d_se_reshape (Reshape)   (None, 1, 1, 1152)   0           ['block6d_se_squeeze[0][0]']     
                                                                                                  
 block6d_se_reduce (Conv2D)     (None, 1, 1, 48)     55344       ['block6d_se_reshape[0][0]']     
                                                                                                  
 block6d_se_expand (Conv2D)     (None, 1, 1, 1152)   56448       ['block6d_se_reduce[0][0]']      
                                                                                                  
 block6d_se_excite (Multiply)   (None, 7, 7, 1152)   0           ['block6d_activation[0][0]',     
                                                                  'block6d_se_expand[0][0]']      
                                                                                                  
 block6d_project_conv (Conv2D)  (None, 7, 7, 192)    221184      ['block6d_se_excite[0][0]']      
                                                                                                  
 block6d_project_bn (BatchNorma  (None, 7, 7, 192)   768         ['block6d_project_conv[0][0]']   
 lization)                                                                                        
                                                                                                  
 block6d_drop (Dropout)         (None, 7, 7, 192)    0           ['block6d_project_bn[0][0]']     
                                                                                                  
 block6d_add (Add)              (None, 7, 7, 192)    0           ['block6d_drop[0][0]',           
                                                                  'block6c_add[0][0]']            
                                                                                                  
 block7a_expand_conv (Conv2D)   (None, 7, 7, 1152)   221184      ['block6d_add[0][0]']            
                                                                                                  
 block7a_expand_bn (BatchNormal  (None, 7, 7, 1152)  4608        ['block7a_expand_conv[0][0]']    
 ization)                                                                                         
                                                                                                  
 block7a_expand_activation (Act  (None, 7, 7, 1152)  0           ['block7a_expand_bn[0][0]']      
 ivation)                                                                                         
                                                                                                  
 block7a_dwconv (DepthwiseConv2  (None, 7, 7, 1152)  10368       ['block7a_expand_activation[0][0]
 D)                                                              ']                               
                                                                                                  
 block7a_bn (BatchNormalization  (None, 7, 7, 1152)  4608        ['block7a_dwconv[0][0]']         
 )                                                                                                
                                                                                                  
 block7a_activation (Activation  (None, 7, 7, 1152)  0           ['block7a_bn[0][0]']             
 )                                                                                                
                                                                                                  
 block7a_se_squeeze (GlobalAver  (None, 1152)        0           ['block7a_activation[0][0]']     
 agePooling2D)                                                                                    
                                                                                                  
 block7a_se_reshape (Reshape)   (None, 1, 1, 1152)   0           ['block7a_se_squeeze[0][0]']     
                                                                                                  
 block7a_se_reduce (Conv2D)     (None, 1, 1, 48)     55344       ['block7a_se_reshape[0][0]']     
                                                                                                  
 block7a_se_expand (Conv2D)     (None, 1, 1, 1152)   56448       ['block7a_se_reduce[0][0]']      
                                                                                                  
 block7a_se_excite (Multiply)   (None, 7, 7, 1152)   0           ['block7a_activation[0][0]',     
                                                                  'block7a_se_expand[0][0]']      
                                                                                                  
 block7a_project_conv (Conv2D)  (None, 7, 7, 320)    368640      ['block7a_se_excite[0][0]']      
                                                                                                  
 block7a_project_bn (BatchNorma  (None, 7, 7, 320)   1280        ['block7a_project_conv[0][0]']   
 lization)                                                                                        
                                                                                                  
 top_conv (Conv2D)              (None, 7, 7, 1280)   409600      ['block7a_project_bn[0][0]']     
                                                                                                  
 top_bn (BatchNormalization)    (None, 7, 7, 1280)   5120        ['top_conv[0][0]']               
                                                                                                  
 top_activation (Activation)    (None, 7, 7, 1280)   0           ['top_bn[0][0]']                 
                                                                                                  
 global_average_pooling2d (Glob  (None, 1280)        0           ['top_activation[0][0]']         
 alAveragePooling2D)                                                                              
                                                                                                  
 dense (Dense)                  (None, 128)          163968      ['global_average_pooling2d[0][0]'
                                                                 ]                                
                                                                                                  
 dropout (Dropout)              (None, 128)          0           ['dense[0][0]']                  
                                                                                                  
 dense_1 (Dense)                (None, 64)           8256        ['dropout[0][0]']                
                                                                                                  
 dropout_1 (Dropout)            (None, 64)           0           ['dense_1[0][0]']                
                                                                                                  
 dense_2 (Dense)                (None, 1)            65          ['dropout_1[0][0]']              
                                                                                                  
==================================================================================================
Total params: 4,221,860
Trainable params: 4,179,837
Non-trainable params: 42,023
__________________________________________________________________________________________________
None
Epoch 1/30
  1/126 [..............................] - ETA: 50:35 - loss: 3.9427 - accuracy: 0.4453  2/126 [..............................] - ETA: 18:50 - loss: 3.8797 - accuracy: 0.5078  3/126 [..............................] - ETA: 18:44 - loss: 3.8504 - accuracy: 0.5104  4/126 [..............................] - ETA: 18:14 - loss: 3.8135 - accuracy: 0.5273  5/126 [>.............................] - ETA: 18:09 - loss: 3.7716 - accuracy: 0.5500  6/126 [>.............................] - ETA: 18:02 - loss: 3.7345 - accuracy: 0.5612  7/126 [>.............................] - ETA: 17:55 - loss: 3.7010 - accuracy: 0.5603  8/126 [>.............................] - ETA: 17:44 - loss: 3.6686 - accuracy: 0.5742  9/126 [=>............................] - ETA: 17:38 - loss: 3.6257 - accuracy: 0.5903 10/126 [=>............................] - ETA: 17:36 - loss: 3.5885 - accuracy: 0.5945 11/126 [=>............................] - ETA: 17:27 - loss: 3.5467 - accuracy: 0.6087 12/126 [=>............................] - ETA: 17:22 - loss: 3.5083 - accuracy: 0.6211 13/126 [==>...........................] - ETA: 17:14 - loss: 3.4655 - accuracy: 0.6340 14/126 [==>...........................] - ETA: 17:08 - loss: 3.4275 - accuracy: 0.6462 15/126 [==>...........................] - ETA: 16:59 - loss: 3.3881 - accuracy: 0.6552 16/126 [==>...........................] - ETA: 16:51 - loss: 3.3435 - accuracy: 0.6685 17/126 [===>..........................] - ETA: 16:42 - loss: 3.3033 - accuracy: 0.6783 18/126 [===>..........................] - ETA: 16:30 - loss: 3.2663 - accuracy: 0.6875 19/126 [===>..........................] - ETA: 16:23 - loss: 3.2310 - accuracy: 0.6949 20/126 [===>..........................] - ETA: 16:15 - loss: 3.1940 - accuracy: 0.7031 21/126 [====>.........................] - ETA: 16:04 - loss: 3.1550 - accuracy: 0.7121 22/126 [====>.........................] - ETA: 15:55 - loss: 3.1181 - accuracy: 0.7191 23/126 [====>.........................] - ETA: 15:46 - loss: 3.0869 - accuracy: 0.7238 24/126 [====>.........................] - ETA: 15:37 - loss: 3.0553 - accuracy: 0.7282 25/126 [====>.........................] - ETA: 15:27 - loss: 3.0243 - accuracy: 0.7334 26/126 [=====>........................] - ETA: 15:20 - loss: 2.9891 - accuracy: 0.7401 27/126 [=====>........................] - ETA: 15:10 - loss: 2.9557 - accuracy: 0.7448 28/126 [=====>........................] - ETA: 15:00 - loss: 2.9247 - accuracy: 0.7489 29/126 [=====>........................] - ETA: 14:52 - loss: 2.8947 - accuracy: 0.7532 30/126 [======>.......................] - ETA: 14:42 - loss: 2.8652 - accuracy: 0.7565 31/126 [======>.......................] - ETA: 14:24 - loss: 2.8407 - accuracy: 0.7609 32/126 [======>.......................] - ETA: 14:14 - loss: 2.8112 - accuracy: 0.7645 33/126 [======>.......................] - ETA: 14:05 - loss: 2.7812 - accuracy: 0.7672 34/126 [=======>......................] - ETA: 13:56 - loss: 2.7530 - accuracy: 0.7713 35/126 [=======>......................] - ETA: 13:45 - loss: 2.7269 - accuracy: 0.7752 36/126 [=======>......................] - ETA: 13:36 - loss: 2.6965 - accuracy: 0.7800 37/126 [=======>......................] - ETA: 13:28 - loss: 2.6706 - accuracy: 0.7813 38/126 [========>.....................] - ETA: 13:20 - loss: 2.6423 - accuracy: 0.7856 39/126 [========>.....................] - ETA: 13:11 - loss: 2.6132 - accuracy: 0.7893 40/126 [========>.....................] - ETA: 13:02 - loss: 2.5850 - accuracy: 0.7925 41/126 [========>.....................] - ETA: 12:54 - loss: 2.5574 - accuracy: 0.7960 42/126 [=========>....................] - ETA: 12:45 - loss: 2.5314 - accuracy: 0.7979 43/126 [=========>....................] - ETA: 12:37 - loss: 2.5061 - accuracy: 0.7999 44/126 [=========>....................] - ETA: 12:28 - loss: 2.4821 - accuracy: 0.8016 45/126 [=========>....................] - ETA: 12:19 - loss: 2.4598 - accuracy: 0.8042 46/126 [=========>....................] - ETA: 12:10 - loss: 2.4344 - accuracy: 0.8066 47/126 [==========>...................] - ETA: 12:01 - loss: 2.4096 - accuracy: 0.8085 48/126 [==========>...................] - ETA: 11:51 - loss: 2.3879 - accuracy: 0.8104 49/126 [==========>...................] - ETA: 11:42 - loss: 2.3650 - accuracy: 0.8117 50/126 [==========>...................] - ETA: 11:34 - loss: 2.3404 - accuracy: 0.8146 51/126 [===========>..................] - ETA: 11:24 - loss: 2.3193 - accuracy: 0.8161 52/126 [===========>..................] - ETA: 11:15 - loss: 2.2973 - accuracy: 0.8181 53/126 [===========>..................] - ETA: 11:05 - loss: 2.2753 - accuracy: 0.8192 54/126 [===========>..................] - ETA: 10:56 - loss: 2.2535 - accuracy: 0.8207 55/126 [============>.................] - ETA: 10:46 - loss: 2.2312 - accuracy: 0.8224 56/126 [============>.................] - ETA: 10:37 - loss: 2.2111 - accuracy: 0.8236 57/126 [============>.................] - ETA: 10:27 - loss: 2.1896 - accuracy: 0.8251 58/126 [============>.................] - ETA: 10:18 - loss: 2.1691 - accuracy: 0.8263 59/126 [=============>................] - ETA: 10:09 - loss: 2.1505 - accuracy: 0.8272 60/126 [=============>................] - ETA: 10:00 - loss: 2.1296 - accuracy: 0.8297 61/126 [=============>................] - ETA: 9:51 - loss: 2.1094 - accuracy: 0.8312  62/126 [=============>................] - ETA: 9:41 - loss: 2.0910 - accuracy: 0.8320 63/126 [==============>...............] - ETA: 9:32 - loss: 2.0713 - accuracy: 0.8340 64/126 [==============>...............] - ETA: 9:22 - loss: 2.0524 - accuracy: 0.8355 65/126 [==============>...............] - ETA: 9:13 - loss: 2.0353 - accuracy: 0.8366 66/126 [==============>...............] - ETA: 9:05 - loss: 2.0183 - accuracy: 0.8376 67/126 [==============>...............] - ETA: 8:55 - loss: 2.0007 - accuracy: 0.8385 68/126 [===============>..............] - ETA: 8:46 - loss: 1.9858 - accuracy: 0.8391 69/126 [===============>..............] - ETA: 8:37 - loss: 1.9700 - accuracy: 0.8395 70/126 [===============>..............] - ETA: 8:28 - loss: 1.9529 - accuracy: 0.8405 71/126 [===============>..............] - ETA: 8:19 - loss: 1.9365 - accuracy: 0.8414 72/126 [================>.............] - ETA: 8:10 - loss: 1.9217 - accuracy: 0.8415 73/126 [================>.............] - ETA: 8:00 - loss: 1.9058 - accuracy: 0.8424 74/126 [================>.............] - ETA: 7:51 - loss: 1.8914 - accuracy: 0.8432 75/126 [================>.............] - ETA: 7:42 - loss: 1.8761 - accuracy: 0.8440 76/126 [=================>............] - ETA: 7:33 - loss: 1.8617 - accuracy: 0.8449 77/126 [=================>............] - ETA: 7:24 - loss: 1.8473 - accuracy: 0.8457 78/126 [=================>............] - ETA: 7:15 - loss: 1.8333 - accuracy: 0.8459 79/126 [=================>............] - ETA: 7:05 - loss: 1.8192 - accuracy: 0.8459 80/126 [==================>...........] - ETA: 6:56 - loss: 1.8058 - accuracy: 0.8460 81/126 [==================>...........] - ETA: 6:47 - loss: 1.7924 - accuracy: 0.8467 82/126 [==================>...........] - ETA: 6:37 - loss: 1.7785 - accuracy: 0.8474 83/126 [==================>...........] - ETA: 6:29 - loss: 1.7645 - accuracy: 0.8478 84/126 [===================>..........] - ETA: 6:20 - loss: 1.7513 - accuracy: 0.8485 85/126 [===================>..........] - ETA: 6:10 - loss: 1.7386 - accuracy: 0.8490 86/126 [===================>..........] - ETA: 6:01 - loss: 1.7254 - accuracy: 0.8498 87/126 [===================>..........] - ETA: 5:52 - loss: 1.7129 - accuracy: 0.8505 88/126 [===================>..........] - ETA: 5:43 - loss: 1.7001 - accuracy: 0.8512 89/126 [====================>.........] - ETA: 5:34 - loss: 1.6872 - accuracy: 0.8521 90/126 [====================>.........] - ETA: 5:25 - loss: 1.6742 - accuracy: 0.8533 91/126 [====================>.........] - ETA: 5:16 - loss: 1.6622 - accuracy: 0.8539 92/126 [====================>.........] - ETA: 5:07 - loss: 1.6504 - accuracy: 0.8543 93/126 [=====================>........] - ETA: 4:58 - loss: 1.6384 - accuracy: 0.8552 94/126 [=====================>........] - ETA: 4:49 - loss: 1.6278 - accuracy: 0.8554 95/126 [=====================>........] - ETA: 4:40 - loss: 1.6157 - accuracy: 0.8562 96/126 [=====================>........] - ETA: 4:31 - loss: 1.6040 - accuracy: 0.8568 97/126 [======================>.......] - ETA: 4:22 - loss: 1.5926 - accuracy: 0.8577 98/126 [======================>.......] - ETA: 4:13 - loss: 1.5810 - accuracy: 0.8587 99/126 [======================>.......] - ETA: 4:04 - loss: 1.5708 - accuracy: 0.8591100/126 [======================>.......] - ETA: 3:55 - loss: 1.5611 - accuracy: 0.8598101/126 [=======================>......] - ETA: 3:46 - loss: 1.5512 - accuracy: 0.8600102/126 [=======================>......] - ETA: 3:37 - loss: 1.5408 - accuracy: 0.8609103/126 [=======================>......] - ETA: 3:28 - loss: 1.5312 - accuracy: 0.8613104/126 [=======================>......] - ETA: 3:19 - loss: 1.5215 - accuracy: 0.8616105/126 [========================>.....] - ETA: 3:10 - loss: 1.5120 - accuracy: 0.8619106/126 [========================>.....] - ETA: 3:01 - loss: 1.5026 - accuracy: 0.8624107/126 [========================>.....] - ETA: 2:52 - loss: 1.4933 - accuracy: 0.8628108/126 [========================>.....] - ETA: 2:43 - loss: 1.4849 - accuracy: 0.8630109/126 [========================>.....] - ETA: 2:34 - loss: 1.4755 - accuracy: 0.8631110/126 [=========================>....] - ETA: 2:24 - loss: 1.4664 - accuracy: 0.8638111/126 [=========================>....] - ETA: 2:15 - loss: 1.4578 - accuracy: 0.8638112/126 [=========================>....] - ETA: 2:06 - loss: 1.4490 - accuracy: 0.8643113/126 [=========================>....] - ETA: 1:57 - loss: 1.4397 - accuracy: 0.8649114/126 [==========================>...] - ETA: 1:48 - loss: 1.4312 - accuracy: 0.8653115/126 [==========================>...] - ETA: 1:39 - loss: 1.4225 - accuracy: 0.8657116/126 [==========================>...] - ETA: 1:30 - loss: 1.4137 - accuracy: 0.8663117/126 [==========================>...] - ETA: 1:21 - loss: 1.4053 - accuracy: 0.8666118/126 [===========================>..] - ETA: 1:12 - loss: 1.3966 - accuracy: 0.8671119/126 [===========================>..] - ETA: 1:03 - loss: 1.3883 - accuracy: 0.8674120/126 [===========================>..] - ETA: 54s - loss: 1.3799 - accuracy: 0.8681 121/126 [===========================>..] - ETA: 45s - loss: 1.3722 - accuracy: 0.8683122/126 [============================>.] - ETA: 36s - loss: 1.3641 - accuracy: 0.8689123/126 [============================>.] - ETA: 27s - loss: 1.3556 - accuracy: 0.8696124/126 [============================>.] - ETA: 18s - loss: 1.3481 - accuracy: 0.8700125/126 [============================>.] - ETA: 9s - loss: 1.3407 - accuracy: 0.8702 126/126 [==============================] - ETA: 0s - loss: 1.3327 - accuracy: 0.8707
Epoch 00001: val_loss improved from inf to 0.97371, saving model to Effi_checkpoint_best_0.9737.h5
126/126 [==============================] - 1213s 10s/step - loss: 1.3327 - accuracy: 0.8707 - val_loss: 0.9737 - val_accuracy: 0.4019
Epoch 2/30
  1/126 [..............................] - ETA: 23:17 - loss: 0.3542 - accuracy: 0.9297  2/126 [..............................] - ETA: 19:13 - loss: 0.3984 - accuracy: 0.9062  3/126 [..............................] - ETA: 18:56 - loss: 0.4294 - accuracy: 0.9089  4/126 [..............................] - ETA: 18:41 - loss: 0.4126 - accuracy: 0.9141  5/126 [>.............................] - ETA: 18:19 - loss: 0.3995 - accuracy: 0.9141  6/126 [>.............................] - ETA: 18:09 - loss: 0.3899 - accuracy: 0.9193  7/126 [>.............................] - ETA: 18:03 - loss: 0.3867 - accuracy: 0.9185  8/126 [>.............................] - ETA: 17:50 - loss: 0.3749 - accuracy: 0.9238  9/126 [=>............................] - ETA: 17:39 - loss: 0.3683 - accuracy: 0.9280 10/126 [=>............................] - ETA: 17:32 - loss: 0.3734 - accuracy: 0.9234 11/126 [=>............................] - ETA: 17:25 - loss: 0.3673 - accuracy: 0.9226 12/126 [=>............................] - ETA: 17:19 - loss: 0.3629 - accuracy: 0.9232 13/126 [==>...........................] - ETA: 17:13 - loss: 0.3597 - accuracy: 0.9237 14/126 [==>...........................] - ETA: 17:08 - loss: 0.3569 - accuracy: 0.9247 15/126 [==>...........................] - ETA: 16:55 - loss: 0.3545 - accuracy: 0.9240 16/126 [==>...........................] - ETA: 16:43 - loss: 0.3505 - accuracy: 0.9258 17/126 [===>..........................] - ETA: 16:33 - loss: 0.3499 - accuracy: 0.9246 18/126 [===>..........................] - ETA: 16:24 - loss: 0.3481 - accuracy: 0.9240 19/126 [===>..........................] - ETA: 16:14 - loss: 0.3493 - accuracy: 0.9231 20/126 [===>..........................] - ETA: 16:04 - loss: 0.3451 - accuracy: 0.9246 21/126 [====>.........................] - ETA: 15:57 - loss: 0.3435 - accuracy: 0.9256 22/126 [====>.........................] - ETA: 15:48 - loss: 0.3503 - accuracy: 0.9240 23/126 [====>.........................] - ETA: 15:40 - loss: 0.3545 - accuracy: 0.9215 24/126 [====>.........................] - ETA: 15:30 - loss: 0.3523 - accuracy: 0.9232 25/126 [====>.........................] - ETA: 15:20 - loss: 0.3503 - accuracy: 0.9234 26/126 [=====>........................] - ETA: 15:11 - loss: 0.3476 - accuracy: 0.9237 27/126 [=====>........................] - ETA: 14:49 - loss: 0.3508 - accuracy: 0.9225 28/126 [=====>........................] - ETA: 14:41 - loss: 0.3486 - accuracy: 0.9236 29/126 [=====>........................] - ETA: 14:33 - loss: 0.3485 - accuracy: 0.9238 30/126 [======>.......................] - ETA: 14:23 - loss: 0.3473 - accuracy: 0.9243 31/126 [======>.......................] - ETA: 14:14 - loss: 0.3471 - accuracy: 0.9242 32/126 [======>.......................] - ETA: 14:05 - loss: 0.3455 - accuracy: 0.9246 33/126 [======>.......................] - ETA: 13:57 - loss: 0.3439 - accuracy: 0.9250 34/126 [=======>......................] - ETA: 13:47 - loss: 0.3417 - accuracy: 0.9256 35/126 [=======>......................] - ETA: 13:38 - loss: 0.3410 - accuracy: 0.9251 36/126 [=======>......................] - ETA: 13:27 - loss: 0.3408 - accuracy: 0.9250 37/126 [=======>......................] - ETA: 13:18 - loss: 0.3393 - accuracy: 0.9247 38/126 [========>.....................] - ETA: 13:10 - loss: 0.3392 - accuracy: 0.9250 39/126 [========>.....................] - ETA: 13:01 - loss: 0.3401 - accuracy: 0.9245 40/126 [========>.....................] - ETA: 12:51 - loss: 0.3387 - accuracy: 0.9241 41/126 [========>.....................] - ETA: 12:42 - loss: 0.3369 - accuracy: 0.9240 42/126 [=========>....................] - ETA: 12:33 - loss: 0.3366 - accuracy: 0.9232 43/126 [=========>....................] - ETA: 12:24 - loss: 0.3362 - accuracy: 0.9225 44/126 [=========>....................] - ETA: 12:15 - loss: 0.3343 - accuracy: 0.9226 45/126 [=========>....................] - ETA: 12:07 - loss: 0.3327 - accuracy: 0.9230 46/126 [=========>....................] - ETA: 11:58 - loss: 0.3328 - accuracy: 0.9222 47/126 [==========>...................] - ETA: 11:49 - loss: 0.3307 - accuracy: 0.9232 48/126 [==========>...................] - ETA: 11:40 - loss: 0.3313 - accuracy: 0.9232 49/126 [==========>...................] - ETA: 11:31 - loss: 0.3300 - accuracy: 0.9232 50/126 [==========>...................] - ETA: 11:22 - loss: 0.3285 - accuracy: 0.9232 51/126 [===========>..................] - ETA: 11:13 - loss: 0.3280 - accuracy: 0.9230 52/126 [===========>..................] - ETA: 11:05 - loss: 0.3264 - accuracy: 0.9230 53/126 [===========>..................] - ETA: 10:56 - loss: 0.3253 - accuracy: 0.9234 54/126 [===========>..................] - ETA: 10:47 - loss: 0.3237 - accuracy: 0.9238 55/126 [============>.................] - ETA: 10:38 - loss: 0.3252 - accuracy: 0.9228 56/126 [============>.................] - ETA: 10:29 - loss: 0.3232 - accuracy: 0.9234 57/126 [============>.................] - ETA: 10:20 - loss: 0.3218 - accuracy: 0.9240 58/126 [============>.................] - ETA: 10:11 - loss: 0.3219 - accuracy: 0.9241 59/126 [=============>................] - ETA: 10:02 - loss: 0.3205 - accuracy: 0.9242 60/126 [=============>................] - ETA: 9:53 - loss: 0.3183 - accuracy: 0.9250  61/126 [=============>................] - ETA: 9:44 - loss: 0.3182 - accuracy: 0.9245 62/126 [=============>................] - ETA: 9:35 - loss: 0.3177 - accuracy: 0.9243 63/126 [==============>...............] - ETA: 9:26 - loss: 0.3184 - accuracy: 0.9239 64/126 [==============>...............] - ETA: 9:17 - loss: 0.3174 - accuracy: 0.9240 65/126 [==============>...............] - ETA: 9:08 - loss: 0.3161 - accuracy: 0.9241 66/126 [==============>...............] - ETA: 8:59 - loss: 0.3163 - accuracy: 0.9236 67/126 [==============>...............] - ETA: 8:50 - loss: 0.3165 - accuracy: 0.9233 68/126 [===============>..............] - ETA: 8:41 - loss: 0.3158 - accuracy: 0.9232 69/126 [===============>..............] - ETA: 8:32 - loss: 0.3148 - accuracy: 0.9233 70/126 [===============>..............] - ETA: 8:23 - loss: 0.3142 - accuracy: 0.9232 71/126 [===============>..............] - ETA: 8:14 - loss: 0.3151 - accuracy: 0.9224 72/126 [================>.............] - ETA: 8:05 - loss: 0.3143 - accuracy: 0.9227 73/126 [================>.............] - ETA: 7:56 - loss: 0.3133 - accuracy: 0.9229 74/126 [================>.............] - ETA: 7:47 - loss: 0.3122 - accuracy: 0.9232 75/126 [================>.............] - ETA: 7:38 - loss: 0.3117 - accuracy: 0.9230 76/126 [=================>............] - ETA: 7:29 - loss: 0.3108 - accuracy: 0.9233 77/126 [=================>............] - ETA: 7:20 - loss: 0.3099 - accuracy: 0.9232 78/126 [=================>............] - ETA: 7:10 - loss: 0.3091 - accuracy: 0.9230 79/126 [=================>............] - ETA: 7:02 - loss: 0.3079 - accuracy: 0.9232 80/126 [==================>...........] - ETA: 6:53 - loss: 0.3071 - accuracy: 0.9233 81/126 [==================>...........] - ETA: 6:44 - loss: 0.3055 - accuracy: 0.9237 82/126 [==================>...........] - ETA: 6:35 - loss: 0.3050 - accuracy: 0.9239 83/126 [==================>...........] - ETA: 6:26 - loss: 0.3038 - accuracy: 0.9239 84/126 [===================>..........] - ETA: 6:17 - loss: 0.3028 - accuracy: 0.9239 85/126 [===================>..........] - ETA: 6:08 - loss: 0.3021 - accuracy: 0.9240 86/126 [===================>..........] - ETA: 5:59 - loss: 0.3017 - accuracy: 0.9240 87/126 [===================>..........] - ETA: 5:50 - loss: 0.3010 - accuracy: 0.9244 88/126 [===================>..........] - ETA: 5:41 - loss: 0.2998 - accuracy: 0.9246 89/126 [====================>.........] - ETA: 5:32 - loss: 0.2995 - accuracy: 0.9246 90/126 [====================>.........] - ETA: 5:23 - loss: 0.2987 - accuracy: 0.9245 91/126 [====================>.........] - ETA: 5:14 - loss: 0.2980 - accuracy: 0.9245 92/126 [====================>.........] - ETA: 5:05 - loss: 0.2972 - accuracy: 0.9246 93/126 [=====================>........] - ETA: 4:56 - loss: 0.2970 - accuracy: 0.9248 94/126 [=====================>........] - ETA: 4:47 - loss: 0.2973 - accuracy: 0.9247 95/126 [=====================>........] - ETA: 4:38 - loss: 0.2964 - accuracy: 0.9246 96/126 [=====================>........] - ETA: 4:29 - loss: 0.2955 - accuracy: 0.9248 97/126 [======================>.......] - ETA: 4:20 - loss: 0.2955 - accuracy: 0.9246 98/126 [======================>.......] - ETA: 4:11 - loss: 0.2955 - accuracy: 0.9247 99/126 [======================>.......] - ETA: 4:02 - loss: 0.2951 - accuracy: 0.9249100/126 [======================>.......] - ETA: 3:53 - loss: 0.2942 - accuracy: 0.9252101/126 [=======================>......] - ETA: 3:44 - loss: 0.2935 - accuracy: 0.9253102/126 [=======================>......] - ETA: 3:35 - loss: 0.2932 - accuracy: 0.9251103/126 [=======================>......] - ETA: 3:26 - loss: 0.2927 - accuracy: 0.9250104/126 [=======================>......] - ETA: 3:17 - loss: 0.2922 - accuracy: 0.9253105/126 [========================>.....] - ETA: 3:08 - loss: 0.2920 - accuracy: 0.9250106/126 [========================>.....] - ETA: 2:59 - loss: 0.2919 - accuracy: 0.9248107/126 [========================>.....] - ETA: 2:50 - loss: 0.2911 - accuracy: 0.9247108/126 [========================>.....] - ETA: 2:41 - loss: 0.2901 - accuracy: 0.9252109/126 [========================>.....] - ETA: 2:32 - loss: 0.2890 - accuracy: 0.9254110/126 [=========================>....] - ETA: 2:23 - loss: 0.2880 - accuracy: 0.9257111/126 [=========================>....] - ETA: 2:14 - loss: 0.2885 - accuracy: 0.9253112/126 [=========================>....] - ETA: 2:05 - loss: 0.2879 - accuracy: 0.9254113/126 [=========================>....] - ETA: 1:56 - loss: 0.2882 - accuracy: 0.9251114/126 [==========================>...] - ETA: 1:47 - loss: 0.2881 - accuracy: 0.9250115/126 [==========================>...] - ETA: 1:38 - loss: 0.2873 - accuracy: 0.9252116/126 [==========================>...] - ETA: 1:29 - loss: 0.2868 - accuracy: 0.9253117/126 [==========================>...] - ETA: 1:20 - loss: 0.2861 - accuracy: 0.9254118/126 [===========================>..] - ETA: 1:11 - loss: 0.2862 - accuracy: 0.9255119/126 [===========================>..] - ETA: 1:02 - loss: 0.2851 - accuracy: 0.9257120/126 [===========================>..] - ETA: 53s - loss: 0.2845 - accuracy: 0.9257 121/126 [===========================>..] - ETA: 44s - loss: 0.2839 - accuracy: 0.9258122/126 [============================>.] - ETA: 35s - loss: 0.2835 - accuracy: 0.9259123/126 [============================>.] - ETA: 26s - loss: 0.2832 - accuracy: 0.9257124/126 [============================>.] - ETA: 17s - loss: 0.2827 - accuracy: 0.9257125/126 [============================>.] - ETA: 8s - loss: 0.2820 - accuracy: 0.9258 126/126 [==============================] - ETA: 0s - loss: 0.2814 - accuracy: 0.9259
Epoch 00002: val_loss improved from 0.97371 to 0.71034, saving model to Effi_checkpoint_best_0.7103.h5
126/126 [==============================] - 1178s 9s/step - loss: 0.2814 - accuracy: 0.9259 - val_loss: 0.7103 - val_accuracy: 0.5981
Epoch 3/30
  1/126 [..............................] - ETA: 20:41 - loss: 0.1828 - accuracy: 0.9609  2/126 [..............................] - ETA: 18:18 - loss: 0.2083 - accuracy: 0.9375  3/126 [..............................] - ETA: 18:05 - loss: 0.2347 - accuracy: 0.9323  4/126 [..............................] - ETA: 17:42 - loss: 0.2283 - accuracy: 0.9316  5/126 [>.............................] - ETA: 17:26 - loss: 0.2375 - accuracy: 0.9266  6/126 [>.............................] - ETA: 17:27 - loss: 0.2340 - accuracy: 0.9258  7/126 [>.............................] - ETA: 17:25 - loss: 0.2193 - accuracy: 0.9342  8/126 [>.............................] - ETA: 17:25 - loss: 0.2154 - accuracy: 0.9336  9/126 [=>............................] - ETA: 17:25 - loss: 0.2089 - accuracy: 0.9340 10/126 [=>............................] - ETA: 17:18 - loss: 0.2037 - accuracy: 0.9344 11/126 [=>............................] - ETA: 17:11 - loss: 0.2147 - accuracy: 0.9339 12/126 [=>............................] - ETA: 17:00 - loss: 0.2142 - accuracy: 0.9362 13/126 [==>...........................] - ETA: 16:50 - loss: 0.2144 - accuracy: 0.9351 14/126 [==>...........................] - ETA: 16:44 - loss: 0.2122 - accuracy: 0.9353 15/126 [==>...........................] - ETA: 16:34 - loss: 0.2095 - accuracy: 0.9354 16/126 [==>...........................] - ETA: 16:27 - loss: 0.2114 - accuracy: 0.9351 17/126 [===>..........................] - ETA: 16:19 - loss: 0.2109 - accuracy: 0.9347 18/126 [===>..........................] - ETA: 16:10 - loss: 0.2113 - accuracy: 0.9336 19/126 [===>..........................] - ETA: 15:59 - loss: 0.2107 - accuracy: 0.9330 20/126 [===>..........................] - ETA: 15:50 - loss: 0.2104 - accuracy: 0.9328 21/126 [====>.........................] - ETA: 15:42 - loss: 0.2119 - accuracy: 0.9308 22/126 [====>.........................] - ETA: 15:33 - loss: 0.2144 - accuracy: 0.9293 23/126 [====>.........................] - ETA: 15:27 - loss: 0.2142 - accuracy: 0.9297 24/126 [====>.........................] - ETA: 15:18 - loss: 0.2150 - accuracy: 0.9297 25/126 [====>.........................] - ETA: 15:09 - loss: 0.2123 - accuracy: 0.9312 26/126 [=====>........................] - ETA: 14:59 - loss: 0.2115 - accuracy: 0.9309 27/126 [=====>........................] - ETA: 14:51 - loss: 0.2095 - accuracy: 0.9323 28/126 [=====>........................] - ETA: 14:44 - loss: 0.2084 - accuracy: 0.9330 29/126 [=====>........................] - ETA: 14:35 - loss: 0.2126 - accuracy: 0.9321 30/126 [======>.......................] - ETA: 14:27 - loss: 0.2112 - accuracy: 0.9320 31/126 [======>.......................] - ETA: 14:19 - loss: 0.2097 - accuracy: 0.9327 32/126 [======>.......................] - ETA: 14:11 - loss: 0.2081 - accuracy: 0.9331 33/126 [======>.......................] - ETA: 14:03 - loss: 0.2087 - accuracy: 0.9325 34/126 [=======>......................] - ETA: 13:45 - loss: 0.2074 - accuracy: 0.9333 35/126 [=======>......................] - ETA: 13:36 - loss: 0.2044 - accuracy: 0.9347 36/126 [=======>......................] - ETA: 13:27 - loss: 0.2045 - accuracy: 0.9344 37/126 [=======>......................] - ETA: 13:19 - loss: 0.2052 - accuracy: 0.9343 38/126 [========>.....................] - ETA: 13:10 - loss: 0.2060 - accuracy: 0.9333 39/126 [========>.....................] - ETA: 13:01 - loss: 0.2051 - accuracy: 0.9340 40/126 [========>.....................] - ETA: 12:52 - loss: 0.2044 - accuracy: 0.9343 41/126 [========>.....................] - ETA: 12:44 - loss: 0.2022 - accuracy: 0.9353 42/126 [=========>....................] - ETA: 12:35 - loss: 0.2002 - accuracy: 0.9361 43/126 [=========>....................] - ETA: 12:27 - loss: 0.2006 - accuracy: 0.9354 44/126 [=========>....................] - ETA: 12:19 - loss: 0.2012 - accuracy: 0.9351 45/126 [=========>....................] - ETA: 12:10 - loss: 0.2018 - accuracy: 0.9354 46/126 [=========>....................] - ETA: 12:01 - loss: 0.2036 - accuracy: 0.9344 47/126 [==========>...................] - ETA: 11:53 - loss: 0.2034 - accuracy: 0.9339 48/126 [==========>...................] - ETA: 11:44 - loss: 0.2040 - accuracy: 0.9332 49/126 [==========>...................] - ETA: 11:35 - loss: 0.2040 - accuracy: 0.9323 50/126 [==========>...................] - ETA: 11:26 - loss: 0.2054 - accuracy: 0.9315 51/126 [===========>..................] - ETA: 11:17 - loss: 0.2055 - accuracy: 0.9310 52/126 [===========>..................] - ETA: 11:09 - loss: 0.2056 - accuracy: 0.9310 53/126 [===========>..................] - ETA: 11:00 - loss: 0.2052 - accuracy: 0.9312 54/126 [===========>..................] - ETA: 10:51 - loss: 0.2043 - accuracy: 0.9315 55/126 [============>.................] - ETA: 10:42 - loss: 0.2042 - accuracy: 0.9316 56/126 [============>.................] - ETA: 10:33 - loss: 0.2034 - accuracy: 0.9319 57/126 [============>.................] - ETA: 10:24 - loss: 0.2026 - accuracy: 0.9321 58/126 [============>.................] - ETA: 10:15 - loss: 0.2019 - accuracy: 0.9325 59/126 [=============>................] - ETA: 10:06 - loss: 0.2036 - accuracy: 0.9323 60/126 [=============>................] - ETA: 9:57 - loss: 0.2029 - accuracy: 0.9328  61/126 [=============>................] - ETA: 9:48 - loss: 0.2021 - accuracy: 0.9330 62/126 [=============>................] - ETA: 9:39 - loss: 0.2032 - accuracy: 0.9324 63/126 [==============>...............] - ETA: 9:30 - loss: 0.2027 - accuracy: 0.9326 64/126 [==============>...............] - ETA: 9:21 - loss: 0.2038 - accuracy: 0.9326 65/126 [==============>...............] - ETA: 9:12 - loss: 0.2043 - accuracy: 0.9326 66/126 [==============>...............] - ETA: 9:03 - loss: 0.2033 - accuracy: 0.9330 67/126 [==============>...............] - ETA: 8:54 - loss: 0.2039 - accuracy: 0.9327 68/126 [===============>..............] - ETA: 8:45 - loss: 0.2035 - accuracy: 0.9326 69/126 [===============>..............] - ETA: 8:36 - loss: 0.2026 - accuracy: 0.9330 70/126 [===============>..............] - ETA: 8:27 - loss: 0.2023 - accuracy: 0.9334 71/126 [===============>..............] - ETA: 8:18 - loss: 0.2033 - accuracy: 0.9331 72/126 [================>.............] - ETA: 8:09 - loss: 0.2026 - accuracy: 0.9334 73/126 [================>.............] - ETA: 8:00 - loss: 0.2023 - accuracy: 0.9338 74/126 [================>.............] - ETA: 7:51 - loss: 0.2014 - accuracy: 0.9342 75/126 [================>.............] - ETA: 7:42 - loss: 0.2015 - accuracy: 0.9341 76/126 [=================>............] - ETA: 7:34 - loss: 0.2008 - accuracy: 0.9345 77/126 [=================>............] - ETA: 7:25 - loss: 0.1996 - accuracy: 0.9349 78/126 [=================>............] - ETA: 7:16 - loss: 0.2003 - accuracy: 0.9348 79/126 [=================>............] - ETA: 7:07 - loss: 0.2003 - accuracy: 0.9345 80/126 [==================>...........] - ETA: 6:58 - loss: 0.2000 - accuracy: 0.9343 81/126 [==================>...........] - ETA: 6:49 - loss: 0.2000 - accuracy: 0.9344 82/126 [==================>...........] - ETA: 6:40 - loss: 0.1990 - accuracy: 0.9348 83/126 [==================>...........] - ETA: 6:31 - loss: 0.1994 - accuracy: 0.9350 84/126 [===================>..........] - ETA: 6:22 - loss: 0.1989 - accuracy: 0.9353 85/126 [===================>..........] - ETA: 6:12 - loss: 0.1993 - accuracy: 0.9350 86/126 [===================>..........] - ETA: 6:03 - loss: 0.1989 - accuracy: 0.9353 87/126 [===================>..........] - ETA: 5:53 - loss: 0.1987 - accuracy: 0.9353 88/126 [===================>..........] - ETA: 5:44 - loss: 0.1986 - accuracy: 0.9354 89/126 [====================>.........] - ETA: 5:34 - loss: 0.1991 - accuracy: 0.9349 90/126 [====================>.........] - ETA: 5:25 - loss: 0.1997 - accuracy: 0.9349 91/126 [====================>.........] - ETA: 5:15 - loss: 0.2002 - accuracy: 0.9346 92/126 [====================>.........] - ETA: 5:06 - loss: 0.2007 - accuracy: 0.9344 93/126 [=====================>........] - ETA: 4:56 - loss: 0.2004 - accuracy: 0.9344 94/126 [=====================>........] - ETA: 4:47 - loss: 0.2001 - accuracy: 0.9345 95/126 [=====================>........] - ETA: 4:37 - loss: 0.2003 - accuracy: 0.9347 96/126 [=====================>........] - ETA: 4:28 - loss: 0.2004 - accuracy: 0.9344 97/126 [======================>.......] - ETA: 4:19 - loss: 0.2006 - accuracy: 0.9342 98/126 [======================>.......] - ETA: 4:10 - loss: 0.2005 - accuracy: 0.9341 99/126 [======================>.......] - ETA: 4:00 - loss: 0.2003 - accuracy: 0.9342100/126 [======================>.......] - ETA: 3:51 - loss: 0.2003 - accuracy: 0.9344101/126 [=======================>......] - ETA: 3:42 - loss: 0.2009 - accuracy: 0.9343102/126 [=======================>......] - ETA: 3:33 - loss: 0.2004 - accuracy: 0.9345103/126 [=======================>......] - ETA: 3:24 - loss: 0.2005 - accuracy: 0.9343104/126 [=======================>......] - ETA: 3:14 - loss: 0.2007 - accuracy: 0.9345105/126 [========================>.....] - ETA: 3:05 - loss: 0.2012 - accuracy: 0.9343106/126 [========================>.....] - ETA: 2:56 - loss: 0.2006 - accuracy: 0.9347107/126 [========================>.....] - ETA: 2:47 - loss: 0.2008 - accuracy: 0.9344108/126 [========================>.....] - ETA: 2:38 - loss: 0.2005 - accuracy: 0.9345109/126 [========================>.....] - ETA: 2:29 - loss: 0.2011 - accuracy: 0.9343110/126 [=========================>....] - ETA: 2:21 - loss: 0.2013 - accuracy: 0.9343111/126 [=========================>....] - ETA: 2:12 - loss: 0.2014 - accuracy: 0.9344112/126 [=========================>....] - ETA: 2:03 - loss: 0.2015 - accuracy: 0.9342113/126 [=========================>....] - ETA: 1:54 - loss: 0.2016 - accuracy: 0.9342114/126 [==========================>...] - ETA: 1:45 - loss: 0.2013 - accuracy: 0.9344115/126 [==========================>...] - ETA: 1:36 - loss: 0.2013 - accuracy: 0.9344116/126 [==========================>...] - ETA: 1:27 - loss: 0.2009 - accuracy: 0.9346117/126 [==========================>...] - ETA: 1:19 - loss: 0.2013 - accuracy: 0.9343118/126 [===========================>..] - ETA: 1:10 - loss: 0.2016 - accuracy: 0.9342119/126 [===========================>..] - ETA: 1:01 - loss: 0.2017 - accuracy: 0.9341120/126 [===========================>..] - ETA: 52s - loss: 0.2014 - accuracy: 0.9343 121/126 [===========================>..] - ETA: 43s - loss: 0.2013 - accuracy: 0.9341122/126 [============================>.] - ETA: 35s - loss: 0.2010 - accuracy: 0.9343123/126 [============================>.] - ETA: 26s - loss: 0.2013 - accuracy: 0.9342124/126 [============================>.] - ETA: 17s - loss: 0.2010 - accuracy: 0.9342125/126 [============================>.] - ETA: 8s - loss: 0.2007 - accuracy: 0.9344 126/126 [==============================] - ETA: 0s - loss: 0.2002 - accuracy: 0.9346
Epoch 00003: val_loss did not improve from 0.71034
126/126 [==============================] - 1152s 9s/step - loss: 0.2002 - accuracy: 0.9346 - val_loss: 0.8850 - val_accuracy: 0.4019
Epoch 4/30
  1/126 [..............................] - ETA: 20:12 - loss: 0.1339 - accuracy: 0.9609  2/126 [..............................] - ETA: 17:26 - loss: 0.1379 - accuracy: 0.9570  3/126 [..............................] - ETA: 17:25 - loss: 0.1467 - accuracy: 0.9505  4/126 [..............................] - ETA: 17:15 - loss: 0.1492 - accuracy: 0.9492  5/126 [>.............................] - ETA: 17:03 - loss: 0.1594 - accuracy: 0.9422  6/126 [>.............................] - ETA: 17:00 - loss: 0.1764 - accuracy: 0.9375  7/126 [>.............................] - ETA: 16:51 - loss: 0.1798 - accuracy: 0.9364  8/126 [>.............................] - ETA: 16:38 - loss: 0.1797 - accuracy: 0.9385  9/126 [=>............................] - ETA: 16:28 - loss: 0.1803 - accuracy: 0.9410 10/126 [=>............................] - ETA: 16:17 - loss: 0.1783 - accuracy: 0.9422 11/126 [=>............................] - ETA: 16:09 - loss: 0.1785 - accuracy: 0.9432 12/126 [=>............................] - ETA: 16:04 - loss: 0.1738 - accuracy: 0.9447 13/126 [==>...........................] - ETA: 15:54 - loss: 0.1730 - accuracy: 0.9447 14/126 [==>...........................] - ETA: 15:45 - loss: 0.1731 - accuracy: 0.9442 15/126 [==>...........................] - ETA: 15:37 - loss: 0.1748 - accuracy: 0.9443 16/126 [==>...........................] - ETA: 15:28 - loss: 0.1756 - accuracy: 0.9443 17/126 [===>..........................] - ETA: 15:22 - loss: 0.1779 - accuracy: 0.9435 18/126 [===>..........................] - ETA: 15:15 - loss: 0.1834 - accuracy: 0.9414 19/126 [===>..........................] - ETA: 15:07 - loss: 0.1826 - accuracy: 0.9420 20/126 [===>..........................] - ETA: 14:58 - loss: 0.1844 - accuracy: 0.9418 21/126 [====>.........................] - ETA: 14:53 - loss: 0.1819 - accuracy: 0.9423 22/126 [====>.........................] - ETA: 14:43 - loss: 0.1803 - accuracy: 0.9418 23/126 [====>.........................] - ETA: 14:34 - loss: 0.1831 - accuracy: 0.9409 24/126 [====>.........................] - ETA: 14:26 - loss: 0.1810 - accuracy: 0.9421 25/126 [====>.........................] - ETA: 14:17 - loss: 0.1794 - accuracy: 0.9428 26/126 [=====>........................] - ETA: 14:09 - loss: 0.1783 - accuracy: 0.9432 27/126 [=====>........................] - ETA: 14:00 - loss: 0.1778 - accuracy: 0.9439 28/126 [=====>........................] - ETA: 13:50 - loss: 0.1778 - accuracy: 0.9431 29/126 [=====>........................] - ETA: 13:42 - loss: 0.1778 - accuracy: 0.9413 30/126 [======>.......................] - ETA: 13:34 - loss: 0.1756 - accuracy: 0.9417 31/126 [======>.......................] - ETA: 13:26 - loss: 0.1751 - accuracy: 0.9415 32/126 [======>.......................] - ETA: 13:17 - loss: 0.1769 - accuracy: 0.9414 33/126 [======>.......................] - ETA: 13:08 - loss: 0.1760 - accuracy: 0.9415 34/126 [=======>......................] - ETA: 13:00 - loss: 0.1770 - accuracy: 0.9416 35/126 [=======>......................] - ETA: 12:51 - loss: 0.1753 - accuracy: 0.9422 36/126 [=======>......................] - ETA: 12:43 - loss: 0.1755 - accuracy: 0.9414 37/126 [=======>......................] - ETA: 12:34 - loss: 0.1745 - accuracy: 0.9413 38/126 [========>.....................] - ETA: 12:19 - loss: 0.1752 - accuracy: 0.9410 39/126 [========>.....................] - ETA: 12:11 - loss: 0.1748 - accuracy: 0.9413 40/126 [========>.....................] - ETA: 12:03 - loss: 0.1749 - accuracy: 0.9410 41/126 [========>.....................] - ETA: 11:56 - loss: 0.1752 - accuracy: 0.9411 42/126 [=========>....................] - ETA: 11:48 - loss: 0.1743 - accuracy: 0.9416 43/126 [=========>....................] - ETA: 11:39 - loss: 0.1740 - accuracy: 0.9420 44/126 [=========>....................] - ETA: 11:31 - loss: 0.1729 - accuracy: 0.9425 45/126 [=========>....................] - ETA: 11:23 - loss: 0.1729 - accuracy: 0.9420 46/126 [=========>....................] - ETA: 11:15 - loss: 0.1735 - accuracy: 0.9417 47/126 [==========>...................] - ETA: 11:06 - loss: 0.1735 - accuracy: 0.9418 48/126 [==========>...................] - ETA: 10:58 - loss: 0.1725 - accuracy: 0.9420 49/126 [==========>...................] - ETA: 10:50 - loss: 0.1754 - accuracy: 0.9415 50/126 [==========>...................] - ETA: 10:42 - loss: 0.1744 - accuracy: 0.9420 51/126 [===========>..................] - ETA: 10:33 - loss: 0.1741 - accuracy: 0.9421 52/126 [===========>..................] - ETA: 10:25 - loss: 0.1737 - accuracy: 0.9421 53/126 [===========>..................] - ETA: 10:17 - loss: 0.1744 - accuracy: 0.9416 54/126 [===========>..................] - ETA: 10:08 - loss: 0.1739 - accuracy: 0.9417 55/126 [============>.................] - ETA: 10:00 - loss: 0.1739 - accuracy: 0.9415 56/126 [============>.................] - ETA: 9:51 - loss: 0.1733 - accuracy: 0.9415  57/126 [============>.................] - ETA: 9:43 - loss: 0.1736 - accuracy: 0.9417 58/126 [============>.................] - ETA: 9:34 - loss: 0.1743 - accuracy: 0.9411 59/126 [=============>................] - ETA: 9:25 - loss: 0.1744 - accuracy: 0.9412 60/126 [=============>................] - ETA: 9:17 - loss: 0.1748 - accuracy: 0.9409 61/126 [=============>................] - ETA: 9:08 - loss: 0.1737 - accuracy: 0.9413 62/126 [=============>................] - ETA: 8:59 - loss: 0.1745 - accuracy: 0.9409 63/126 [==============>...............] - ETA: 8:51 - loss: 0.1741 - accuracy: 0.9408 64/126 [==============>...............] - ETA: 8:42 - loss: 0.1743 - accuracy: 0.9407 65/126 [==============>...............] - ETA: 8:33 - loss: 0.1746 - accuracy: 0.9405 66/126 [==============>...............] - ETA: 8:25 - loss: 0.1742 - accuracy: 0.9404 67/126 [==============>...............] - ETA: 8:16 - loss: 0.1754 - accuracy: 0.9399 68/126 [===============>..............] - ETA: 8:08 - loss: 0.1758 - accuracy: 0.9397 69/126 [===============>..............] - ETA: 8:00 - loss: 0.1752 - accuracy: 0.9402 70/126 [===============>..............] - ETA: 7:51 - loss: 0.1755 - accuracy: 0.9402 71/126 [===============>..............] - ETA: 7:43 - loss: 0.1758 - accuracy: 0.9400 72/126 [================>.............] - ETA: 7:34 - loss: 0.1762 - accuracy: 0.9398 73/126 [================>.............] - ETA: 7:26 - loss: 0.1758 - accuracy: 0.9401 74/126 [================>.............] - ETA: 7:18 - loss: 0.1759 - accuracy: 0.9399 75/126 [================>.............] - ETA: 7:09 - loss: 0.1757 - accuracy: 0.9400 76/126 [=================>............] - ETA: 7:01 - loss: 0.1756 - accuracy: 0.9402 77/126 [=================>............] - ETA: 6:53 - loss: 0.1753 - accuracy: 0.9402 78/126 [=================>............] - ETA: 6:44 - loss: 0.1749 - accuracy: 0.9402 79/126 [=================>............] - ETA: 6:36 - loss: 0.1743 - accuracy: 0.9404 80/126 [==================>...........] - ETA: 6:28 - loss: 0.1758 - accuracy: 0.9400 81/126 [==================>...........] - ETA: 6:19 - loss: 0.1765 - accuracy: 0.9396 82/126 [==================>...........] - ETA: 6:11 - loss: 0.1773 - accuracy: 0.9395 83/126 [==================>...........] - ETA: 6:02 - loss: 0.1769 - accuracy: 0.9398 84/126 [===================>..........] - ETA: 5:54 - loss: 0.1778 - accuracy: 0.9395 85/126 [===================>..........] - ETA: 5:45 - loss: 0.1775 - accuracy: 0.9397 86/126 [===================>..........] - ETA: 5:37 - loss: 0.1769 - accuracy: 0.9399 87/126 [===================>..........] - ETA: 5:28 - loss: 0.1764 - accuracy: 0.9400 88/126 [===================>..........] - ETA: 5:20 - loss: 0.1765 - accuracy: 0.9399 89/126 [====================>.........] - ETA: 5:12 - loss: 0.1763 - accuracy: 0.9397 90/126 [====================>.........] - ETA: 5:03 - loss: 0.1768 - accuracy: 0.9393 91/126 [====================>.........] - ETA: 4:55 - loss: 0.1766 - accuracy: 0.9395 92/126 [====================>.........] - ETA: 4:46 - loss: 0.1773 - accuracy: 0.9394 93/126 [=====================>........] - ETA: 4:38 - loss: 0.1777 - accuracy: 0.9390 94/126 [=====================>........] - ETA: 4:29 - loss: 0.1781 - accuracy: 0.9387 95/126 [=====================>........] - ETA: 4:21 - loss: 0.1779 - accuracy: 0.9386 96/126 [=====================>........] - ETA: 4:12 - loss: 0.1779 - accuracy: 0.9389 97/126 [======================>.......] - ETA: 4:04 - loss: 0.1775 - accuracy: 0.9392 98/126 [======================>.......] - ETA: 3:55 - loss: 0.1772 - accuracy: 0.9394 99/126 [======================>.......] - ETA: 3:47 - loss: 0.1773 - accuracy: 0.9392100/126 [======================>.......] - ETA: 3:39 - loss: 0.1781 - accuracy: 0.9390101/126 [=======================>......] - ETA: 3:30 - loss: 0.1777 - accuracy: 0.9391102/126 [=======================>......] - ETA: 3:22 - loss: 0.1770 - accuracy: 0.9396103/126 [=======================>......] - ETA: 3:13 - loss: 0.1776 - accuracy: 0.9393104/126 [=======================>......] - ETA: 3:05 - loss: 0.1776 - accuracy: 0.9391105/126 [========================>.....] - ETA: 2:57 - loss: 0.1770 - accuracy: 0.9395106/126 [========================>.....] - ETA: 2:48 - loss: 0.1764 - accuracy: 0.9397107/126 [========================>.....] - ETA: 2:40 - loss: 0.1765 - accuracy: 0.9395108/126 [========================>.....] - ETA: 2:31 - loss: 0.1757 - accuracy: 0.9398109/126 [========================>.....] - ETA: 2:23 - loss: 0.1760 - accuracy: 0.9394110/126 [=========================>....] - ETA: 2:14 - loss: 0.1761 - accuracy: 0.9395111/126 [=========================>....] - ETA: 2:06 - loss: 0.1763 - accuracy: 0.9395112/126 [=========================>....] - ETA: 1:58 - loss: 0.1765 - accuracy: 0.9392113/126 [=========================>....] - ETA: 1:49 - loss: 0.1765 - accuracy: 0.9391114/126 [==========================>...] - ETA: 1:41 - loss: 0.1762 - accuracy: 0.9392115/126 [==========================>...] - ETA: 1:32 - loss: 0.1760 - accuracy: 0.9393116/126 [==========================>...] - ETA: 1:24 - loss: 0.1757 - accuracy: 0.9394117/126 [==========================>...] - ETA: 1:15 - loss: 0.1752 - accuracy: 0.9398118/126 [===========================>..] - ETA: 1:07 - loss: 0.1749 - accuracy: 0.9401119/126 [===========================>..] - ETA: 59s - loss: 0.1747 - accuracy: 0.9402 120/126 [===========================>..] - ETA: 50s - loss: 0.1743 - accuracy: 0.9404121/126 [===========================>..] - ETA: 42s - loss: 0.1740 - accuracy: 0.9403122/126 [============================>.] - ETA: 33s - loss: 0.1740 - accuracy: 0.9402123/126 [============================>.] - ETA: 25s - loss: 0.1740 - accuracy: 0.9402124/126 [============================>.] - ETA: 16s - loss: 0.1743 - accuracy: 0.9400125/126 [============================>.] - ETA: 8s - loss: 0.1743 - accuracy: 0.9401 126/126 [==============================] - ETA: 0s - loss: 0.1745 - accuracy: 0.9400
Epoch 00004: val_loss did not improve from 0.71034
126/126 [==============================] - 1113s 9s/step - loss: 0.1745 - accuracy: 0.9400 - val_loss: 4.2474 - val_accuracy: 0.4019
Epoch 5/30
  1/126 [..............................] - ETA: 22:46 - loss: 0.1083 - accuracy: 0.9766  2/126 [..............................] - ETA: 17:23 - loss: 0.1395 - accuracy: 0.9570  3/126 [..............................] - ETA: 17:16 - loss: 0.1479 - accuracy: 0.9557  4/126 [..............................] - ETA: 16:48 - loss: 0.1540 - accuracy: 0.9473  5/126 [>.............................] - ETA: 16:43 - loss: 0.1562 - accuracy: 0.9484  6/126 [>.............................] - ETA: 16:44 - loss: 0.1516 - accuracy: 0.9505  7/126 [>.............................] - ETA: 16:49 - loss: 0.1485 - accuracy: 0.9509  8/126 [>.............................] - ETA: 16:44 - loss: 0.1472 - accuracy: 0.9492  9/126 [=>............................] - ETA: 16:39 - loss: 0.1434 - accuracy: 0.9523 10/126 [=>............................] - ETA: 16:30 - loss: 0.1445 - accuracy: 0.9531 11/126 [=>............................] - ETA: 16:24 - loss: 0.1417 - accuracy: 0.9538 12/126 [=>............................] - ETA: 16:15 - loss: 0.1413 - accuracy: 0.9518 13/126 [==>...........................] - ETA: 16:01 - loss: 0.1378 - accuracy: 0.9537 14/126 [==>...........................] - ETA: 15:54 - loss: 0.1365 - accuracy: 0.9531 15/126 [==>...........................] - ETA: 15:45 - loss: 0.1386 - accuracy: 0.9521 16/126 [==>...........................] - ETA: 15:39 - loss: 0.1407 - accuracy: 0.9512 17/126 [===>..........................] - ETA: 15:31 - loss: 0.1383 - accuracy: 0.9527 18/126 [===>..........................] - ETA: 15:24 - loss: 0.1399 - accuracy: 0.9518 19/126 [===>..........................] - ETA: 15:17 - loss: 0.1447 - accuracy: 0.9502 20/126 [===>..........................] - ETA: 15:08 - loss: 0.1439 - accuracy: 0.9512 21/126 [====>.........................] - ETA: 15:00 - loss: 0.1471 - accuracy: 0.9490 22/126 [====>.........................] - ETA: 14:50 - loss: 0.1485 - accuracy: 0.9471 23/126 [====>.........................] - ETA: 14:41 - loss: 0.1540 - accuracy: 0.9450 24/126 [====>.........................] - ETA: 14:33 - loss: 0.1563 - accuracy: 0.9450 25/126 [====>.........................] - ETA: 14:27 - loss: 0.1541 - accuracy: 0.9463 26/126 [=====>........................] - ETA: 14:19 - loss: 0.1556 - accuracy: 0.9459 27/126 [=====>........................] - ETA: 14:11 - loss: 0.1559 - accuracy: 0.9462 28/126 [=====>........................] - ETA: 14:01 - loss: 0.1536 - accuracy: 0.9475 29/126 [=====>........................] - ETA: 13:52 - loss: 0.1543 - accuracy: 0.9472 30/126 [======>.......................] - ETA: 13:45 - loss: 0.1551 - accuracy: 0.9474 31/126 [======>.......................] - ETA: 13:36 - loss: 0.1547 - accuracy: 0.9483 32/126 [======>.......................] - ETA: 13:27 - loss: 0.1556 - accuracy: 0.9482 33/126 [======>.......................] - ETA: 13:10 - loss: 0.1551 - accuracy: 0.9484 34/126 [=======>......................] - ETA: 13:01 - loss: 0.1554 - accuracy: 0.9481 35/126 [=======>......................] - ETA: 12:52 - loss: 0.1582 - accuracy: 0.9471 36/126 [=======>......................] - ETA: 12:43 - loss: 0.1611 - accuracy: 0.9462 37/126 [=======>......................] - ETA: 12:34 - loss: 0.1603 - accuracy: 0.9468 38/126 [========>.....................] - ETA: 12:26 - loss: 0.1612 - accuracy: 0.9461 39/126 [========>.....................] - ETA: 12:19 - loss: 0.1614 - accuracy: 0.9459 40/126 [========>.....................] - ETA: 12:11 - loss: 0.1617 - accuracy: 0.9457 41/126 [========>.....................] - ETA: 12:03 - loss: 0.1620 - accuracy: 0.9451 42/126 [=========>....................] - ETA: 11:54 - loss: 0.1615 - accuracy: 0.9457 43/126 [=========>....................] - ETA: 11:45 - loss: 0.1610 - accuracy: 0.9457 44/126 [=========>....................] - ETA: 11:36 - loss: 0.1602 - accuracy: 0.9457 45/126 [=========>....................] - ETA: 11:28 - loss: 0.1594 - accuracy: 0.9457 46/126 [=========>....................] - ETA: 11:20 - loss: 0.1596 - accuracy: 0.9457 47/126 [==========>...................] - ETA: 11:13 - loss: 0.1595 - accuracy: 0.9457 48/126 [==========>...................] - ETA: 11:05 - loss: 0.1609 - accuracy: 0.9448 49/126 [==========>...................] - ETA: 10:57 - loss: 0.1605 - accuracy: 0.9445 50/126 [==========>...................] - ETA: 10:49 - loss: 0.1604 - accuracy: 0.9444 51/126 [===========>..................] - ETA: 10:41 - loss: 0.1601 - accuracy: 0.9436 52/126 [===========>..................] - ETA: 10:33 - loss: 0.1601 - accuracy: 0.9441 53/126 [===========>..................] - ETA: 10:25 - loss: 0.1605 - accuracy: 0.9437 54/126 [===========>..................] - ETA: 10:16 - loss: 0.1615 - accuracy: 0.9437 55/126 [============>.................] - ETA: 10:08 - loss: 0.1614 - accuracy: 0.9433 56/126 [============>.................] - ETA: 10:00 - loss: 0.1618 - accuracy: 0.9429 57/126 [============>.................] - ETA: 9:52 - loss: 0.1608 - accuracy: 0.9431  58/126 [============>.................] - ETA: 9:44 - loss: 0.1603 - accuracy: 0.9432 59/126 [=============>................] - ETA: 9:36 - loss: 0.1610 - accuracy: 0.9428 60/126 [=============>................] - ETA: 9:27 - loss: 0.1610 - accuracy: 0.9427 61/126 [=============>................] - ETA: 9:19 - loss: 0.1612 - accuracy: 0.9424 62/126 [=============>................] - ETA: 9:10 - loss: 0.1601 - accuracy: 0.9429 63/126 [==============>...............] - ETA: 9:02 - loss: 0.1594 - accuracy: 0.9434 64/126 [==============>...............] - ETA: 8:53 - loss: 0.1591 - accuracy: 0.9437 65/126 [==============>...............] - ETA: 8:45 - loss: 0.1598 - accuracy: 0.9433 66/126 [==============>...............] - ETA: 8:36 - loss: 0.1594 - accuracy: 0.9433 67/126 [==============>...............] - ETA: 8:27 - loss: 0.1596 - accuracy: 0.9430 68/126 [===============>..............] - ETA: 8:19 - loss: 0.1592 - accuracy: 0.9431 69/126 [===============>..............] - ETA: 8:10 - loss: 0.1591 - accuracy: 0.9433 70/126 [===============>..............] - ETA: 8:02 - loss: 0.1605 - accuracy: 0.9425 71/126 [===============>..............] - ETA: 7:52 - loss: 0.1601 - accuracy: 0.9430 72/126 [================>.............] - ETA: 7:44 - loss: 0.1592 - accuracy: 0.9431 73/126 [================>.............] - ETA: 7:36 - loss: 0.1609 - accuracy: 0.9424 74/126 [================>.............] - ETA: 7:27 - loss: 0.1609 - accuracy: 0.9425 75/126 [================>.............] - ETA: 7:19 - loss: 0.1610 - accuracy: 0.9423 76/126 [=================>............] - ETA: 7:11 - loss: 0.1608 - accuracy: 0.9423 77/126 [=================>............] - ETA: 7:03 - loss: 0.1613 - accuracy: 0.9419 78/126 [=================>............] - ETA: 6:54 - loss: 0.1607 - accuracy: 0.9422 79/126 [=================>............] - ETA: 6:46 - loss: 0.1601 - accuracy: 0.9426 80/126 [==================>...........] - ETA: 6:37 - loss: 0.1595 - accuracy: 0.9429 81/126 [==================>...........] - ETA: 6:29 - loss: 0.1589 - accuracy: 0.9432 82/126 [==================>...........] - ETA: 6:21 - loss: 0.1588 - accuracy: 0.9433 83/126 [==================>...........] - ETA: 6:12 - loss: 0.1586 - accuracy: 0.9434 84/126 [===================>..........] - ETA: 6:03 - loss: 0.1577 - accuracy: 0.9440 85/126 [===================>..........] - ETA: 5:55 - loss: 0.1589 - accuracy: 0.9432 86/126 [===================>..........] - ETA: 5:46 - loss: 0.1588 - accuracy: 0.9434 87/126 [===================>..........] - ETA: 5:38 - loss: 0.1594 - accuracy: 0.9432 88/126 [===================>..........] - ETA: 5:29 - loss: 0.1594 - accuracy: 0.9431 89/126 [====================>.........] - ETA: 5:21 - loss: 0.1595 - accuracy: 0.9428 90/126 [====================>.........] - ETA: 5:12 - loss: 0.1599 - accuracy: 0.9426 91/126 [====================>.........] - ETA: 5:03 - loss: 0.1591 - accuracy: 0.9430 92/126 [====================>.........] - ETA: 4:54 - loss: 0.1595 - accuracy: 0.9428 93/126 [=====================>........] - ETA: 4:46 - loss: 0.1597 - accuracy: 0.9427 94/126 [=====================>........] - ETA: 4:37 - loss: 0.1593 - accuracy: 0.9429 95/126 [=====================>........] - ETA: 4:29 - loss: 0.1589 - accuracy: 0.9431 96/126 [=====================>........] - ETA: 4:20 - loss: 0.1589 - accuracy: 0.9431 97/126 [======================>.......] - ETA: 4:12 - loss: 0.1593 - accuracy: 0.9427 98/126 [======================>.......] - ETA: 4:03 - loss: 0.1593 - accuracy: 0.9427 99/126 [======================>.......] - ETA: 3:54 - loss: 0.1592 - accuracy: 0.9428100/126 [======================>.......] - ETA: 3:46 - loss: 0.1591 - accuracy: 0.9427101/126 [=======================>......] - ETA: 3:37 - loss: 0.1586 - accuracy: 0.9428102/126 [=======================>......] - ETA: 3:28 - loss: 0.1589 - accuracy: 0.9428103/126 [=======================>......] - ETA: 3:20 - loss: 0.1587 - accuracy: 0.9429104/126 [=======================>......] - ETA: 3:11 - loss: 0.1585 - accuracy: 0.9431105/126 [========================>.....] - ETA: 3:02 - loss: 0.1582 - accuracy: 0.9432106/126 [========================>.....] - ETA: 2:54 - loss: 0.1581 - accuracy: 0.9432107/126 [========================>.....] - ETA: 2:45 - loss: 0.1574 - accuracy: 0.9436108/126 [========================>.....] - ETA: 2:36 - loss: 0.1578 - accuracy: 0.9436109/126 [========================>.....] - ETA: 2:28 - loss: 0.1578 - accuracy: 0.9437110/126 [=========================>....] - ETA: 2:19 - loss: 0.1581 - accuracy: 0.9434111/126 [=========================>....] - ETA: 2:10 - loss: 0.1583 - accuracy: 0.9431112/126 [=========================>....] - ETA: 2:02 - loss: 0.1584 - accuracy: 0.9431113/126 [=========================>....] - ETA: 1:53 - loss: 0.1589 - accuracy: 0.9430114/126 [==========================>...] - ETA: 1:44 - loss: 0.1596 - accuracy: 0.9426115/126 [==========================>...] - ETA: 1:35 - loss: 0.1593 - accuracy: 0.9427116/126 [==========================>...] - ETA: 1:27 - loss: 0.1594 - accuracy: 0.9426117/126 [==========================>...] - ETA: 1:18 - loss: 0.1600 - accuracy: 0.9423118/126 [===========================>..] - ETA: 1:09 - loss: 0.1595 - accuracy: 0.9426119/126 [===========================>..] - ETA: 1:01 - loss: 0.1595 - accuracy: 0.9427120/126 [===========================>..] - ETA: 52s - loss: 0.1597 - accuracy: 0.9426 121/126 [===========================>..] - ETA: 43s - loss: 0.1598 - accuracy: 0.9425122/126 [============================>.] - ETA: 34s - loss: 0.1598 - accuracy: 0.9426123/126 [============================>.] - ETA: 26s - loss: 0.1603 - accuracy: 0.9426124/126 [============================>.] - ETA: 17s - loss: 0.1602 - accuracy: 0.9426125/126 [============================>.] - ETA: 8s - loss: 0.1604 - accuracy: 0.9425 126/126 [==============================] - ETA: 0s - loss: 0.1603 - accuracy: 0.9426
Epoch 00005: val_loss did not improve from 0.71034
126/126 [==============================] - 1150s 9s/step - loss: 0.1603 - accuracy: 0.9426 - val_loss: 0.9737 - val_accuracy: 0.4019
Epoch 6/30
  1/126 [..............................] - ETA: 23:01 - loss: 0.1116 - accuracy: 0.9766  2/126 [..............................] - ETA: 17:14 - loss: 0.1096 - accuracy: 0.9727  3/126 [..............................] - ETA: 17:41 - loss: 0.1488 - accuracy: 0.9479  4/126 [..............................] - ETA: 17:33 - loss: 0.1488 - accuracy: 0.9492  5/126 [>.............................] - ETA: 17:32 - loss: 0.1429 - accuracy: 0.9547  6/126 [>.............................] - ETA: 17:28 - loss: 0.1460 - accuracy: 0.9518  7/126 [>.............................] - ETA: 17:25 - loss: 0.1408 - accuracy: 0.9554  8/126 [>.............................] - ETA: 17:20 - loss: 0.1446 - accuracy: 0.9551  9/126 [=>............................] - ETA: 17:13 - loss: 0.1484 - accuracy: 0.9531 10/126 [=>............................] - ETA: 17:05 - loss: 0.1464 - accuracy: 0.9531 11/126 [=>............................] - ETA: 16:58 - loss: 0.1413 - accuracy: 0.9553 12/126 [=>............................] - ETA: 16:52 - loss: 0.1411 - accuracy: 0.9538 13/126 [==>...........................] - ETA: 16:45 - loss: 0.1389 - accuracy: 0.9537 14/126 [==>...........................] - ETA: 16:30 - loss: 0.1392 - accuracy: 0.9542 15/126 [==>...........................] - ETA: 16:21 - loss: 0.1414 - accuracy: 0.9521 16/126 [==>...........................] - ETA: 16:13 - loss: 0.1435 - accuracy: 0.9521 17/126 [===>..........................] - ETA: 16:07 - loss: 0.1403 - accuracy: 0.9540 18/126 [===>..........................] - ETA: 15:56 - loss: 0.1393 - accuracy: 0.9544 19/126 [===>..........................] - ETA: 15:29 - loss: 0.1382 - accuracy: 0.9541 20/126 [===>..........................] - ETA: 15:24 - loss: 0.1365 - accuracy: 0.9552 21/126 [====>.........................] - ETA: 15:17 - loss: 0.1354 - accuracy: 0.9551 22/126 [====>.........................] - ETA: 15:08 - loss: 0.1341 - accuracy: 0.9558 23/126 [====>.........................] - ETA: 15:00 - loss: 0.1416 - accuracy: 0.9532 24/126 [====>.........................] - ETA: 14:51 - loss: 0.1420 - accuracy: 0.9536 25/126 [====>.........................] - ETA: 14:43 - loss: 0.1409 - accuracy: 0.9539 26/126 [=====>........................] - ETA: 14:36 - loss: 0.1418 - accuracy: 0.9526 27/126 [=====>........................] - ETA: 14:28 - loss: 0.1413 - accuracy: 0.9532 28/126 [=====>........................] - ETA: 14:20 - loss: 0.1440 - accuracy: 0.9521 29/126 [=====>........................] - ETA: 14:11 - loss: 0.1450 - accuracy: 0.9513 30/126 [======>.......................] - ETA: 14:03 - loss: 0.1465 - accuracy: 0.9501 31/126 [======>.......................] - ETA: 13:57 - loss: 0.1468 - accuracy: 0.9496 32/126 [======>.......................] - ETA: 13:48 - loss: 0.1485 - accuracy: 0.9488 33/126 [======>.......................] - ETA: 13:39 - loss: 0.1478 - accuracy: 0.9491 34/126 [=======>......................] - ETA: 13:31 - loss: 0.1473 - accuracy: 0.9497 35/126 [=======>......................] - ETA: 13:22 - loss: 0.1485 - accuracy: 0.9489 36/126 [=======>......................] - ETA: 13:13 - loss: 0.1483 - accuracy: 0.9490 37/126 [=======>......................] - ETA: 13:04 - loss: 0.1484 - accuracy: 0.9491 38/126 [========>.....................] - ETA: 12:56 - loss: 0.1478 - accuracy: 0.9490 39/126 [========>.....................] - ETA: 12:47 - loss: 0.1477 - accuracy: 0.9494 40/126 [========>.....................] - ETA: 12:39 - loss: 0.1473 - accuracy: 0.9491 41/126 [========>.....................] - ETA: 12:30 - loss: 0.1480 - accuracy: 0.9484 42/126 [=========>....................] - ETA: 12:21 - loss: 0.1467 - accuracy: 0.9493 43/126 [=========>....................] - ETA: 12:13 - loss: 0.1461 - accuracy: 0.9495 44/126 [=========>....................] - ETA: 12:05 - loss: 0.1464 - accuracy: 0.9489 45/126 [=========>....................] - ETA: 11:56 - loss: 0.1472 - accuracy: 0.9485 46/126 [=========>....................] - ETA: 11:47 - loss: 0.1477 - accuracy: 0.9482 47/126 [==========>...................] - ETA: 11:39 - loss: 0.1472 - accuracy: 0.9487 48/126 [==========>...................] - ETA: 11:31 - loss: 0.1460 - accuracy: 0.9492 49/126 [==========>...................] - ETA: 11:22 - loss: 0.1487 - accuracy: 0.9484 50/126 [==========>...................] - ETA: 11:14 - loss: 0.1495 - accuracy: 0.9488 51/126 [===========>..................] - ETA: 11:05 - loss: 0.1486 - accuracy: 0.9493 52/126 [===========>..................] - ETA: 10:56 - loss: 0.1478 - accuracy: 0.9497 53/126 [===========>..................] - ETA: 10:48 - loss: 0.1479 - accuracy: 0.9496 54/126 [===========>..................] - ETA: 10:39 - loss: 0.1472 - accuracy: 0.9498 55/126 [============>.................] - ETA: 10:30 - loss: 0.1471 - accuracy: 0.9497 56/126 [============>.................] - ETA: 10:22 - loss: 0.1483 - accuracy: 0.9490 57/126 [============>.................] - ETA: 10:13 - loss: 0.1487 - accuracy: 0.9492 58/126 [============>.................] - ETA: 10:05 - loss: 0.1485 - accuracy: 0.9494 59/126 [=============>................] - ETA: 9:56 - loss: 0.1495 - accuracy: 0.9489  60/126 [=============>................] - ETA: 9:47 - loss: 0.1488 - accuracy: 0.9495 61/126 [=============>................] - ETA: 9:38 - loss: 0.1495 - accuracy: 0.9490 62/126 [=============>................] - ETA: 9:30 - loss: 0.1495 - accuracy: 0.9489 63/126 [==============>...............] - ETA: 9:21 - loss: 0.1503 - accuracy: 0.9487 64/126 [==============>...............] - ETA: 9:12 - loss: 0.1504 - accuracy: 0.9485 65/126 [==============>...............] - ETA: 9:04 - loss: 0.1519 - accuracy: 0.9479 66/126 [==============>...............] - ETA: 8:55 - loss: 0.1518 - accuracy: 0.9479 67/126 [==============>...............] - ETA: 8:46 - loss: 0.1513 - accuracy: 0.9479 68/126 [===============>..............] - ETA: 8:37 - loss: 0.1516 - accuracy: 0.9479 69/126 [===============>..............] - ETA: 8:28 - loss: 0.1512 - accuracy: 0.9483 70/126 [===============>..............] - ETA: 8:19 - loss: 0.1509 - accuracy: 0.9482 71/126 [===============>..............] - ETA: 8:10 - loss: 0.1503 - accuracy: 0.9485 72/126 [================>.............] - ETA: 8:01 - loss: 0.1506 - accuracy: 0.9484 73/126 [================>.............] - ETA: 7:52 - loss: 0.1513 - accuracy: 0.9481 74/126 [================>.............] - ETA: 7:43 - loss: 0.1508 - accuracy: 0.9483 75/126 [================>.............] - ETA: 7:34 - loss: 0.1503 - accuracy: 0.9489 76/126 [=================>............] - ETA: 7:25 - loss: 0.1499 - accuracy: 0.9491 77/126 [=================>............] - ETA: 7:17 - loss: 0.1494 - accuracy: 0.9495 78/126 [=================>............] - ETA: 7:08 - loss: 0.1492 - accuracy: 0.9497 79/126 [=================>............] - ETA: 6:59 - loss: 0.1492 - accuracy: 0.9497 80/126 [==================>...........] - ETA: 6:50 - loss: 0.1496 - accuracy: 0.9496 81/126 [==================>...........] - ETA: 6:41 - loss: 0.1490 - accuracy: 0.9501 82/126 [==================>...........] - ETA: 6:32 - loss: 0.1487 - accuracy: 0.9503 83/126 [==================>...........] - ETA: 6:23 - loss: 0.1480 - accuracy: 0.9506 84/126 [===================>..........] - ETA: 6:14 - loss: 0.1479 - accuracy: 0.9505 85/126 [===================>..........] - ETA: 6:05 - loss: 0.1476 - accuracy: 0.9506 86/126 [===================>..........] - ETA: 5:56 - loss: 0.1481 - accuracy: 0.9502 87/126 [===================>..........] - ETA: 5:48 - loss: 0.1482 - accuracy: 0.9501 88/126 [===================>..........] - ETA: 5:39 - loss: 0.1477 - accuracy: 0.9502 89/126 [====================>.........] - ETA: 5:30 - loss: 0.1480 - accuracy: 0.9499 90/126 [====================>.........] - ETA: 5:21 - loss: 0.1478 - accuracy: 0.9498 91/126 [====================>.........] - ETA: 5:12 - loss: 0.1473 - accuracy: 0.9501 92/126 [====================>.........] - ETA: 5:03 - loss: 0.1473 - accuracy: 0.9499 93/126 [=====================>........] - ETA: 4:54 - loss: 0.1484 - accuracy: 0.9494 94/126 [=====================>........] - ETA: 4:45 - loss: 0.1478 - accuracy: 0.9496 95/126 [=====================>........] - ETA: 4:36 - loss: 0.1473 - accuracy: 0.9499 96/126 [=====================>........] - ETA: 4:28 - loss: 0.1471 - accuracy: 0.9500 97/126 [======================>.......] - ETA: 4:19 - loss: 0.1468 - accuracy: 0.9500 98/126 [======================>.......] - ETA: 4:10 - loss: 0.1468 - accuracy: 0.9500 99/126 [======================>.......] - ETA: 4:01 - loss: 0.1469 - accuracy: 0.9501100/126 [======================>.......] - ETA: 3:52 - loss: 0.1471 - accuracy: 0.9498101/126 [=======================>......] - ETA: 3:43 - loss: 0.1470 - accuracy: 0.9499102/126 [=======================>......] - ETA: 3:34 - loss: 0.1467 - accuracy: 0.9502103/126 [=======================>......] - ETA: 3:25 - loss: 0.1462 - accuracy: 0.9505104/126 [=======================>......] - ETA: 3:16 - loss: 0.1471 - accuracy: 0.9503105/126 [========================>.....] - ETA: 3:07 - loss: 0.1468 - accuracy: 0.9504106/126 [========================>.....] - ETA: 2:58 - loss: 0.1464 - accuracy: 0.9506107/126 [========================>.....] - ETA: 2:49 - loss: 0.1465 - accuracy: 0.9507108/126 [========================>.....] - ETA: 2:40 - loss: 0.1467 - accuracy: 0.9502109/126 [========================>.....] - ETA: 2:31 - loss: 0.1463 - accuracy: 0.9504110/126 [=========================>....] - ETA: 2:22 - loss: 0.1460 - accuracy: 0.9505111/126 [=========================>....] - ETA: 2:13 - loss: 0.1454 - accuracy: 0.9507112/126 [=========================>....] - ETA: 2:05 - loss: 0.1456 - accuracy: 0.9505113/126 [=========================>....] - ETA: 1:56 - loss: 0.1461 - accuracy: 0.9502114/126 [==========================>...] - ETA: 1:47 - loss: 0.1461 - accuracy: 0.9501115/126 [==========================>...] - ETA: 1:38 - loss: 0.1464 - accuracy: 0.9502116/126 [==========================>...] - ETA: 1:29 - loss: 0.1462 - accuracy: 0.9502117/126 [==========================>...] - ETA: 1:20 - loss: 0.1463 - accuracy: 0.9503118/126 [===========================>..] - ETA: 1:11 - loss: 0.1461 - accuracy: 0.9504119/126 [===========================>..] - ETA: 1:02 - loss: 0.1460 - accuracy: 0.9503120/126 [===========================>..] - ETA: 53s - loss: 0.1462 - accuracy: 0.9502 121/126 [===========================>..] - ETA: 44s - loss: 0.1465 - accuracy: 0.9500122/126 [============================>.] - ETA: 35s - loss: 0.1465 - accuracy: 0.9501123/126 [============================>.] - ETA: 26s - loss: 0.1465 - accuracy: 0.9501124/126 [============================>.] - ETA: 17s - loss: 0.1464 - accuracy: 0.9501125/126 [============================>.] - ETA: 8s - loss: 0.1467 - accuracy: 0.9501 126/126 [==============================] - ETA: 0s - loss: 0.1479 - accuracy: 0.9496
Epoch 00006: val_loss did not improve from 0.71034
126/126 [==============================] - 1177s 9s/step - loss: 0.1479 - accuracy: 0.9496 - val_loss: 0.7999 - val_accuracy: 0.2657
Epoch 7/30
  1/126 [..............................] - ETA: 23:11 - loss: 0.1332 - accuracy: 0.9766  2/126 [..............................] - ETA: 17:20 - loss: 0.1303 - accuracy: 0.9727  3/126 [..............................] - ETA: 17:46 - loss: 0.1377 - accuracy: 0.9635  4/126 [..............................] - ETA: 17:56 - loss: 0.1446 - accuracy: 0.9570  5/126 [>.............................] - ETA: 17:37 - loss: 0.1415 - accuracy: 0.9594  6/126 [>.............................] - ETA: 17:31 - loss: 0.1316 - accuracy: 0.9648  7/126 [>.............................] - ETA: 17:21 - loss: 0.1306 - accuracy: 0.9609  8/126 [>.............................] - ETA: 17:10 - loss: 0.1340 - accuracy: 0.9561  9/126 [=>............................] - ETA: 17:08 - loss: 0.1299 - accuracy: 0.9592 10/126 [=>............................] - ETA: 17:02 - loss: 0.1349 - accuracy: 0.9578 11/126 [=>............................] - ETA: 16:57 - loss: 0.1314 - accuracy: 0.9595 12/126 [=>............................] - ETA: 16:49 - loss: 0.1315 - accuracy: 0.9583 13/126 [==>...........................] - ETA: 16:39 - loss: 0.1326 - accuracy: 0.9591 14/126 [==>...........................] - ETA: 16:30 - loss: 0.1313 - accuracy: 0.9593 15/126 [==>...........................] - ETA: 16:20 - loss: 0.1295 - accuracy: 0.9583 16/126 [==>...........................] - ETA: 16:11 - loss: 0.1286 - accuracy: 0.9580 17/126 [===>..........................] - ETA: 16:02 - loss: 0.1401 - accuracy: 0.9522 18/126 [===>..........................] - ETA: 15:52 - loss: 0.1401 - accuracy: 0.9523 19/126 [===>..........................] - ETA: 15:46 - loss: 0.1385 - accuracy: 0.9523 20/126 [===>..........................] - ETA: 15:38 - loss: 0.1362 - accuracy: 0.9535 21/126 [====>.........................] - ETA: 15:32 - loss: 0.1370 - accuracy: 0.9539 22/126 [====>.........................] - ETA: 15:24 - loss: 0.1368 - accuracy: 0.9524 23/126 [====>.........................] - ETA: 15:14 - loss: 0.1376 - accuracy: 0.9521 24/126 [====>.........................] - ETA: 15:07 - loss: 0.1407 - accuracy: 0.9515 25/126 [====>.........................] - ETA: 14:57 - loss: 0.1391 - accuracy: 0.9528 26/126 [=====>........................] - ETA: 14:37 - loss: 0.1400 - accuracy: 0.9526 27/126 [=====>........................] - ETA: 14:29 - loss: 0.1393 - accuracy: 0.9523 28/126 [=====>........................] - ETA: 14:21 - loss: 0.1398 - accuracy: 0.9521 29/126 [=====>........................] - ETA: 14:13 - loss: 0.1401 - accuracy: 0.9518 30/126 [======>.......................] - ETA: 14:04 - loss: 0.1404 - accuracy: 0.9516 31/126 [======>.......................] - ETA: 13:55 - loss: 0.1395 - accuracy: 0.9522 32/126 [======>.......................] - ETA: 13:47 - loss: 0.1379 - accuracy: 0.9527 33/126 [======>.......................] - ETA: 13:37 - loss: 0.1388 - accuracy: 0.9518 34/126 [=======>......................] - ETA: 13:28 - loss: 0.1393 - accuracy: 0.9513 35/126 [=======>......................] - ETA: 13:19 - loss: 0.1382 - accuracy: 0.9521 36/126 [=======>......................] - ETA: 13:11 - loss: 0.1369 - accuracy: 0.9528 37/126 [=======>......................] - ETA: 13:02 - loss: 0.1368 - accuracy: 0.9526 38/126 [========>.....................] - ETA: 12:55 - loss: 0.1362 - accuracy: 0.9526 39/126 [========>.....................] - ETA: 12:46 - loss: 0.1377 - accuracy: 0.9522 40/126 [========>.....................] - ETA: 12:37 - loss: 0.1367 - accuracy: 0.9524 41/126 [========>.....................] - ETA: 12:29 - loss: 0.1364 - accuracy: 0.9520 42/126 [=========>....................] - ETA: 12:20 - loss: 0.1364 - accuracy: 0.9522 43/126 [=========>....................] - ETA: 12:12 - loss: 0.1362 - accuracy: 0.9515 44/126 [=========>....................] - ETA: 12:03 - loss: 0.1353 - accuracy: 0.9518 45/126 [=========>....................] - ETA: 11:53 - loss: 0.1342 - accuracy: 0.9525 46/126 [=========>....................] - ETA: 11:45 - loss: 0.1332 - accuracy: 0.9525 47/126 [==========>...................] - ETA: 11:36 - loss: 0.1327 - accuracy: 0.9528 48/126 [==========>...................] - ETA: 11:28 - loss: 0.1362 - accuracy: 0.9519 49/126 [==========>...................] - ETA: 11:19 - loss: 0.1367 - accuracy: 0.9516 50/126 [==========>...................] - ETA: 11:11 - loss: 0.1361 - accuracy: 0.9519 51/126 [===========>..................] - ETA: 11:01 - loss: 0.1356 - accuracy: 0.9519 52/126 [===========>..................] - ETA: 10:52 - loss: 0.1349 - accuracy: 0.9523 53/126 [===========>..................] - ETA: 10:43 - loss: 0.1352 - accuracy: 0.9520 54/126 [===========>..................] - ETA: 10:34 - loss: 0.1350 - accuracy: 0.9520 55/126 [============>.................] - ETA: 10:25 - loss: 0.1347 - accuracy: 0.9525 56/126 [============>.................] - ETA: 10:16 - loss: 0.1348 - accuracy: 0.9527 57/126 [============>.................] - ETA: 10:07 - loss: 0.1347 - accuracy: 0.9523 58/126 [============>.................] - ETA: 9:58 - loss: 0.1359 - accuracy: 0.9519  59/126 [=============>................] - ETA: 9:48 - loss: 0.1359 - accuracy: 0.9520 60/126 [=============>................] - ETA: 9:40 - loss: 0.1357 - accuracy: 0.9521 61/126 [=============>................] - ETA: 9:31 - loss: 0.1354 - accuracy: 0.9521 62/126 [=============>................] - ETA: 9:23 - loss: 0.1346 - accuracy: 0.9524 63/126 [==============>...............] - ETA: 9:15 - loss: 0.1351 - accuracy: 0.9523 64/126 [==============>...............] - ETA: 9:06 - loss: 0.1350 - accuracy: 0.9527 65/126 [==============>...............] - ETA: 8:58 - loss: 0.1349 - accuracy: 0.9527 66/126 [==============>...............] - ETA: 8:49 - loss: 0.1347 - accuracy: 0.9527 67/126 [==============>...............] - ETA: 8:41 - loss: 0.1339 - accuracy: 0.9528 68/126 [===============>..............] - ETA: 8:32 - loss: 0.1332 - accuracy: 0.9532 69/126 [===============>..............] - ETA: 8:23 - loss: 0.1330 - accuracy: 0.9535 70/126 [===============>..............] - ETA: 8:14 - loss: 0.1328 - accuracy: 0.9536 71/126 [===============>..............] - ETA: 8:05 - loss: 0.1321 - accuracy: 0.9538 72/126 [================>.............] - ETA: 7:57 - loss: 0.1321 - accuracy: 0.9537 73/126 [================>.............] - ETA: 7:48 - loss: 0.1334 - accuracy: 0.9531 74/126 [================>.............] - ETA: 7:39 - loss: 0.1337 - accuracy: 0.9533 75/126 [================>.............] - ETA: 7:31 - loss: 0.1334 - accuracy: 0.9534 76/126 [=================>............] - ETA: 7:22 - loss: 0.1325 - accuracy: 0.9539 77/126 [=================>............] - ETA: 7:13 - loss: 0.1322 - accuracy: 0.9538 78/126 [=================>............] - ETA: 7:05 - loss: 0.1329 - accuracy: 0.9533 79/126 [=================>............] - ETA: 6:56 - loss: 0.1326 - accuracy: 0.9531 80/126 [==================>...........] - ETA: 6:47 - loss: 0.1324 - accuracy: 0.9531 81/126 [==================>...........] - ETA: 6:38 - loss: 0.1333 - accuracy: 0.9527 82/126 [==================>...........] - ETA: 6:29 - loss: 0.1348 - accuracy: 0.9522 83/126 [==================>...........] - ETA: 6:20 - loss: 0.1344 - accuracy: 0.9523 84/126 [===================>..........] - ETA: 6:11 - loss: 0.1342 - accuracy: 0.9521 85/126 [===================>..........] - ETA: 6:02 - loss: 0.1343 - accuracy: 0.9523 86/126 [===================>..........] - ETA: 5:53 - loss: 0.1339 - accuracy: 0.9525 87/126 [===================>..........] - ETA: 5:45 - loss: 0.1338 - accuracy: 0.9524 88/126 [===================>..........] - ETA: 5:36 - loss: 0.1335 - accuracy: 0.9524 89/126 [====================>.........] - ETA: 5:27 - loss: 0.1339 - accuracy: 0.9524 90/126 [====================>.........] - ETA: 5:18 - loss: 0.1369 - accuracy: 0.9514 91/126 [====================>.........] - ETA: 5:09 - loss: 0.1372 - accuracy: 0.9513 92/126 [====================>.........] - ETA: 5:00 - loss: 0.1376 - accuracy: 0.9511 93/126 [=====================>........] - ETA: 4:51 - loss: 0.1376 - accuracy: 0.9509 94/126 [=====================>........] - ETA: 4:42 - loss: 0.1380 - accuracy: 0.9508 95/126 [=====================>........] - ETA: 4:34 - loss: 0.1387 - accuracy: 0.9504 96/126 [=====================>........] - ETA: 4:25 - loss: 0.1388 - accuracy: 0.9504 97/126 [======================>.......] - ETA: 4:16 - loss: 0.1385 - accuracy: 0.9507 98/126 [======================>.......] - ETA: 4:07 - loss: 0.1391 - accuracy: 0.9505 99/126 [======================>.......] - ETA: 3:58 - loss: 0.1397 - accuracy: 0.9501100/126 [======================>.......] - ETA: 3:49 - loss: 0.1401 - accuracy: 0.9500101/126 [=======================>......] - ETA: 3:40 - loss: 0.1397 - accuracy: 0.9502102/126 [=======================>......] - ETA: 3:31 - loss: 0.1399 - accuracy: 0.9503103/126 [=======================>......] - ETA: 3:23 - loss: 0.1398 - accuracy: 0.9502104/126 [=======================>......] - ETA: 3:14 - loss: 0.1394 - accuracy: 0.9504105/126 [========================>.....] - ETA: 3:05 - loss: 0.1392 - accuracy: 0.9504106/126 [========================>.....] - ETA: 2:56 - loss: 0.1393 - accuracy: 0.9503107/126 [========================>.....] - ETA: 2:48 - loss: 0.1388 - accuracy: 0.9506108/126 [========================>.....] - ETA: 2:39 - loss: 0.1390 - accuracy: 0.9506109/126 [========================>.....] - ETA: 2:30 - loss: 0.1387 - accuracy: 0.9508110/126 [=========================>....] - ETA: 2:21 - loss: 0.1381 - accuracy: 0.9510111/126 [=========================>....] - ETA: 2:12 - loss: 0.1383 - accuracy: 0.9510112/126 [=========================>....] - ETA: 2:04 - loss: 0.1382 - accuracy: 0.9510113/126 [=========================>....] - ETA: 1:55 - loss: 0.1380 - accuracy: 0.9510114/126 [==========================>...] - ETA: 1:46 - loss: 0.1381 - accuracy: 0.9509115/126 [==========================>...] - ETA: 1:37 - loss: 0.1378 - accuracy: 0.9512116/126 [==========================>...] - ETA: 1:28 - loss: 0.1373 - accuracy: 0.9515117/126 [==========================>...] - ETA: 1:19 - loss: 0.1373 - accuracy: 0.9515118/126 [===========================>..] - ETA: 1:10 - loss: 0.1375 - accuracy: 0.9514119/126 [===========================>..] - ETA: 1:02 - loss: 0.1373 - accuracy: 0.9516120/126 [===========================>..] - ETA: 53s - loss: 0.1374 - accuracy: 0.9516 121/126 [===========================>..] - ETA: 44s - loss: 0.1375 - accuracy: 0.9515122/126 [============================>.] - ETA: 35s - loss: 0.1378 - accuracy: 0.9514123/126 [============================>.] - ETA: 26s - loss: 0.1379 - accuracy: 0.9515124/126 [============================>.] - ETA: 17s - loss: 0.1375 - accuracy: 0.9516125/126 [============================>.] - ETA: 8s - loss: 0.1377 - accuracy: 0.9514 126/126 [==============================] - ETA: 0s - loss: 0.1375 - accuracy: 0.9515
Epoch 00007: val_loss did not improve from 0.71034
126/126 [==============================] - 1167s 9s/step - loss: 0.1375 - accuracy: 0.9515 - val_loss: 5.8551 - val_accuracy: 0.4171
Epoch 8/30
  1/126 [..............................] - ETA: 23:42 - loss: 0.1447 - accuracy: 0.9453  2/126 [..............................] - ETA: 19:04 - loss: 0.1242 - accuracy: 0.9492  3/126 [..............................] - ETA: 18:39 - loss: 0.1092 - accuracy: 0.9609  4/126 [..............................] - ETA: 18:25 - loss: 0.1110 - accuracy: 0.9648  5/126 [>.............................] - ETA: 18:12 - loss: 0.1194 - accuracy: 0.9625  6/126 [>.............................] - ETA: 17:46 - loss: 0.1186 - accuracy: 0.9648  7/126 [>.............................] - ETA: 17:32 - loss: 0.1166 - accuracy: 0.9654  8/126 [>.............................] - ETA: 17:21 - loss: 0.1174 - accuracy: 0.9629  9/126 [=>............................] - ETA: 17:07 - loss: 0.1158 - accuracy: 0.9644 10/126 [=>............................] - ETA: 17:02 - loss: 0.1121 - accuracy: 0.9656 11/126 [=>............................] - ETA: 16:54 - loss: 0.1086 - accuracy: 0.9680 12/126 [=>............................] - ETA: 16:18 - loss: 0.1051 - accuracy: 0.9693 13/126 [==>...........................] - ETA: 16:14 - loss: 0.1099 - accuracy: 0.9693 14/126 [==>...........................] - ETA: 16:08 - loss: 0.1144 - accuracy: 0.9675 15/126 [==>...........................] - ETA: 16:05 - loss: 0.1122 - accuracy: 0.9676 16/126 [==>...........................] - ETA: 15:59 - loss: 0.1149 - accuracy: 0.9667 17/126 [===>..........................] - ETA: 15:52 - loss: 0.1153 - accuracy: 0.9668 18/126 [===>..........................] - ETA: 15:46 - loss: 0.1145 - accuracy: 0.9678 19/126 [===>..........................] - ETA: 15:38 - loss: 0.1135 - accuracy: 0.9687 20/126 [===>..........................] - ETA: 15:33 - loss: 0.1151 - accuracy: 0.9675 21/126 [====>.........................] - ETA: 15:25 - loss: 0.1151 - accuracy: 0.9668 22/126 [====>.........................] - ETA: 15:17 - loss: 0.1135 - accuracy: 0.9673 23/126 [====>.........................] - ETA: 15:08 - loss: 0.1142 - accuracy: 0.9660 24/126 [====>.........................] - ETA: 15:02 - loss: 0.1132 - accuracy: 0.9664 25/126 [====>.........................] - ETA: 14:55 - loss: 0.1129 - accuracy: 0.9665 26/126 [=====>........................] - ETA: 14:47 - loss: 0.1132 - accuracy: 0.9660 27/126 [=====>........................] - ETA: 14:37 - loss: 0.1126 - accuracy: 0.9670 28/126 [=====>........................] - ETA: 14:26 - loss: 0.1111 - accuracy: 0.9673 29/126 [=====>........................] - ETA: 14:18 - loss: 0.1140 - accuracy: 0.9660 30/126 [======>.......................] - ETA: 14:10 - loss: 0.1147 - accuracy: 0.9661 31/126 [======>.......................] - ETA: 14:02 - loss: 0.1146 - accuracy: 0.9657 32/126 [======>.......................] - ETA: 13:56 - loss: 0.1139 - accuracy: 0.9658 33/126 [======>.......................] - ETA: 13:47 - loss: 0.1166 - accuracy: 0.9649 34/126 [=======>......................] - ETA: 13:38 - loss: 0.1157 - accuracy: 0.9657 35/126 [=======>......................] - ETA: 13:27 - loss: 0.1154 - accuracy: 0.9653 36/126 [=======>......................] - ETA: 13:18 - loss: 0.1158 - accuracy: 0.9650 37/126 [=======>......................] - ETA: 13:11 - loss: 0.1154 - accuracy: 0.9651 38/126 [========>.....................] - ETA: 13:02 - loss: 0.1142 - accuracy: 0.9656 39/126 [========>.....................] - ETA: 12:54 - loss: 0.1139 - accuracy: 0.9657 40/126 [========>.....................] - ETA: 12:46 - loss: 0.1148 - accuracy: 0.9650 41/126 [========>.....................] - ETA: 12:38 - loss: 0.1169 - accuracy: 0.9649 42/126 [=========>....................] - ETA: 12:30 - loss: 0.1175 - accuracy: 0.9648 43/126 [=========>....................] - ETA: 12:21 - loss: 0.1185 - accuracy: 0.9642 44/126 [=========>....................] - ETA: 12:13 - loss: 0.1191 - accuracy: 0.9632 45/126 [=========>....................] - ETA: 12:05 - loss: 0.1193 - accuracy: 0.9631 46/126 [=========>....................] - ETA: 11:57 - loss: 0.1200 - accuracy: 0.9624 47/126 [==========>...................] - ETA: 11:48 - loss: 0.1192 - accuracy: 0.9624 48/126 [==========>...................] - ETA: 11:40 - loss: 0.1207 - accuracy: 0.9615 49/126 [==========>...................] - ETA: 11:31 - loss: 0.1203 - accuracy: 0.9617 50/126 [==========>...................] - ETA: 11:23 - loss: 0.1214 - accuracy: 0.9615 51/126 [===========>..................] - ETA: 11:13 - loss: 0.1211 - accuracy: 0.9613 52/126 [===========>..................] - ETA: 11:05 - loss: 0.1214 - accuracy: 0.9607 53/126 [===========>..................] - ETA: 10:56 - loss: 0.1212 - accuracy: 0.9609 54/126 [===========>..................] - ETA: 10:47 - loss: 0.1209 - accuracy: 0.9615 55/126 [============>.................] - ETA: 10:38 - loss: 0.1215 - accuracy: 0.9610 56/126 [============>.................] - ETA: 10:28 - loss: 0.1215 - accuracy: 0.9612 57/126 [============>.................] - ETA: 10:19 - loss: 0.1218 - accuracy: 0.9614 58/126 [============>.................] - ETA: 10:10 - loss: 0.1210 - accuracy: 0.9618 59/126 [=============>................] - ETA: 10:01 - loss: 0.1204 - accuracy: 0.9622 60/126 [=============>................] - ETA: 9:52 - loss: 0.1215 - accuracy: 0.9619  61/126 [=============>................] - ETA: 9:44 - loss: 0.1214 - accuracy: 0.9619 62/126 [=============>................] - ETA: 9:35 - loss: 0.1217 - accuracy: 0.9616 63/126 [==============>...............] - ETA: 9:26 - loss: 0.1227 - accuracy: 0.9609 64/126 [==============>...............] - ETA: 9:18 - loss: 0.1237 - accuracy: 0.9605 65/126 [==============>...............] - ETA: 9:09 - loss: 0.1250 - accuracy: 0.9602 66/126 [==============>...............] - ETA: 9:00 - loss: 0.1244 - accuracy: 0.9605 67/126 [==============>...............] - ETA: 8:52 - loss: 0.1242 - accuracy: 0.9605 68/126 [===============>..............] - ETA: 8:43 - loss: 0.1243 - accuracy: 0.9605 69/126 [===============>..............] - ETA: 8:34 - loss: 0.1253 - accuracy: 0.9602 70/126 [===============>..............] - ETA: 8:25 - loss: 0.1252 - accuracy: 0.9602 71/126 [===============>..............] - ETA: 8:16 - loss: 0.1250 - accuracy: 0.9603 72/126 [================>.............] - ETA: 8:07 - loss: 0.1249 - accuracy: 0.9602 73/126 [================>.............] - ETA: 7:58 - loss: 0.1248 - accuracy: 0.9604 74/126 [================>.............] - ETA: 7:50 - loss: 0.1248 - accuracy: 0.9603 75/126 [================>.............] - ETA: 7:41 - loss: 0.1249 - accuracy: 0.9600 76/126 [=================>............] - ETA: 7:32 - loss: 0.1246 - accuracy: 0.9603 77/126 [=================>............] - ETA: 7:23 - loss: 0.1254 - accuracy: 0.9600 78/126 [=================>............] - ETA: 7:14 - loss: 0.1258 - accuracy: 0.9595 79/126 [=================>............] - ETA: 7:05 - loss: 0.1253 - accuracy: 0.9596 80/126 [==================>...........] - ETA: 6:56 - loss: 0.1248 - accuracy: 0.9598 81/126 [==================>...........] - ETA: 6:47 - loss: 0.1248 - accuracy: 0.9598 82/126 [==================>...........] - ETA: 6:38 - loss: 0.1249 - accuracy: 0.9598 83/126 [==================>...........] - ETA: 6:29 - loss: 0.1249 - accuracy: 0.9596 84/126 [===================>..........] - ETA: 6:20 - loss: 0.1247 - accuracy: 0.9595 85/126 [===================>..........] - ETA: 6:11 - loss: 0.1248 - accuracy: 0.9594 86/126 [===================>..........] - ETA: 6:02 - loss: 0.1252 - accuracy: 0.9592 87/126 [===================>..........] - ETA: 5:53 - loss: 0.1250 - accuracy: 0.9594 88/126 [===================>..........] - ETA: 5:44 - loss: 0.1254 - accuracy: 0.9593 89/126 [====================>.........] - ETA: 5:35 - loss: 0.1264 - accuracy: 0.9591 90/126 [====================>.........] - ETA: 5:26 - loss: 0.1264 - accuracy: 0.9590 91/126 [====================>.........] - ETA: 5:17 - loss: 0.1265 - accuracy: 0.9590 92/126 [====================>.........] - ETA: 5:08 - loss: 0.1267 - accuracy: 0.9589 93/126 [=====================>........] - ETA: 4:59 - loss: 0.1266 - accuracy: 0.9589 94/126 [=====================>........] - ETA: 4:50 - loss: 0.1270 - accuracy: 0.9587 95/126 [=====================>........] - ETA: 4:41 - loss: 0.1284 - accuracy: 0.9581 96/126 [=====================>........] - ETA: 4:31 - loss: 0.1291 - accuracy: 0.9580 97/126 [======================>.......] - ETA: 4:22 - loss: 0.1293 - accuracy: 0.9578 98/126 [======================>.......] - ETA: 4:13 - loss: 0.1293 - accuracy: 0.9578 99/126 [======================>.......] - ETA: 4:04 - loss: 0.1296 - accuracy: 0.9574100/126 [======================>.......] - ETA: 3:55 - loss: 0.1296 - accuracy: 0.9574101/126 [=======================>......] - ETA: 3:46 - loss: 0.1291 - accuracy: 0.9576102/126 [=======================>......] - ETA: 3:37 - loss: 0.1288 - accuracy: 0.9578103/126 [=======================>......] - ETA: 3:28 - loss: 0.1286 - accuracy: 0.9579104/126 [=======================>......] - ETA: 3:19 - loss: 0.1283 - accuracy: 0.9579105/126 [========================>.....] - ETA: 3:10 - loss: 0.1280 - accuracy: 0.9580106/126 [========================>.....] - ETA: 3:01 - loss: 0.1288 - accuracy: 0.9581107/126 [========================>.....] - ETA: 2:52 - loss: 0.1289 - accuracy: 0.9581108/126 [========================>.....] - ETA: 2:43 - loss: 0.1290 - accuracy: 0.9580109/126 [========================>.....] - ETA: 2:34 - loss: 0.1289 - accuracy: 0.9577110/126 [=========================>....] - ETA: 2:24 - loss: 0.1298 - accuracy: 0.9573111/126 [=========================>....] - ETA: 2:15 - loss: 0.1295 - accuracy: 0.9575112/126 [=========================>....] - ETA: 2:06 - loss: 0.1296 - accuracy: 0.9574113/126 [=========================>....] - ETA: 1:57 - loss: 0.1294 - accuracy: 0.9574114/126 [==========================>...] - ETA: 1:48 - loss: 0.1292 - accuracy: 0.9575115/126 [==========================>...] - ETA: 1:39 - loss: 0.1293 - accuracy: 0.9574116/126 [==========================>...] - ETA: 1:30 - loss: 0.1293 - accuracy: 0.9575117/126 [==========================>...] - ETA: 1:21 - loss: 0.1299 - accuracy: 0.9571118/126 [===========================>..] - ETA: 1:12 - loss: 0.1302 - accuracy: 0.9570119/126 [===========================>..] - ETA: 1:03 - loss: 0.1301 - accuracy: 0.9571120/126 [===========================>..] - ETA: 54s - loss: 0.1302 - accuracy: 0.9572 121/126 [===========================>..] - ETA: 45s - loss: 0.1300 - accuracy: 0.9574122/126 [============================>.] - ETA: 36s - loss: 0.1296 - accuracy: 0.9573123/126 [============================>.] - ETA: 27s - loss: 0.1302 - accuracy: 0.9572124/126 [============================>.] - ETA: 18s - loss: 0.1306 - accuracy: 0.9571125/126 [============================>.] - ETA: 9s - loss: 0.1304 - accuracy: 0.9570 126/126 [==============================] - ETA: 0s - loss: 0.1301 - accuracy: 0.9573
Epoch 00008: val_loss did not improve from 0.71034
126/126 [==============================] - 1195s 9s/step - loss: 0.1301 - accuracy: 0.9573 - val_loss: 0.7447 - val_accuracy: 0.4121
Epoch 9/30
  1/126 [..............................] - ETA: 22:33 - loss: 0.0860 - accuracy: 0.9766  2/126 [..............................] - ETA: 18:42 - loss: 0.0910 - accuracy: 0.9688  3/126 [..............................] - ETA: 18:34 - loss: 0.0924 - accuracy: 0.9661  4/126 [..............................] - ETA: 18:36 - loss: 0.1140 - accuracy: 0.9609  5/126 [>.............................] - ETA: 18:36 - loss: 0.1085 - accuracy: 0.9672  6/126 [>.............................] - ETA: 18:31 - loss: 0.1180 - accuracy: 0.9635  7/126 [>.............................] - ETA: 18:23 - loss: 0.1255 - accuracy: 0.9621  8/126 [>.............................] - ETA: 18:10 - loss: 0.1229 - accuracy: 0.9629  9/126 [=>............................] - ETA: 18:06 - loss: 0.1220 - accuracy: 0.9635 10/126 [=>............................] - ETA: 17:56 - loss: 0.1207 - accuracy: 0.9633 11/126 [=>............................] - ETA: 17:48 - loss: 0.1223 - accuracy: 0.9631 12/126 [=>............................] - ETA: 17:33 - loss: 0.1211 - accuracy: 0.9655 13/126 [==>...........................] - ETA: 17:21 - loss: 0.1177 - accuracy: 0.9663 14/126 [==>...........................] - ETA: 17:12 - loss: 0.1156 - accuracy: 0.9676 15/126 [==>...........................] - ETA: 17:04 - loss: 0.1149 - accuracy: 0.9677 16/126 [==>...........................] - ETA: 16:56 - loss: 0.1126 - accuracy: 0.9683 17/126 [===>..........................] - ETA: 16:46 - loss: 0.1144 - accuracy: 0.9674 18/126 [===>..........................] - ETA: 16:36 - loss: 0.1121 - accuracy: 0.9679 19/126 [===>..........................] - ETA: 16:26 - loss: 0.1144 - accuracy: 0.9679 20/126 [===>..........................] - ETA: 16:17 - loss: 0.1134 - accuracy: 0.9684 21/126 [====>.........................] - ETA: 16:06 - loss: 0.1120 - accuracy: 0.9676 22/126 [====>.........................] - ETA: 15:57 - loss: 0.1133 - accuracy: 0.9677 23/126 [====>.........................] - ETA: 15:48 - loss: 0.1152 - accuracy: 0.9664 24/126 [====>.........................] - ETA: 15:39 - loss: 0.1139 - accuracy: 0.9668 25/126 [====>.........................] - ETA: 15:30 - loss: 0.1136 - accuracy: 0.9666 26/126 [=====>........................] - ETA: 15:21 - loss: 0.1125 - accuracy: 0.9669 27/126 [=====>........................] - ETA: 15:11 - loss: 0.1150 - accuracy: 0.9661 28/126 [=====>........................] - ETA: 15:03 - loss: 0.1133 - accuracy: 0.9668 29/126 [=====>........................] - ETA: 14:52 - loss: 0.1132 - accuracy: 0.9666 30/126 [======>.......................] - ETA: 14:43 - loss: 0.1142 - accuracy: 0.9654 31/126 [======>.......................] - ETA: 14:34 - loss: 0.1131 - accuracy: 0.9660 32/126 [======>.......................] - ETA: 14:25 - loss: 0.1120 - accuracy: 0.9663 33/126 [======>.......................] - ETA: 14:16 - loss: 0.1119 - accuracy: 0.9661 34/126 [=======>......................] - ETA: 14:05 - loss: 0.1142 - accuracy: 0.9651 35/126 [=======>......................] - ETA: 13:56 - loss: 0.1143 - accuracy: 0.9652 36/126 [=======>......................] - ETA: 13:47 - loss: 0.1128 - accuracy: 0.9655 37/126 [=======>......................] - ETA: 13:36 - loss: 0.1122 - accuracy: 0.9662 38/126 [========>.....................] - ETA: 13:27 - loss: 0.1121 - accuracy: 0.9663 39/126 [========>.....................] - ETA: 13:18 - loss: 0.1124 - accuracy: 0.9663 40/126 [========>.....................] - ETA: 13:08 - loss: 0.1110 - accuracy: 0.9670 41/126 [========>.....................] - ETA: 12:59 - loss: 0.1110 - accuracy: 0.9667 42/126 [=========>....................] - ETA: 12:49 - loss: 0.1119 - accuracy: 0.9654 43/126 [=========>....................] - ETA: 12:38 - loss: 0.1120 - accuracy: 0.9657 44/126 [=========>....................] - ETA: 12:29 - loss: 0.1123 - accuracy: 0.9654 45/126 [=========>....................] - ETA: 12:20 - loss: 0.1131 - accuracy: 0.9651 46/126 [=========>....................] - ETA: 12:11 - loss: 0.1144 - accuracy: 0.9645 47/126 [==========>...................] - ETA: 12:02 - loss: 0.1140 - accuracy: 0.9646 48/126 [==========>...................] - ETA: 11:53 - loss: 0.1138 - accuracy: 0.9644 49/126 [==========>...................] - ETA: 11:44 - loss: 0.1137 - accuracy: 0.9644 50/126 [==========>...................] - ETA: 11:34 - loss: 0.1134 - accuracy: 0.9645 51/126 [===========>..................] - ETA: 11:25 - loss: 0.1130 - accuracy: 0.9645 52/126 [===========>..................] - ETA: 11:16 - loss: 0.1130 - accuracy: 0.9642 53/126 [===========>..................] - ETA: 11:07 - loss: 0.1142 - accuracy: 0.9637 54/126 [===========>..................] - ETA: 10:57 - loss: 0.1140 - accuracy: 0.9637 55/126 [============>.................] - ETA: 10:48 - loss: 0.1138 - accuracy: 0.9641 56/126 [============>.................] - ETA: 10:38 - loss: 0.1142 - accuracy: 0.9639 57/126 [============>.................] - ETA: 10:28 - loss: 0.1138 - accuracy: 0.9641 58/126 [============>.................] - ETA: 10:18 - loss: 0.1129 - accuracy: 0.9644 59/126 [=============>................] - ETA: 10:09 - loss: 0.1120 - accuracy: 0.9649 60/126 [=============>................] - ETA: 9:59 - loss: 0.1118 - accuracy: 0.9650  61/126 [=============>................] - ETA: 9:50 - loss: 0.1112 - accuracy: 0.9652 62/126 [=============>................] - ETA: 9:41 - loss: 0.1109 - accuracy: 0.9651 63/126 [==============>...............] - ETA: 9:33 - loss: 0.1104 - accuracy: 0.9654 64/126 [==============>...............] - ETA: 9:24 - loss: 0.1106 - accuracy: 0.9653 65/126 [==============>...............] - ETA: 9:15 - loss: 0.1107 - accuracy: 0.9654 66/126 [==============>...............] - ETA: 9:06 - loss: 0.1110 - accuracy: 0.9652 67/126 [==============>...............] - ETA: 8:56 - loss: 0.1116 - accuracy: 0.9651 68/126 [===============>..............] - ETA: 8:48 - loss: 0.1128 - accuracy: 0.9647 69/126 [===============>..............] - ETA: 8:39 - loss: 0.1132 - accuracy: 0.9646 70/126 [===============>..............] - ETA: 8:30 - loss: 0.1129 - accuracy: 0.9647 71/126 [===============>..............] - ETA: 8:21 - loss: 0.1128 - accuracy: 0.9647 72/126 [================>.............] - ETA: 8:12 - loss: 0.1120 - accuracy: 0.9651 73/126 [================>.............] - ETA: 8:03 - loss: 0.1115 - accuracy: 0.9652 74/126 [================>.............] - ETA: 7:54 - loss: 0.1111 - accuracy: 0.9654 75/126 [================>.............] - ETA: 7:45 - loss: 0.1109 - accuracy: 0.9654 76/126 [=================>............] - ETA: 7:36 - loss: 0.1109 - accuracy: 0.9653 77/126 [=================>............] - ETA: 7:27 - loss: 0.1112 - accuracy: 0.9650 78/126 [=================>............] - ETA: 7:18 - loss: 0.1112 - accuracy: 0.9649 79/126 [=================>............] - ETA: 7:09 - loss: 0.1116 - accuracy: 0.9647 80/126 [==================>...........] - ETA: 6:59 - loss: 0.1111 - accuracy: 0.9650 81/126 [==================>...........] - ETA: 6:50 - loss: 0.1114 - accuracy: 0.9651 82/126 [==================>...........] - ETA: 6:41 - loss: 0.1114 - accuracy: 0.9648 83/126 [==================>...........] - ETA: 6:32 - loss: 0.1112 - accuracy: 0.9651 84/126 [===================>..........] - ETA: 6:23 - loss: 0.1112 - accuracy: 0.9650 85/126 [===================>..........] - ETA: 6:14 - loss: 0.1113 - accuracy: 0.9651 86/126 [===================>..........] - ETA: 6:04 - loss: 0.1109 - accuracy: 0.9651 87/126 [===================>..........] - ETA: 5:55 - loss: 0.1104 - accuracy: 0.9654 88/126 [===================>..........] - ETA: 5:46 - loss: 0.1099 - accuracy: 0.9656 89/126 [====================>.........] - ETA: 5:36 - loss: 0.1093 - accuracy: 0.9658 90/126 [====================>.........] - ETA: 5:27 - loss: 0.1094 - accuracy: 0.9656 91/126 [====================>.........] - ETA: 5:18 - loss: 0.1090 - accuracy: 0.9657 92/126 [====================>.........] - ETA: 5:08 - loss: 0.1090 - accuracy: 0.9655 93/126 [=====================>........] - ETA: 4:59 - loss: 0.1087 - accuracy: 0.9656 94/126 [=====================>........] - ETA: 4:50 - loss: 0.1090 - accuracy: 0.9655 95/126 [=====================>........] - ETA: 4:41 - loss: 0.1100 - accuracy: 0.9654 96/126 [=====================>........] - ETA: 4:32 - loss: 0.1096 - accuracy: 0.9657 97/126 [======================>.......] - ETA: 4:22 - loss: 0.1093 - accuracy: 0.9658 98/126 [======================>.......] - ETA: 4:13 - loss: 0.1106 - accuracy: 0.9653 99/126 [======================>.......] - ETA: 4:04 - loss: 0.1105 - accuracy: 0.9653100/126 [======================>.......] - ETA: 3:55 - loss: 0.1104 - accuracy: 0.9653101/126 [=======================>......] - ETA: 3:46 - loss: 0.1109 - accuracy: 0.9652102/126 [=======================>......] - ETA: 3:37 - loss: 0.1109 - accuracy: 0.9651103/126 [=======================>......] - ETA: 3:28 - loss: 0.1106 - accuracy: 0.9652104/126 [=======================>......] - ETA: 3:19 - loss: 0.1104 - accuracy: 0.9653105/126 [========================>.....] - ETA: 3:10 - loss: 0.1101 - accuracy: 0.9654106/126 [========================>.....] - ETA: 3:01 - loss: 0.1101 - accuracy: 0.9654107/126 [========================>.....] - ETA: 2:52 - loss: 0.1098 - accuracy: 0.9655108/126 [========================>.....] - ETA: 2:43 - loss: 0.1096 - accuracy: 0.9656109/126 [========================>.....] - ETA: 2:34 - loss: 0.1092 - accuracy: 0.9657110/126 [=========================>....] - ETA: 2:25 - loss: 0.1093 - accuracy: 0.9657111/126 [=========================>....] - ETA: 2:16 - loss: 0.1095 - accuracy: 0.9655112/126 [=========================>....] - ETA: 2:07 - loss: 0.1093 - accuracy: 0.9656113/126 [=========================>....] - ETA: 1:57 - loss: 0.1091 - accuracy: 0.9656114/126 [==========================>...] - ETA: 1:48 - loss: 0.1090 - accuracy: 0.9655115/126 [==========================>...] - ETA: 1:39 - loss: 0.1087 - accuracy: 0.9655116/126 [==========================>...] - ETA: 1:30 - loss: 0.1090 - accuracy: 0.9654117/126 [==========================>...] - ETA: 1:21 - loss: 0.1086 - accuracy: 0.9657118/126 [===========================>..] - ETA: 1:12 - loss: 0.1091 - accuracy: 0.9654119/126 [===========================>..] - ETA: 1:03 - loss: 0.1089 - accuracy: 0.9655120/126 [===========================>..] - ETA: 54s - loss: 0.1093 - accuracy: 0.9652 121/126 [===========================>..] - ETA: 45s - loss: 0.1091 - accuracy: 0.9653122/126 [============================>.] - ETA: 36s - loss: 0.1090 - accuracy: 0.9653123/126 [============================>.] - ETA: 27s - loss: 0.1088 - accuracy: 0.9654124/126 [============================>.] - ETA: 18s - loss: 0.1084 - accuracy: 0.9655125/126 [============================>.] - ETA: 9s - loss: 0.1082 - accuracy: 0.9656 126/126 [==============================] - ETA: 0s - loss: 0.1080 - accuracy: 0.9657
Epoch 00009: val_loss did not improve from 0.71034
126/126 [==============================] - 1197s 9s/step - loss: 0.1080 - accuracy: 0.9657 - val_loss: 0.7499 - val_accuracy: 0.5822
Epoch 10/30
  1/126 [..............................] - ETA: 24:03 - loss: 0.1214 - accuracy: 0.9531  2/126 [..............................] - ETA: 18:21 - loss: 0.1064 - accuracy: 0.9648  3/126 [..............................] - ETA: 18:08 - loss: 0.1042 - accuracy: 0.9661  4/126 [..............................] - ETA: 17:47 - loss: 0.1205 - accuracy: 0.9570  5/126 [>.............................] - ETA: 17:41 - loss: 0.1234 - accuracy: 0.9594  6/126 [>.............................] - ETA: 17:41 - loss: 0.1205 - accuracy: 0.9583  7/126 [>.............................] - ETA: 17:48 - loss: 0.1166 - accuracy: 0.9609  8/126 [>.............................] - ETA: 17:44 - loss: 0.1153 - accuracy: 0.9619  9/126 [=>............................] - ETA: 17:44 - loss: 0.1148 - accuracy: 0.9601 10/126 [=>............................] - ETA: 17:36 - loss: 0.1113 - accuracy: 0.9602 11/126 [=>............................] - ETA: 17:26 - loss: 0.1130 - accuracy: 0.9595 12/126 [=>............................] - ETA: 17:20 - loss: 0.1124 - accuracy: 0.9603 13/126 [==>...........................] - ETA: 17:15 - loss: 0.1137 - accuracy: 0.9591 14/126 [==>...........................] - ETA: 17:06 - loss: 0.1123 - accuracy: 0.9609 15/126 [==>...........................] - ETA: 16:55 - loss: 0.1121 - accuracy: 0.9620 16/126 [==>...........................] - ETA: 16:47 - loss: 0.1125 - accuracy: 0.9634 17/126 [===>..........................] - ETA: 16:41 - loss: 0.1092 - accuracy: 0.9646 18/126 [===>..........................] - ETA: 16:33 - loss: 0.1083 - accuracy: 0.9644 19/126 [===>..........................] - ETA: 16:24 - loss: 0.1064 - accuracy: 0.9655 20/126 [===>..........................] - ETA: 16:15 - loss: 0.1056 - accuracy: 0.9652 21/126 [====>.........................] - ETA: 16:07 - loss: 0.1066 - accuracy: 0.9654 22/126 [====>.........................] - ETA: 15:56 - loss: 0.1069 - accuracy: 0.9648 23/126 [====>.........................] - ETA: 15:44 - loss: 0.1051 - accuracy: 0.9657 24/126 [====>.........................] - ETA: 15:21 - loss: 0.1040 - accuracy: 0.9661 25/126 [====>.........................] - ETA: 15:12 - loss: 0.1033 - accuracy: 0.9659 26/126 [=====>........................] - ETA: 15:05 - loss: 0.1026 - accuracy: 0.9660 27/126 [=====>........................] - ETA: 14:57 - loss: 0.1016 - accuracy: 0.9664 28/126 [=====>........................] - ETA: 14:48 - loss: 0.1019 - accuracy: 0.9659 29/126 [=====>........................] - ETA: 14:40 - loss: 0.1018 - accuracy: 0.9660 30/126 [======>.......................] - ETA: 14:31 - loss: 0.1025 - accuracy: 0.9656 31/126 [======>.......................] - ETA: 14:23 - loss: 0.1018 - accuracy: 0.9657 32/126 [======>.......................] - ETA: 14:13 - loss: 0.1024 - accuracy: 0.9653 33/126 [======>.......................] - ETA: 14:02 - loss: 0.1022 - accuracy: 0.9659 34/126 [=======>......................] - ETA: 13:51 - loss: 0.1018 - accuracy: 0.9659 35/126 [=======>......................] - ETA: 13:42 - loss: 0.1020 - accuracy: 0.9662 36/126 [=======>......................] - ETA: 13:33 - loss: 0.1012 - accuracy: 0.9668 37/126 [=======>......................] - ETA: 13:24 - loss: 0.1006 - accuracy: 0.9672 38/126 [========>.....................] - ETA: 13:15 - loss: 0.1006 - accuracy: 0.9673 39/126 [========>.....................] - ETA: 13:07 - loss: 0.0996 - accuracy: 0.9679 40/126 [========>.....................] - ETA: 12:58 - loss: 0.0996 - accuracy: 0.9681 41/126 [========>.....................] - ETA: 12:50 - loss: 0.0997 - accuracy: 0.9682 42/126 [=========>....................] - ETA: 12:41 - loss: 0.1002 - accuracy: 0.9684 43/126 [=========>....................] - ETA: 12:31 - loss: 0.1015 - accuracy: 0.9678 44/126 [=========>....................] - ETA: 12:22 - loss: 0.1022 - accuracy: 0.9677 45/126 [=========>....................] - ETA: 12:13 - loss: 0.1024 - accuracy: 0.9675 46/126 [=========>....................] - ETA: 12:04 - loss: 0.1016 - accuracy: 0.9677 47/126 [==========>...................] - ETA: 11:56 - loss: 0.1022 - accuracy: 0.9671 48/126 [==========>...................] - ETA: 11:47 - loss: 0.1025 - accuracy: 0.9668 49/126 [==========>...................] - ETA: 11:38 - loss: 0.1017 - accuracy: 0.9674 50/126 [==========>...................] - ETA: 11:29 - loss: 0.1013 - accuracy: 0.9675 51/126 [===========>..................] - ETA: 11:20 - loss: 0.1005 - accuracy: 0.9680 52/126 [===========>..................] - ETA: 11:12 - loss: 0.1012 - accuracy: 0.9675 53/126 [===========>..................] - ETA: 11:03 - loss: 0.1013 - accuracy: 0.9671 54/126 [===========>..................] - ETA: 10:54 - loss: 0.1028 - accuracy: 0.9666 55/126 [============>.................] - ETA: 10:45 - loss: 0.1026 - accuracy: 0.9664 56/126 [============>.................] - ETA: 10:36 - loss: 0.1021 - accuracy: 0.9669 57/126 [============>.................] - ETA: 10:27 - loss: 0.1027 - accuracy: 0.9665 58/126 [============>.................] - ETA: 10:18 - loss: 0.1026 - accuracy: 0.9668 59/126 [=============>................] - ETA: 10:09 - loss: 0.1035 - accuracy: 0.9662 60/126 [=============>................] - ETA: 10:01 - loss: 0.1045 - accuracy: 0.9657 61/126 [=============>................] - ETA: 9:51 - loss: 0.1066 - accuracy: 0.9651  62/126 [=============>................] - ETA: 9:42 - loss: 0.1067 - accuracy: 0.9651 63/126 [==============>...............] - ETA: 9:33 - loss: 0.1067 - accuracy: 0.9649 64/126 [==============>...............] - ETA: 9:24 - loss: 0.1059 - accuracy: 0.9654 65/126 [==============>...............] - ETA: 9:15 - loss: 0.1072 - accuracy: 0.9646 66/126 [==============>...............] - ETA: 9:06 - loss: 0.1074 - accuracy: 0.9645 67/126 [==============>...............] - ETA: 8:57 - loss: 0.1068 - accuracy: 0.9648 68/126 [===============>..............] - ETA: 8:48 - loss: 0.1062 - accuracy: 0.9650 69/126 [===============>..............] - ETA: 8:38 - loss: 0.1065 - accuracy: 0.9649 70/126 [===============>..............] - ETA: 8:30 - loss: 0.1077 - accuracy: 0.9645 71/126 [===============>..............] - ETA: 8:20 - loss: 0.1081 - accuracy: 0.9646 72/126 [================>.............] - ETA: 8:11 - loss: 0.1078 - accuracy: 0.9647 73/126 [================>.............] - ETA: 8:02 - loss: 0.1072 - accuracy: 0.9651 74/126 [================>.............] - ETA: 7:53 - loss: 0.1077 - accuracy: 0.9646 75/126 [================>.............] - ETA: 7:44 - loss: 0.1075 - accuracy: 0.9647 76/126 [=================>............] - ETA: 7:35 - loss: 0.1072 - accuracy: 0.9647 77/126 [=================>............] - ETA: 7:25 - loss: 0.1081 - accuracy: 0.9641 78/126 [=================>............] - ETA: 7:16 - loss: 0.1079 - accuracy: 0.9642 79/126 [=================>............] - ETA: 7:08 - loss: 0.1086 - accuracy: 0.9636 80/126 [==================>...........] - ETA: 6:59 - loss: 0.1087 - accuracy: 0.9632 81/126 [==================>...........] - ETA: 6:50 - loss: 0.1090 - accuracy: 0.9629 82/126 [==================>...........] - ETA: 6:41 - loss: 0.1094 - accuracy: 0.9626 83/126 [==================>...........] - ETA: 6:32 - loss: 0.1092 - accuracy: 0.9625 84/126 [===================>..........] - ETA: 6:23 - loss: 0.1091 - accuracy: 0.9624 85/126 [===================>..........] - ETA: 6:14 - loss: 0.1087 - accuracy: 0.9626 86/126 [===================>..........] - ETA: 6:05 - loss: 0.1089 - accuracy: 0.9626 87/126 [===================>..........] - ETA: 5:56 - loss: 0.1088 - accuracy: 0.9629 88/126 [===================>..........] - ETA: 5:47 - loss: 0.1097 - accuracy: 0.9629 89/126 [====================>.........] - ETA: 5:38 - loss: 0.1095 - accuracy: 0.9629 90/126 [====================>.........] - ETA: 5:29 - loss: 0.1102 - accuracy: 0.9627 91/126 [====================>.........] - ETA: 5:19 - loss: 0.1104 - accuracy: 0.9627 92/126 [====================>.........] - ETA: 5:10 - loss: 0.1109 - accuracy: 0.9624 93/126 [=====================>........] - ETA: 5:01 - loss: 0.1108 - accuracy: 0.9625 94/126 [=====================>........] - ETA: 4:52 - loss: 0.1109 - accuracy: 0.9627 95/126 [=====================>........] - ETA: 4:43 - loss: 0.1109 - accuracy: 0.9627 96/126 [=====================>........] - ETA: 4:33 - loss: 0.1110 - accuracy: 0.9626 97/126 [======================>.......] - ETA: 4:24 - loss: 0.1106 - accuracy: 0.9628 98/126 [======================>.......] - ETA: 4:15 - loss: 0.1103 - accuracy: 0.9630 99/126 [======================>.......] - ETA: 4:06 - loss: 0.1100 - accuracy: 0.9633100/126 [======================>.......] - ETA: 3:57 - loss: 0.1101 - accuracy: 0.9633101/126 [=======================>......] - ETA: 3:48 - loss: 0.1107 - accuracy: 0.9630102/126 [=======================>......] - ETA: 3:39 - loss: 0.1105 - accuracy: 0.9631103/126 [=======================>......] - ETA: 3:30 - loss: 0.1101 - accuracy: 0.9631104/126 [=======================>......] - ETA: 3:20 - loss: 0.1098 - accuracy: 0.9632105/126 [========================>.....] - ETA: 3:11 - loss: 0.1097 - accuracy: 0.9633106/126 [========================>.....] - ETA: 3:02 - loss: 0.1097 - accuracy: 0.9633107/126 [========================>.....] - ETA: 2:53 - loss: 0.1097 - accuracy: 0.9632108/126 [========================>.....] - ETA: 2:44 - loss: 0.1092 - accuracy: 0.9632109/126 [========================>.....] - ETA: 2:35 - loss: 0.1090 - accuracy: 0.9634110/126 [=========================>....] - ETA: 2:25 - loss: 0.1085 - accuracy: 0.9636111/126 [=========================>....] - ETA: 2:16 - loss: 0.1080 - accuracy: 0.9639112/126 [=========================>....] - ETA: 2:07 - loss: 0.1077 - accuracy: 0.9640113/126 [=========================>....] - ETA: 1:58 - loss: 0.1071 - accuracy: 0.9642114/126 [==========================>...] - ETA: 1:49 - loss: 0.1068 - accuracy: 0.9644115/126 [==========================>...] - ETA: 1:40 - loss: 0.1069 - accuracy: 0.9644116/126 [==========================>...] - ETA: 1:31 - loss: 0.1066 - accuracy: 0.9645117/126 [==========================>...] - ETA: 1:22 - loss: 0.1073 - accuracy: 0.9643118/126 [===========================>..] - ETA: 1:13 - loss: 0.1070 - accuracy: 0.9643119/126 [===========================>..] - ETA: 1:04 - loss: 0.1070 - accuracy: 0.9643120/126 [===========================>..] - ETA: 54s - loss: 0.1074 - accuracy: 0.9643 121/126 [===========================>..] - ETA: 45s - loss: 0.1072 - accuracy: 0.9642122/126 [============================>.] - ETA: 36s - loss: 0.1070 - accuracy: 0.9643123/126 [============================>.] - ETA: 27s - loss: 0.1067 - accuracy: 0.9643124/126 [============================>.] - ETA: 18s - loss: 0.1064 - accuracy: 0.9646125/126 [============================>.] - ETA: 9s - loss: 0.1061 - accuracy: 0.9647 126/126 [==============================] - ETA: 0s - loss: 0.1061 - accuracy: 0.9646
Epoch 00010: val_loss did not improve from 0.71034
126/126 [==============================] - 1204s 10s/step - loss: 0.1061 - accuracy: 0.9646 - val_loss: 1.6117 - val_accuracy: 0.4355
Epoch 11/30
  1/126 [..............................] - ETA: 22:15 - loss: 0.1277 - accuracy: 0.9609  2/126 [..............................] - ETA: 19:31 - loss: 0.0990 - accuracy: 0.9688  3/126 [..............................] - ETA: 19:15 - loss: 0.0929 - accuracy: 0.9740  4/126 [..............................] - ETA: 19:14 - loss: 0.0946 - accuracy: 0.9727  5/126 [>.............................] - ETA: 19:06 - loss: 0.1207 - accuracy: 0.9641  6/126 [>.............................] - ETA: 18:46 - loss: 0.1199 - accuracy: 0.9609  7/126 [>.............................] - ETA: 18:37 - loss: 0.1126 - accuracy: 0.9654  8/126 [>.............................] - ETA: 18:28 - loss: 0.1081 - accuracy: 0.9668  9/126 [=>............................] - ETA: 18:18 - loss: 0.1034 - accuracy: 0.9688 10/126 [=>............................] - ETA: 18:10 - loss: 0.1049 - accuracy: 0.9648 11/126 [=>............................] - ETA: 17:58 - loss: 0.1047 - accuracy: 0.9645 12/126 [=>............................] - ETA: 17:49 - loss: 0.1052 - accuracy: 0.9648 13/126 [==>...........................] - ETA: 17:42 - loss: 0.1048 - accuracy: 0.9651 14/126 [==>...........................] - ETA: 17:31 - loss: 0.1031 - accuracy: 0.9665 15/126 [==>...........................] - ETA: 17:22 - loss: 0.1038 - accuracy: 0.9661 16/126 [==>...........................] - ETA: 17:12 - loss: 0.1035 - accuracy: 0.9653 17/126 [===>..........................] - ETA: 17:04 - loss: 0.1056 - accuracy: 0.9655 18/126 [===>..........................] - ETA: 16:54 - loss: 0.1046 - accuracy: 0.9661 19/126 [===>..........................] - ETA: 16:44 - loss: 0.1061 - accuracy: 0.9659 20/126 [===>..........................] - ETA: 16:38 - loss: 0.1060 - accuracy: 0.9652 21/126 [====>.........................] - ETA: 16:28 - loss: 0.1055 - accuracy: 0.9658 22/126 [====>.........................] - ETA: 16:17 - loss: 0.1036 - accuracy: 0.9666 23/126 [====>.........................] - ETA: 16:05 - loss: 0.1031 - accuracy: 0.9667 24/126 [====>.........................] - ETA: 15:55 - loss: 0.1023 - accuracy: 0.9671 25/126 [====>.........................] - ETA: 15:46 - loss: 0.1035 - accuracy: 0.9669 26/126 [=====>........................] - ETA: 15:36 - loss: 0.1059 - accuracy: 0.9660 27/126 [=====>........................] - ETA: 15:27 - loss: 0.1054 - accuracy: 0.9661 28/126 [=====>........................] - ETA: 15:17 - loss: 0.1061 - accuracy: 0.9657 29/126 [=====>........................] - ETA: 15:06 - loss: 0.1053 - accuracy: 0.9663 30/126 [======>.......................] - ETA: 14:56 - loss: 0.1051 - accuracy: 0.9664 31/126 [======>.......................] - ETA: 14:46 - loss: 0.1054 - accuracy: 0.9660 32/126 [======>.......................] - ETA: 14:37 - loss: 0.1048 - accuracy: 0.9661 33/126 [======>.......................] - ETA: 14:28 - loss: 0.1040 - accuracy: 0.9661 34/126 [=======>......................] - ETA: 14:18 - loss: 0.1033 - accuracy: 0.9665 35/126 [=======>......................] - ETA: 14:09 - loss: 0.1034 - accuracy: 0.9665 36/126 [=======>......................] - ETA: 14:00 - loss: 0.1029 - accuracy: 0.9666 37/126 [=======>......................] - ETA: 13:50 - loss: 0.1026 - accuracy: 0.9666 38/126 [========>.....................] - ETA: 13:42 - loss: 0.1016 - accuracy: 0.9673 39/126 [========>.....................] - ETA: 13:32 - loss: 0.1018 - accuracy: 0.9671 40/126 [========>.....................] - ETA: 13:22 - loss: 0.1011 - accuracy: 0.9676 41/126 [========>.....................] - ETA: 13:13 - loss: 0.1001 - accuracy: 0.9680 42/126 [=========>....................] - ETA: 13:03 - loss: 0.0988 - accuracy: 0.9686 43/126 [=========>....................] - ETA: 12:54 - loss: 0.0988 - accuracy: 0.9686 44/126 [=========>....................] - ETA: 12:45 - loss: 0.1010 - accuracy: 0.9682 45/126 [=========>....................] - ETA: 12:35 - loss: 0.1008 - accuracy: 0.9681 46/126 [=========>....................] - ETA: 12:26 - loss: 0.1010 - accuracy: 0.9677 47/126 [==========>...................] - ETA: 12:17 - loss: 0.1002 - accuracy: 0.9681 48/126 [==========>...................] - ETA: 12:08 - loss: 0.0997 - accuracy: 0.9686 49/126 [==========>...................] - ETA: 11:59 - loss: 0.0999 - accuracy: 0.9684 50/126 [==========>...................] - ETA: 11:50 - loss: 0.0990 - accuracy: 0.9689 51/126 [===========>..................] - ETA: 11:41 - loss: 0.0986 - accuracy: 0.9692 52/126 [===========>..................] - ETA: 11:31 - loss: 0.0978 - accuracy: 0.9697 53/126 [===========>..................] - ETA: 11:22 - loss: 0.1011 - accuracy: 0.9689 54/126 [===========>..................] - ETA: 11:13 - loss: 0.1004 - accuracy: 0.9693 55/126 [============>.................] - ETA: 11:03 - loss: 0.0997 - accuracy: 0.9696 56/126 [============>.................] - ETA: 10:54 - loss: 0.0993 - accuracy: 0.9699 57/126 [============>.................] - ETA: 10:45 - loss: 0.0987 - accuracy: 0.9701 58/126 [============>.................] - ETA: 10:35 - loss: 0.0977 - accuracy: 0.9706 59/126 [=============>................] - ETA: 10:26 - loss: 0.0970 - accuracy: 0.9709 60/126 [=============>................] - ETA: 10:16 - loss: 0.0970 - accuracy: 0.9707 61/126 [=============>................] - ETA: 10:07 - loss: 0.0963 - accuracy: 0.9711 62/126 [=============>................] - ETA: 9:56 - loss: 0.0956 - accuracy: 0.9714  63/126 [==============>...............] - ETA: 9:47 - loss: 0.0963 - accuracy: 0.9711 64/126 [==============>...............] - ETA: 9:38 - loss: 0.0960 - accuracy: 0.9712 65/126 [==============>...............] - ETA: 9:25 - loss: 0.0969 - accuracy: 0.9707 66/126 [==============>...............] - ETA: 9:16 - loss: 0.0965 - accuracy: 0.9706 67/126 [==============>...............] - ETA: 9:07 - loss: 0.0967 - accuracy: 0.9706 68/126 [===============>..............] - ETA: 8:58 - loss: 0.0968 - accuracy: 0.9706 69/126 [===============>..............] - ETA: 8:48 - loss: 0.0962 - accuracy: 0.9708 70/126 [===============>..............] - ETA: 8:39 - loss: 0.0971 - accuracy: 0.9701 71/126 [===============>..............] - ETA: 8:30 - loss: 0.1008 - accuracy: 0.9687 72/126 [================>.............] - ETA: 8:21 - loss: 0.1003 - accuracy: 0.9690 73/126 [================>.............] - ETA: 8:11 - loss: 0.1003 - accuracy: 0.9692 74/126 [================>.............] - ETA: 8:02 - loss: 0.1004 - accuracy: 0.9691 75/126 [================>.............] - ETA: 7:53 - loss: 0.1002 - accuracy: 0.9691 76/126 [=================>............] - ETA: 7:44 - loss: 0.0997 - accuracy: 0.9691 77/126 [=================>............] - ETA: 7:35 - loss: 0.0996 - accuracy: 0.9690 78/126 [=================>............] - ETA: 7:25 - loss: 0.0995 - accuracy: 0.9689 79/126 [=================>............] - ETA: 7:16 - loss: 0.0996 - accuracy: 0.9687 80/126 [==================>...........] - ETA: 7:07 - loss: 0.0993 - accuracy: 0.9690 81/126 [==================>...........] - ETA: 6:57 - loss: 0.0993 - accuracy: 0.9690 82/126 [==================>...........] - ETA: 6:48 - loss: 0.0991 - accuracy: 0.9691 83/126 [==================>...........] - ETA: 6:39 - loss: 0.0990 - accuracy: 0.9691 84/126 [===================>..........] - ETA: 6:29 - loss: 0.0987 - accuracy: 0.9690 85/126 [===================>..........] - ETA: 6:20 - loss: 0.0986 - accuracy: 0.9691 86/126 [===================>..........] - ETA: 6:11 - loss: 0.0986 - accuracy: 0.9692 87/126 [===================>..........] - ETA: 6:01 - loss: 0.0985 - accuracy: 0.9694 88/126 [===================>..........] - ETA: 5:52 - loss: 0.0984 - accuracy: 0.9693 89/126 [====================>.........] - ETA: 5:43 - loss: 0.0990 - accuracy: 0.9691 90/126 [====================>.........] - ETA: 5:34 - loss: 0.0990 - accuracy: 0.9690 91/126 [====================>.........] - ETA: 5:24 - loss: 0.0988 - accuracy: 0.9691 92/126 [====================>.........] - ETA: 5:15 - loss: 0.0986 - accuracy: 0.9692 93/126 [=====================>........] - ETA: 5:05 - loss: 0.0990 - accuracy: 0.9691 94/126 [=====================>........] - ETA: 4:56 - loss: 0.0987 - accuracy: 0.9692 95/126 [=====================>........] - ETA: 4:47 - loss: 0.0985 - accuracy: 0.9693 96/126 [=====================>........] - ETA: 4:37 - loss: 0.0988 - accuracy: 0.9693 97/126 [======================>.......] - ETA: 4:28 - loss: 0.0982 - accuracy: 0.9695 98/126 [======================>.......] - ETA: 4:19 - loss: 0.0981 - accuracy: 0.9696 99/126 [======================>.......] - ETA: 4:10 - loss: 0.0978 - accuracy: 0.9698100/126 [======================>.......] - ETA: 4:00 - loss: 0.0973 - accuracy: 0.9699101/126 [=======================>......] - ETA: 3:51 - loss: 0.0975 - accuracy: 0.9698102/126 [=======================>......] - ETA: 3:42 - loss: 0.0973 - accuracy: 0.9698103/126 [=======================>......] - ETA: 3:32 - loss: 0.0971 - accuracy: 0.9698104/126 [=======================>......] - ETA: 3:23 - loss: 0.0970 - accuracy: 0.9698105/126 [========================>.....] - ETA: 3:14 - loss: 0.0972 - accuracy: 0.9698106/126 [========================>.....] - ETA: 3:05 - loss: 0.0969 - accuracy: 0.9697107/126 [========================>.....] - ETA: 2:55 - loss: 0.0968 - accuracy: 0.9698108/126 [========================>.....] - ETA: 2:46 - loss: 0.0969 - accuracy: 0.9698109/126 [========================>.....] - ETA: 2:37 - loss: 0.0968 - accuracy: 0.9699110/126 [=========================>....] - ETA: 2:28 - loss: 0.0966 - accuracy: 0.9701111/126 [=========================>....] - ETA: 2:18 - loss: 0.0964 - accuracy: 0.9702112/126 [=========================>....] - ETA: 2:09 - loss: 0.0964 - accuracy: 0.9700113/126 [=========================>....] - ETA: 2:00 - loss: 0.0965 - accuracy: 0.9698114/126 [==========================>...] - ETA: 1:50 - loss: 0.0962 - accuracy: 0.9700115/126 [==========================>...] - ETA: 1:41 - loss: 0.0960 - accuracy: 0.9700116/126 [==========================>...] - ETA: 1:32 - loss: 0.0959 - accuracy: 0.9701117/126 [==========================>...] - ETA: 1:23 - loss: 0.0962 - accuracy: 0.9699118/126 [===========================>..] - ETA: 1:13 - loss: 0.0958 - accuracy: 0.9701119/126 [===========================>..] - ETA: 1:04 - loss: 0.0958 - accuracy: 0.9701120/126 [===========================>..] - ETA: 55s - loss: 0.0960 - accuracy: 0.9700 121/126 [===========================>..] - ETA: 46s - loss: 0.0956 - accuracy: 0.9701122/126 [============================>.] - ETA: 37s - loss: 0.0953 - accuracy: 0.9702123/126 [============================>.] - ETA: 27s - loss: 0.0951 - accuracy: 0.9702124/126 [============================>.] - ETA: 18s - loss: 0.0956 - accuracy: 0.9701125/126 [============================>.] - ETA: 9s - loss: 0.0953 - accuracy: 0.9702 126/126 [==============================] - ETA: 0s - loss: 0.0953 - accuracy: 0.9702
Epoch 00011: val_loss did not improve from 0.71034
126/126 [==============================] - 1217s 10s/step - loss: 0.0953 - accuracy: 0.9702 - val_loss: 1.1249 - val_accuracy: 0.3721
Epoch 12/30
  1/126 [..............................] - ETA: 24:00 - loss: 0.1337 - accuracy: 0.9688  2/126 [..............................] - ETA: 19:16 - loss: 0.1106 - accuracy: 0.9688  3/126 [..............................] - ETA: 18:47 - loss: 0.0940 - accuracy: 0.9740  4/126 [..............................] - ETA: 18:48 - loss: 0.0978 - accuracy: 0.9688  5/126 [>.............................] - ETA: 18:41 - loss: 0.0957 - accuracy: 0.9656  6/126 [>.............................] - ETA: 18:36 - loss: 0.0958 - accuracy: 0.9648  7/126 [>.............................] - ETA: 18:20 - loss: 0.0973 - accuracy: 0.9665  8/126 [>.............................] - ETA: 18:09 - loss: 0.0960 - accuracy: 0.9678  9/126 [=>............................] - ETA: 17:13 - loss: 0.0920 - accuracy: 0.9704 10/126 [=>............................] - ETA: 17:10 - loss: 0.0939 - accuracy: 0.9695 11/126 [=>............................] - ETA: 17:00 - loss: 0.0922 - accuracy: 0.9687 12/126 [=>............................] - ETA: 16:57 - loss: 0.0891 - accuracy: 0.9693 13/126 [==>...........................] - ETA: 16:53 - loss: 0.0917 - accuracy: 0.9674 14/126 [==>...........................] - ETA: 16:44 - loss: 0.0906 - accuracy: 0.9687 15/126 [==>...........................] - ETA: 16:39 - loss: 0.0908 - accuracy: 0.9682 16/126 [==>...........................] - ETA: 16:32 - loss: 0.0909 - accuracy: 0.9692 17/126 [===>..........................] - ETA: 16:26 - loss: 0.0904 - accuracy: 0.9687 18/126 [===>..........................] - ETA: 16:19 - loss: 0.0897 - accuracy: 0.9691 19/126 [===>..........................] - ETA: 16:10 - loss: 0.0868 - accuracy: 0.9704 20/126 [===>..........................] - ETA: 16:02 - loss: 0.0883 - accuracy: 0.9703 21/126 [====>.........................] - ETA: 15:54 - loss: 0.0885 - accuracy: 0.9702 22/126 [====>.........................] - ETA: 15:46 - loss: 0.0881 - accuracy: 0.9709 23/126 [====>.........................] - ETA: 15:38 - loss: 0.0879 - accuracy: 0.9708 24/126 [====>.........................] - ETA: 15:29 - loss: 0.0889 - accuracy: 0.9713 25/126 [====>.........................] - ETA: 15:22 - loss: 0.0875 - accuracy: 0.9722 26/126 [=====>........................] - ETA: 15:13 - loss: 0.0883 - accuracy: 0.9717 27/126 [=====>........................] - ETA: 15:02 - loss: 0.0874 - accuracy: 0.9719 28/126 [=====>........................] - ETA: 14:54 - loss: 0.0865 - accuracy: 0.9727 29/126 [=====>........................] - ETA: 14:46 - loss: 0.0867 - accuracy: 0.9723 30/126 [======>.......................] - ETA: 14:37 - loss: 0.0854 - accuracy: 0.9729 31/126 [======>.......................] - ETA: 14:29 - loss: 0.0856 - accuracy: 0.9728 32/126 [======>.......................] - ETA: 14:19 - loss: 0.0873 - accuracy: 0.9719 33/126 [======>.......................] - ETA: 14:10 - loss: 0.0869 - accuracy: 0.9723 34/126 [=======>......................] - ETA: 14:02 - loss: 0.0864 - accuracy: 0.9727 35/126 [=======>......................] - ETA: 13:53 - loss: 0.0870 - accuracy: 0.9723 36/126 [=======>......................] - ETA: 13:44 - loss: 0.0874 - accuracy: 0.9722 37/126 [=======>......................] - ETA: 13:35 - loss: 0.0865 - accuracy: 0.9728 38/126 [========>.....................] - ETA: 13:26 - loss: 0.0861 - accuracy: 0.9727 39/126 [========>.....................] - ETA: 13:17 - loss: 0.0860 - accuracy: 0.9730 40/126 [========>.....................] - ETA: 13:08 - loss: 0.0854 - accuracy: 0.9732 41/126 [========>.....................] - ETA: 12:58 - loss: 0.0849 - accuracy: 0.9735 42/126 [=========>....................] - ETA: 12:49 - loss: 0.0849 - accuracy: 0.9738 43/126 [=========>....................] - ETA: 12:40 - loss: 0.0859 - accuracy: 0.9737 44/126 [=========>....................] - ETA: 12:31 - loss: 0.0855 - accuracy: 0.9737 45/126 [=========>....................] - ETA: 12:22 - loss: 0.0856 - accuracy: 0.9734 46/126 [=========>....................] - ETA: 12:13 - loss: 0.0855 - accuracy: 0.9733 47/126 [==========>...................] - ETA: 12:04 - loss: 0.0846 - accuracy: 0.9737 48/126 [==========>...................] - ETA: 11:55 - loss: 0.0848 - accuracy: 0.9740 49/126 [==========>...................] - ETA: 11:46 - loss: 0.0847 - accuracy: 0.9739 50/126 [==========>...................] - ETA: 11:37 - loss: 0.0848 - accuracy: 0.9739 51/126 [===========>..................] - ETA: 11:28 - loss: 0.0848 - accuracy: 0.9735 52/126 [===========>..................] - ETA: 11:19 - loss: 0.0856 - accuracy: 0.9734 53/126 [===========>..................] - ETA: 11:10 - loss: 0.0858 - accuracy: 0.9732 54/126 [===========>..................] - ETA: 11:01 - loss: 0.0857 - accuracy: 0.9734 55/126 [============>.................] - ETA: 10:52 - loss: 0.0852 - accuracy: 0.9734 56/126 [============>.................] - ETA: 10:43 - loss: 0.0864 - accuracy: 0.9729 57/126 [============>.................] - ETA: 10:34 - loss: 0.0857 - accuracy: 0.9734 58/126 [============>.................] - ETA: 10:25 - loss: 0.0862 - accuracy: 0.9732 59/126 [=============>................] - ETA: 10:16 - loss: 0.0861 - accuracy: 0.9731 60/126 [=============>................] - ETA: 10:07 - loss: 0.0855 - accuracy: 0.9734 61/126 [=============>................] - ETA: 9:58 - loss: 0.0853 - accuracy: 0.9735  62/126 [=============>................] - ETA: 9:49 - loss: 0.0855 - accuracy: 0.9733 63/126 [==============>...............] - ETA: 9:40 - loss: 0.0855 - accuracy: 0.9731 64/126 [==============>...............] - ETA: 9:31 - loss: 0.0860 - accuracy: 0.9730 65/126 [==============>...............] - ETA: 9:22 - loss: 0.0863 - accuracy: 0.9730 66/126 [==============>...............] - ETA: 9:12 - loss: 0.0856 - accuracy: 0.9733 67/126 [==============>...............] - ETA: 9:03 - loss: 0.0858 - accuracy: 0.9731 68/126 [===============>..............] - ETA: 8:54 - loss: 0.0864 - accuracy: 0.9727 69/126 [===============>..............] - ETA: 8:45 - loss: 0.0865 - accuracy: 0.9725 70/126 [===============>..............] - ETA: 8:36 - loss: 0.0868 - accuracy: 0.9727 71/126 [===============>..............] - ETA: 8:27 - loss: 0.0869 - accuracy: 0.9725 72/126 [================>.............] - ETA: 8:18 - loss: 0.0871 - accuracy: 0.9724 73/126 [================>.............] - ETA: 8:08 - loss: 0.0877 - accuracy: 0.9724 74/126 [================>.............] - ETA: 7:59 - loss: 0.0871 - accuracy: 0.9727 75/126 [================>.............] - ETA: 7:50 - loss: 0.0870 - accuracy: 0.9727 76/126 [=================>............] - ETA: 7:41 - loss: 0.0871 - accuracy: 0.9729 77/126 [=================>............] - ETA: 7:32 - loss: 0.0864 - accuracy: 0.9732 78/126 [=================>............] - ETA: 7:22 - loss: 0.0866 - accuracy: 0.9731 79/126 [=================>............] - ETA: 7:13 - loss: 0.0860 - accuracy: 0.9734 80/126 [==================>...........] - ETA: 7:04 - loss: 0.0863 - accuracy: 0.9731 81/126 [==================>...........] - ETA: 6:54 - loss: 0.0870 - accuracy: 0.9730 82/126 [==================>...........] - ETA: 6:45 - loss: 0.0872 - accuracy: 0.9729 83/126 [==================>...........] - ETA: 6:36 - loss: 0.0874 - accuracy: 0.9729 84/126 [===================>..........] - ETA: 6:27 - loss: 0.0880 - accuracy: 0.9728 85/126 [===================>..........] - ETA: 6:18 - loss: 0.0885 - accuracy: 0.9725 86/126 [===================>..........] - ETA: 6:08 - loss: 0.0881 - accuracy: 0.9727 87/126 [===================>..........] - ETA: 5:59 - loss: 0.0882 - accuracy: 0.9725 88/126 [===================>..........] - ETA: 5:50 - loss: 0.0880 - accuracy: 0.9725 89/126 [====================>.........] - ETA: 5:41 - loss: 0.0877 - accuracy: 0.9727 90/126 [====================>.........] - ETA: 5:32 - loss: 0.0872 - accuracy: 0.9729 91/126 [====================>.........] - ETA: 5:22 - loss: 0.0871 - accuracy: 0.9729 92/126 [====================>.........] - ETA: 5:13 - loss: 0.0875 - accuracy: 0.9725 93/126 [=====================>........] - ETA: 5:04 - loss: 0.0875 - accuracy: 0.9724 94/126 [=====================>........] - ETA: 4:55 - loss: 0.0874 - accuracy: 0.9726 95/126 [=====================>........] - ETA: 4:46 - loss: 0.0876 - accuracy: 0.9726 96/126 [=====================>........] - ETA: 4:36 - loss: 0.0874 - accuracy: 0.9727 97/126 [======================>.......] - ETA: 4:27 - loss: 0.0872 - accuracy: 0.9726 98/126 [======================>.......] - ETA: 4:18 - loss: 0.0869 - accuracy: 0.9728 99/126 [======================>.......] - ETA: 4:09 - loss: 0.0870 - accuracy: 0.9728100/126 [======================>.......] - ETA: 4:00 - loss: 0.0874 - accuracy: 0.9724101/126 [=======================>......] - ETA: 3:50 - loss: 0.0874 - accuracy: 0.9723102/126 [=======================>......] - ETA: 3:41 - loss: 0.0871 - accuracy: 0.9724103/126 [=======================>......] - ETA: 3:32 - loss: 0.0868 - accuracy: 0.9725104/126 [=======================>......] - ETA: 3:23 - loss: 0.0869 - accuracy: 0.9723105/126 [========================>.....] - ETA: 3:14 - loss: 0.0869 - accuracy: 0.9722106/126 [========================>.....] - ETA: 3:04 - loss: 0.0867 - accuracy: 0.9724107/126 [========================>.....] - ETA: 2:55 - loss: 0.0864 - accuracy: 0.9726108/126 [========================>.....] - ETA: 2:46 - loss: 0.0868 - accuracy: 0.9723109/126 [========================>.....] - ETA: 2:37 - loss: 0.0867 - accuracy: 0.9723110/126 [=========================>....] - ETA: 2:27 - loss: 0.0865 - accuracy: 0.9724111/126 [=========================>....] - ETA: 2:18 - loss: 0.0866 - accuracy: 0.9724112/126 [=========================>....] - ETA: 2:09 - loss: 0.0864 - accuracy: 0.9724113/126 [=========================>....] - ETA: 2:00 - loss: 0.0862 - accuracy: 0.9726114/126 [==========================>...] - ETA: 1:50 - loss: 0.0860 - accuracy: 0.9727115/126 [==========================>...] - ETA: 1:41 - loss: 0.0857 - accuracy: 0.9729116/126 [==========================>...] - ETA: 1:32 - loss: 0.0855 - accuracy: 0.9729117/126 [==========================>...] - ETA: 1:23 - loss: 0.0855 - accuracy: 0.9730118/126 [===========================>..] - ETA: 1:13 - loss: 0.0856 - accuracy: 0.9729119/126 [===========================>..] - ETA: 1:04 - loss: 0.0853 - accuracy: 0.9730120/126 [===========================>..] - ETA: 55s - loss: 0.0849 - accuracy: 0.9732 121/126 [===========================>..] - ETA: 46s - loss: 0.0846 - accuracy: 0.9733122/126 [============================>.] - ETA: 36s - loss: 0.0844 - accuracy: 0.9734123/126 [============================>.] - ETA: 27s - loss: 0.0841 - accuracy: 0.9735124/126 [============================>.] - ETA: 18s - loss: 0.0839 - accuracy: 0.9736125/126 [============================>.] - ETA: 9s - loss: 0.0838 - accuracy: 0.9737 126/126 [==============================] - ETA: 0s - loss: 0.0841 - accuracy: 0.9736
Epoch 00012: val_loss improved from 0.71034 to 0.69282, saving model to Effi_checkpoint_best_0.6928.h5
126/126 [==============================] - 1220s 10s/step - loss: 0.0841 - accuracy: 0.9736 - val_loss: 0.6928 - val_accuracy: 0.6010
Epoch 13/30
  1/126 [..............................] - ETA: 22:06 - loss: 0.0440 - accuracy: 0.9922  2/126 [..............................] - ETA: 19:27 - loss: 0.0607 - accuracy: 0.9883  3/126 [..............................] - ETA: 19:12 - loss: 0.0552 - accuracy: 0.9896  4/126 [..............................] - ETA: 18:51 - loss: 0.0567 - accuracy: 0.9883  5/126 [>.............................] - ETA: 18:45 - loss: 0.0591 - accuracy: 0.9891  6/126 [>.............................] - ETA: 18:33 - loss: 0.0643 - accuracy: 0.9857  7/126 [>.............................] - ETA: 18:29 - loss: 0.0731 - accuracy: 0.9844  8/126 [>.............................] - ETA: 18:24 - loss: 0.0721 - accuracy: 0.9844  9/126 [=>............................] - ETA: 18:11 - loss: 0.0698 - accuracy: 0.9844 10/126 [=>............................] - ETA: 17:58 - loss: 0.0684 - accuracy: 0.9836 11/126 [=>............................] - ETA: 17:48 - loss: 0.0674 - accuracy: 0.9837 12/126 [=>............................] - ETA: 17:38 - loss: 0.0707 - accuracy: 0.9831 13/126 [==>...........................] - ETA: 17:33 - loss: 0.0798 - accuracy: 0.9802 14/126 [==>...........................] - ETA: 17:25 - loss: 0.0769 - accuracy: 0.9805 15/126 [==>...........................] - ETA: 17:15 - loss: 0.0754 - accuracy: 0.9807 16/126 [==>...........................] - ETA: 17:04 - loss: 0.0762 - accuracy: 0.9805 17/126 [===>..........................] - ETA: 16:53 - loss: 0.0768 - accuracy: 0.9798 18/126 [===>..........................] - ETA: 16:44 - loss: 0.0761 - accuracy: 0.9800 19/126 [===>..........................] - ETA: 16:36 - loss: 0.0759 - accuracy: 0.9799 20/126 [===>..........................] - ETA: 16:26 - loss: 0.0767 - accuracy: 0.9793 21/126 [====>.........................] - ETA: 16:17 - loss: 0.0766 - accuracy: 0.9788 22/126 [====>.........................] - ETA: 16:07 - loss: 0.0750 - accuracy: 0.9794 23/126 [====>.........................] - ETA: 15:58 - loss: 0.0772 - accuracy: 0.9779 24/126 [====>.........................] - ETA: 15:48 - loss: 0.0770 - accuracy: 0.9782 25/126 [====>.........................] - ETA: 15:38 - loss: 0.0785 - accuracy: 0.9766 26/126 [=====>........................] - ETA: 15:29 - loss: 0.0777 - accuracy: 0.9772 27/126 [=====>........................] - ETA: 15:19 - loss: 0.0780 - accuracy: 0.9769 28/126 [=====>........................] - ETA: 15:09 - loss: 0.0791 - accuracy: 0.9760 29/126 [=====>........................] - ETA: 15:00 - loss: 0.0795 - accuracy: 0.9763 30/126 [======>.......................] - ETA: 14:50 - loss: 0.0793 - accuracy: 0.9763 31/126 [======>.......................] - ETA: 14:40 - loss: 0.0782 - accuracy: 0.9771 32/126 [======>.......................] - ETA: 14:30 - loss: 0.0776 - accuracy: 0.9773 33/126 [======>.......................] - ETA: 14:22 - loss: 0.0769 - accuracy: 0.9777 34/126 [=======>......................] - ETA: 14:13 - loss: 0.0765 - accuracy: 0.9779 35/126 [=======>......................] - ETA: 14:03 - loss: 0.0795 - accuracy: 0.9766 36/126 [=======>......................] - ETA: 13:52 - loss: 0.0814 - accuracy: 0.9761 37/126 [=======>......................] - ETA: 13:44 - loss: 0.0830 - accuracy: 0.9757 38/126 [========>.....................] - ETA: 13:35 - loss: 0.0828 - accuracy: 0.9759 39/126 [========>.....................] - ETA: 13:26 - loss: 0.0837 - accuracy: 0.9758 40/126 [========>.....................] - ETA: 13:18 - loss: 0.0836 - accuracy: 0.9758 41/126 [========>.....................] - ETA: 13:10 - loss: 0.0846 - accuracy: 0.9756 42/126 [=========>....................] - ETA: 13:00 - loss: 0.0844 - accuracy: 0.9760 43/126 [=========>....................] - ETA: 12:51 - loss: 0.0837 - accuracy: 0.9762 44/126 [=========>....................] - ETA: 12:42 - loss: 0.0837 - accuracy: 0.9762 45/126 [=========>....................] - ETA: 12:33 - loss: 0.0848 - accuracy: 0.9759 46/126 [=========>....................] - ETA: 12:24 - loss: 0.0856 - accuracy: 0.9752 47/126 [==========>...................] - ETA: 12:15 - loss: 0.0864 - accuracy: 0.9751 48/126 [==========>...................] - ETA: 12:06 - loss: 0.0868 - accuracy: 0.9744 49/126 [==========>...................] - ETA: 11:56 - loss: 0.0873 - accuracy: 0.9743 50/126 [==========>...................] - ETA: 11:47 - loss: 0.0882 - accuracy: 0.9736 51/126 [===========>..................] - ETA: 11:38 - loss: 0.0887 - accuracy: 0.9732 52/126 [===========>..................] - ETA: 11:30 - loss: 0.0901 - accuracy: 0.9728 53/126 [===========>..................] - ETA: 11:16 - loss: 0.0900 - accuracy: 0.9729 54/126 [===========>..................] - ETA: 11:07 - loss: 0.0907 - accuracy: 0.9722 55/126 [============>.................] - ETA: 10:58 - loss: 0.0912 - accuracy: 0.9719 56/126 [============>.................] - ETA: 10:49 - loss: 0.0918 - accuracy: 0.9720 57/126 [============>.................] - ETA: 10:40 - loss: 0.0915 - accuracy: 0.9722 58/126 [============>.................] - ETA: 10:31 - loss: 0.0917 - accuracy: 0.9721 59/126 [=============>................] - ETA: 10:22 - loss: 0.0916 - accuracy: 0.9723 60/126 [=============>................] - ETA: 10:12 - loss: 0.0909 - accuracy: 0.9727 61/126 [=============>................] - ETA: 10:03 - loss: 0.0909 - accuracy: 0.9723 62/126 [=============>................] - ETA: 9:54 - loss: 0.0929 - accuracy: 0.9715  63/126 [==============>...............] - ETA: 9:45 - loss: 0.0925 - accuracy: 0.9717 64/126 [==============>...............] - ETA: 9:36 - loss: 0.0925 - accuracy: 0.9717 65/126 [==============>...............] - ETA: 9:27 - loss: 0.0936 - accuracy: 0.9713 66/126 [==============>...............] - ETA: 9:18 - loss: 0.0935 - accuracy: 0.9712 67/126 [==============>...............] - ETA: 9:08 - loss: 0.0935 - accuracy: 0.9713 68/126 [===============>..............] - ETA: 8:59 - loss: 0.0929 - accuracy: 0.9715 69/126 [===============>..............] - ETA: 8:50 - loss: 0.0929 - accuracy: 0.9714 70/126 [===============>..............] - ETA: 8:41 - loss: 0.0923 - accuracy: 0.9716 71/126 [===============>..............] - ETA: 8:31 - loss: 0.0927 - accuracy: 0.9715 72/126 [================>.............] - ETA: 8:22 - loss: 0.0929 - accuracy: 0.9716 73/126 [================>.............] - ETA: 8:12 - loss: 0.0929 - accuracy: 0.9714 74/126 [================>.............] - ETA: 8:03 - loss: 0.0928 - accuracy: 0.9714 75/126 [================>.............] - ETA: 7:54 - loss: 0.0930 - accuracy: 0.9714 76/126 [=================>............] - ETA: 7:45 - loss: 0.0934 - accuracy: 0.9711 77/126 [=================>............] - ETA: 7:36 - loss: 0.0929 - accuracy: 0.9714 78/126 [=================>............] - ETA: 7:27 - loss: 0.0923 - accuracy: 0.9718 79/126 [=================>............] - ETA: 7:17 - loss: 0.0920 - accuracy: 0.9719 80/126 [==================>...........] - ETA: 7:08 - loss: 0.0917 - accuracy: 0.9720 81/126 [==================>...........] - ETA: 6:59 - loss: 0.0921 - accuracy: 0.9717 82/126 [==================>...........] - ETA: 6:49 - loss: 0.0916 - accuracy: 0.9720 83/126 [==================>...........] - ETA: 6:40 - loss: 0.0912 - accuracy: 0.9722 84/126 [===================>..........] - ETA: 6:30 - loss: 0.0919 - accuracy: 0.9720 85/126 [===================>..........] - ETA: 6:21 - loss: 0.0919 - accuracy: 0.9720 86/126 [===================>..........] - ETA: 6:12 - loss: 0.0917 - accuracy: 0.9719 87/126 [===================>..........] - ETA: 6:02 - loss: 0.0918 - accuracy: 0.9719 88/126 [===================>..........] - ETA: 5:53 - loss: 0.0914 - accuracy: 0.9719 89/126 [====================>.........] - ETA: 5:44 - loss: 0.0917 - accuracy: 0.9718 90/126 [====================>.........] - ETA: 5:35 - loss: 0.0916 - accuracy: 0.9717 91/126 [====================>.........] - ETA: 5:25 - loss: 0.0918 - accuracy: 0.9718 92/126 [====================>.........] - ETA: 5:16 - loss: 0.0913 - accuracy: 0.9720 93/126 [=====================>........] - ETA: 5:07 - loss: 0.0914 - accuracy: 0.9721 94/126 [=====================>........] - ETA: 4:58 - loss: 0.0912 - accuracy: 0.9722 95/126 [=====================>........] - ETA: 4:48 - loss: 0.0910 - accuracy: 0.9723 96/126 [=====================>........] - ETA: 4:39 - loss: 0.0915 - accuracy: 0.9719 97/126 [======================>.......] - ETA: 4:30 - loss: 0.0922 - accuracy: 0.9720 98/126 [======================>.......] - ETA: 4:20 - loss: 0.0922 - accuracy: 0.9719 99/126 [======================>.......] - ETA: 4:11 - loss: 0.0916 - accuracy: 0.9721100/126 [======================>.......] - ETA: 4:02 - loss: 0.0917 - accuracy: 0.9721101/126 [=======================>......] - ETA: 3:52 - loss: 0.0915 - accuracy: 0.9722102/126 [=======================>......] - ETA: 3:43 - loss: 0.0915 - accuracy: 0.9722103/126 [=======================>......] - ETA: 3:34 - loss: 0.0911 - accuracy: 0.9724104/126 [=======================>......] - ETA: 3:24 - loss: 0.0910 - accuracy: 0.9723105/126 [========================>.....] - ETA: 3:15 - loss: 0.0905 - accuracy: 0.9725106/126 [========================>.....] - ETA: 3:06 - loss: 0.0902 - accuracy: 0.9727107/126 [========================>.....] - ETA: 2:57 - loss: 0.0901 - accuracy: 0.9726108/126 [========================>.....] - ETA: 2:47 - loss: 0.0898 - accuracy: 0.9727109/126 [========================>.....] - ETA: 2:38 - loss: 0.0895 - accuracy: 0.9729110/126 [=========================>....] - ETA: 2:29 - loss: 0.0897 - accuracy: 0.9729111/126 [=========================>....] - ETA: 2:20 - loss: 0.0897 - accuracy: 0.9728112/126 [=========================>....] - ETA: 2:10 - loss: 0.0896 - accuracy: 0.9729113/126 [=========================>....] - ETA: 2:01 - loss: 0.0898 - accuracy: 0.9729114/126 [==========================>...] - ETA: 1:51 - loss: 0.0896 - accuracy: 0.9729115/126 [==========================>...] - ETA: 1:42 - loss: 0.0896 - accuracy: 0.9730116/126 [==========================>...] - ETA: 1:33 - loss: 0.0895 - accuracy: 0.9731117/126 [==========================>...] - ETA: 1:23 - loss: 0.0899 - accuracy: 0.9730118/126 [===========================>..] - ETA: 1:14 - loss: 0.0900 - accuracy: 0.9729119/126 [===========================>..] - ETA: 1:05 - loss: 0.0900 - accuracy: 0.9728120/126 [===========================>..] - ETA: 55s - loss: 0.0904 - accuracy: 0.9727 121/126 [===========================>..] - ETA: 46s - loss: 0.0903 - accuracy: 0.9726122/126 [============================>.] - ETA: 37s - loss: 0.0902 - accuracy: 0.9727123/126 [============================>.] - ETA: 28s - loss: 0.0898 - accuracy: 0.9728124/126 [============================>.] - ETA: 18s - loss: 0.0901 - accuracy: 0.9727125/126 [============================>.] - ETA: 9s - loss: 0.0901 - accuracy: 0.9724 126/126 [==============================] - ETA: 0s - loss: 0.0900 - accuracy: 0.9725
Epoch 00013: val_loss did not improve from 0.69282
126/126 [==============================] - 1229s 10s/step - loss: 0.0900 - accuracy: 0.9725 - val_loss: 0.8867 - val_accuracy: 0.5471
Epoch 14/30
  1/126 [..............................] - ETA: 22:32 - loss: 0.1693 - accuracy: 0.9531  2/126 [..............................] - ETA: 18:59 - loss: 0.1210 - accuracy: 0.9688  3/126 [..............................] - ETA: 19:08 - loss: 0.1129 - accuracy: 0.9714  4/126 [..............................] - ETA: 19:01 - loss: 0.1029 - accuracy: 0.9746  5/126 [>.............................] - ETA: 18:51 - loss: 0.1029 - accuracy: 0.9734  6/126 [>.............................] - ETA: 18:37 - loss: 0.0923 - accuracy: 0.9766  7/126 [>.............................] - ETA: 18:22 - loss: 0.0888 - accuracy: 0.9754  8/126 [>.............................] - ETA: 18:11 - loss: 0.0882 - accuracy: 0.9746  9/126 [=>............................] - ETA: 17:59 - loss: 0.0858 - accuracy: 0.9748 10/126 [=>............................] - ETA: 17:52 - loss: 0.0843 - accuracy: 0.9758 11/126 [=>............................] - ETA: 17:39 - loss: 0.0855 - accuracy: 0.9744 12/126 [=>............................] - ETA: 17:15 - loss: 0.0829 - accuracy: 0.9753 13/126 [==>...........................] - ETA: 17:00 - loss: 0.0812 - accuracy: 0.9754 14/126 [==>...........................] - ETA: 16:47 - loss: 0.0803 - accuracy: 0.9760 15/126 [==>...........................] - ETA: 16:36 - loss: 0.0780 - accuracy: 0.9771 16/126 [==>...........................] - ETA: 16:25 - loss: 0.0769 - accuracy: 0.9771 17/126 [===>..........................] - ETA: 16:14 - loss: 0.0761 - accuracy: 0.9770 18/126 [===>..........................] - ETA: 16:04 - loss: 0.0750 - accuracy: 0.9779 19/126 [===>..........................] - ETA: 15:53 - loss: 0.0732 - accuracy: 0.9790 20/126 [===>..........................] - ETA: 15:41 - loss: 0.0719 - accuracy: 0.9793 21/126 [====>.........................] - ETA: 15:32 - loss: 0.0739 - accuracy: 0.9784 22/126 [====>.........................] - ETA: 15:22 - loss: 0.0715 - accuracy: 0.9794 23/126 [====>.........................] - ETA: 15:11 - loss: 0.0717 - accuracy: 0.9786 24/126 [====>.........................] - ETA: 15:00 - loss: 0.0710 - accuracy: 0.9788 25/126 [====>.........................] - ETA: 14:51 - loss: 0.0712 - accuracy: 0.9787 26/126 [=====>........................] - ETA: 14:42 - loss: 0.0704 - accuracy: 0.9793 27/126 [=====>........................] - ETA: 14:34 - loss: 0.0717 - accuracy: 0.9786 28/126 [=====>........................] - ETA: 14:25 - loss: 0.0707 - accuracy: 0.9791 29/126 [=====>........................] - ETA: 14:18 - loss: 0.0708 - accuracy: 0.9790 30/126 [======>.......................] - ETA: 14:09 - loss: 0.0722 - accuracy: 0.9789 31/126 [======>.......................] - ETA: 14:00 - loss: 0.0711 - accuracy: 0.9793 32/126 [======>.......................] - ETA: 13:52 - loss: 0.0741 - accuracy: 0.9783 33/126 [======>.......................] - ETA: 13:43 - loss: 0.0735 - accuracy: 0.9782 34/126 [=======>......................] - ETA: 13:34 - loss: 0.0727 - accuracy: 0.9786 35/126 [=======>......................] - ETA: 13:25 - loss: 0.0729 - accuracy: 0.9786 36/126 [=======>......................] - ETA: 13:16 - loss: 0.0735 - accuracy: 0.9783 37/126 [=======>......................] - ETA: 13:07 - loss: 0.0737 - accuracy: 0.9780 38/126 [========>.....................] - ETA: 12:58 - loss: 0.0735 - accuracy: 0.9776 39/126 [========>.....................] - ETA: 12:49 - loss: 0.0729 - accuracy: 0.9778 40/126 [========>.....................] - ETA: 12:40 - loss: 0.0722 - accuracy: 0.9781 41/126 [========>.....................] - ETA: 12:31 - loss: 0.0717 - accuracy: 0.9785 42/126 [=========>....................] - ETA: 12:22 - loss: 0.0712 - accuracy: 0.9788 43/126 [=========>....................] - ETA: 12:13 - loss: 0.0705 - accuracy: 0.9791 44/126 [=========>....................] - ETA: 12:04 - loss: 0.0721 - accuracy: 0.9785 45/126 [=========>....................] - ETA: 11:55 - loss: 0.0725 - accuracy: 0.9780 46/126 [=========>....................] - ETA: 11:46 - loss: 0.0721 - accuracy: 0.9783 47/126 [==========>...................] - ETA: 11:38 - loss: 0.0722 - accuracy: 0.9781 48/126 [==========>...................] - ETA: 11:28 - loss: 0.0725 - accuracy: 0.9780 49/126 [==========>...................] - ETA: 11:19 - loss: 0.0728 - accuracy: 0.9778 50/126 [==========>...................] - ETA: 11:10 - loss: 0.0733 - accuracy: 0.9773 51/126 [===========>..................] - ETA: 11:01 - loss: 0.0738 - accuracy: 0.9775 52/126 [===========>..................] - ETA: 10:52 - loss: 0.0745 - accuracy: 0.9775 53/126 [===========>..................] - ETA: 10:43 - loss: 0.0743 - accuracy: 0.9774 54/126 [===========>..................] - ETA: 10:35 - loss: 0.0742 - accuracy: 0.9774 55/126 [============>.................] - ETA: 10:26 - loss: 0.0749 - accuracy: 0.9770 56/126 [============>.................] - ETA: 10:18 - loss: 0.0760 - accuracy: 0.9768 57/126 [============>.................] - ETA: 10:09 - loss: 0.0754 - accuracy: 0.9771 58/126 [============>.................] - ETA: 10:01 - loss: 0.0751 - accuracy: 0.9771 59/126 [=============>................] - ETA: 9:52 - loss: 0.0755 - accuracy: 0.9770  60/126 [=============>................] - ETA: 9:43 - loss: 0.0755 - accuracy: 0.9767 61/126 [=============>................] - ETA: 9:34 - loss: 0.0755 - accuracy: 0.9764 62/126 [=============>................] - ETA: 9:25 - loss: 0.0754 - accuracy: 0.9764 63/126 [==============>...............] - ETA: 9:16 - loss: 0.0757 - accuracy: 0.9762 64/126 [==============>...............] - ETA: 9:08 - loss: 0.0757 - accuracy: 0.9760 65/126 [==============>...............] - ETA: 8:59 - loss: 0.0759 - accuracy: 0.9758 66/126 [==============>...............] - ETA: 8:50 - loss: 0.0764 - accuracy: 0.9757 67/126 [==============>...............] - ETA: 8:41 - loss: 0.0761 - accuracy: 0.9759 68/126 [===============>..............] - ETA: 8:33 - loss: 0.0761 - accuracy: 0.9759 69/126 [===============>..............] - ETA: 8:24 - loss: 0.0758 - accuracy: 0.9761 70/126 [===============>..............] - ETA: 8:15 - loss: 0.0765 - accuracy: 0.9757 71/126 [===============>..............] - ETA: 8:06 - loss: 0.0767 - accuracy: 0.9757 72/126 [================>.............] - ETA: 7:57 - loss: 0.0769 - accuracy: 0.9757 73/126 [================>.............] - ETA: 7:48 - loss: 0.0765 - accuracy: 0.9757 74/126 [================>.............] - ETA: 7:39 - loss: 0.0763 - accuracy: 0.9757 75/126 [================>.............] - ETA: 7:30 - loss: 0.0760 - accuracy: 0.9756 76/126 [=================>............] - ETA: 7:21 - loss: 0.0759 - accuracy: 0.9754 77/126 [=================>............] - ETA: 7:12 - loss: 0.0756 - accuracy: 0.9755 78/126 [=================>............] - ETA: 7:04 - loss: 0.0756 - accuracy: 0.9755 79/126 [=================>............] - ETA: 6:55 - loss: 0.0759 - accuracy: 0.9755 80/126 [==================>...........] - ETA: 6:46 - loss: 0.0758 - accuracy: 0.9756 81/126 [==================>...........] - ETA: 6:37 - loss: 0.0756 - accuracy: 0.9757 82/126 [==================>...........] - ETA: 6:28 - loss: 0.0755 - accuracy: 0.9757 83/126 [==================>...........] - ETA: 6:19 - loss: 0.0759 - accuracy: 0.9754 84/126 [===================>..........] - ETA: 6:11 - loss: 0.0754 - accuracy: 0.9756 85/126 [===================>..........] - ETA: 6:02 - loss: 0.0763 - accuracy: 0.9753 86/126 [===================>..........] - ETA: 5:53 - loss: 0.0758 - accuracy: 0.9756 87/126 [===================>..........] - ETA: 5:44 - loss: 0.0757 - accuracy: 0.9757 88/126 [===================>..........] - ETA: 5:36 - loss: 0.0756 - accuracy: 0.9757 89/126 [====================>.........] - ETA: 5:27 - loss: 0.0758 - accuracy: 0.9753 90/126 [====================>.........] - ETA: 5:18 - loss: 0.0756 - accuracy: 0.9753 91/126 [====================>.........] - ETA: 5:09 - loss: 0.0753 - accuracy: 0.9755 92/126 [====================>.........] - ETA: 4:59 - loss: 0.0757 - accuracy: 0.9755 93/126 [=====================>........] - ETA: 4:50 - loss: 0.0765 - accuracy: 0.9753 94/126 [=====================>........] - ETA: 4:42 - loss: 0.0766 - accuracy: 0.9752 95/126 [=====================>........] - ETA: 4:33 - loss: 0.0763 - accuracy: 0.9753 96/126 [=====================>........] - ETA: 4:24 - loss: 0.0761 - accuracy: 0.9755 97/126 [======================>.......] - ETA: 4:15 - loss: 0.0763 - accuracy: 0.9756 98/126 [======================>.......] - ETA: 4:06 - loss: 0.0762 - accuracy: 0.9757 99/126 [======================>.......] - ETA: 3:57 - loss: 0.0763 - accuracy: 0.9758100/126 [======================>.......] - ETA: 3:49 - loss: 0.0769 - accuracy: 0.9757101/126 [=======================>......] - ETA: 3:40 - loss: 0.0770 - accuracy: 0.9758102/126 [=======================>......] - ETA: 3:31 - loss: 0.0776 - accuracy: 0.9757103/126 [=======================>......] - ETA: 3:22 - loss: 0.0773 - accuracy: 0.9757104/126 [=======================>......] - ETA: 3:13 - loss: 0.0776 - accuracy: 0.9757105/126 [========================>.....] - ETA: 3:05 - loss: 0.0775 - accuracy: 0.9758106/126 [========================>.....] - ETA: 2:56 - loss: 0.0775 - accuracy: 0.9758107/126 [========================>.....] - ETA: 2:47 - loss: 0.0776 - accuracy: 0.9756108/126 [========================>.....] - ETA: 2:38 - loss: 0.0777 - accuracy: 0.9756109/126 [========================>.....] - ETA: 2:30 - loss: 0.0779 - accuracy: 0.9754110/126 [=========================>....] - ETA: 2:21 - loss: 0.0778 - accuracy: 0.9755111/126 [=========================>....] - ETA: 2:12 - loss: 0.0776 - accuracy: 0.9756112/126 [=========================>....] - ETA: 2:03 - loss: 0.0776 - accuracy: 0.9755113/126 [=========================>....] - ETA: 1:54 - loss: 0.0779 - accuracy: 0.9754114/126 [==========================>...] - ETA: 1:45 - loss: 0.0776 - accuracy: 0.9755115/126 [==========================>...] - ETA: 1:37 - loss: 0.0776 - accuracy: 0.9756116/126 [==========================>...] - ETA: 1:28 - loss: 0.0773 - accuracy: 0.9757117/126 [==========================>...] - ETA: 1:19 - loss: 0.0772 - accuracy: 0.9757118/126 [===========================>..] - ETA: 1:10 - loss: 0.0772 - accuracy: 0.9758119/126 [===========================>..] - ETA: 1:01 - loss: 0.0770 - accuracy: 0.9759120/126 [===========================>..] - ETA: 52s - loss: 0.0774 - accuracy: 0.9756 121/126 [===========================>..] - ETA: 44s - loss: 0.0771 - accuracy: 0.9757122/126 [============================>.] - ETA: 35s - loss: 0.0767 - accuracy: 0.9759123/126 [============================>.] - ETA: 26s - loss: 0.0765 - accuracy: 0.9759124/126 [============================>.] - ETA: 17s - loss: 0.0765 - accuracy: 0.9759125/126 [============================>.] - ETA: 8s - loss: 0.0763 - accuracy: 0.9761 126/126 [==============================] - ETA: 0s - loss: 0.0769 - accuracy: 0.9758
Epoch 00014: val_loss did not improve from 0.69282
126/126 [==============================] - 1165s 9s/step - loss: 0.0769 - accuracy: 0.9758 - val_loss: 0.7873 - val_accuracy: 0.5981
Epoch 15/30
  1/126 [..............................] - ETA: 23:41 - loss: 0.0816 - accuracy: 0.9688  2/126 [..............................] - ETA: 17:54 - loss: 0.0805 - accuracy: 0.9727  3/126 [..............................] - ETA: 18:25 - loss: 0.0725 - accuracy: 0.9766  4/126 [..............................] - ETA: 18:13 - loss: 0.0899 - accuracy: 0.9785  5/126 [>.............................] - ETA: 18:04 - loss: 0.0807 - accuracy: 0.9828  6/126 [>.............................] - ETA: 17:59 - loss: 0.0852 - accuracy: 0.9805  7/126 [>.............................] - ETA: 17:48 - loss: 0.0799 - accuracy: 0.9821  8/126 [>.............................] - ETA: 17:39 - loss: 0.0782 - accuracy: 0.9824  9/126 [=>............................] - ETA: 17:32 - loss: 0.0806 - accuracy: 0.9826 10/126 [=>............................] - ETA: 17:24 - loss: 0.0807 - accuracy: 0.9820 11/126 [=>............................] - ETA: 17:10 - loss: 0.0771 - accuracy: 0.9830 12/126 [=>............................] - ETA: 17:06 - loss: 0.0765 - accuracy: 0.9818 13/126 [==>...........................] - ETA: 16:59 - loss: 0.0791 - accuracy: 0.9808 14/126 [==>...........................] - ETA: 16:49 - loss: 0.0790 - accuracy: 0.9810 15/126 [==>...........................] - ETA: 16:38 - loss: 0.0783 - accuracy: 0.9802 16/126 [==>...........................] - ETA: 16:31 - loss: 0.0766 - accuracy: 0.9805 17/126 [===>..........................] - ETA: 16:22 - loss: 0.0769 - accuracy: 0.9798 18/126 [===>..........................] - ETA: 16:13 - loss: 0.0753 - accuracy: 0.9805 19/126 [===>..........................] - ETA: 16:07 - loss: 0.0739 - accuracy: 0.9807 20/126 [===>..........................] - ETA: 15:57 - loss: 0.0745 - accuracy: 0.9805 21/126 [====>.........................] - ETA: 15:47 - loss: 0.0729 - accuracy: 0.9814 22/126 [====>.........................] - ETA: 15:39 - loss: 0.0748 - accuracy: 0.9805 23/126 [====>.........................] - ETA: 15:31 - loss: 0.0731 - accuracy: 0.9813 24/126 [====>.........................] - ETA: 15:21 - loss: 0.0733 - accuracy: 0.9811 25/126 [====>.........................] - ETA: 15:13 - loss: 0.0763 - accuracy: 0.9800 26/126 [=====>........................] - ETA: 15:04 - loss: 0.0757 - accuracy: 0.9799 27/126 [=====>........................] - ETA: 14:54 - loss: 0.0758 - accuracy: 0.9800 28/126 [=====>........................] - ETA: 14:46 - loss: 0.0751 - accuracy: 0.9805 29/126 [=====>........................] - ETA: 14:37 - loss: 0.0742 - accuracy: 0.9809 30/126 [======>.......................] - ETA: 14:27 - loss: 0.0750 - accuracy: 0.9807 31/126 [======>.......................] - ETA: 14:19 - loss: 0.0747 - accuracy: 0.9811 32/126 [======>.......................] - ETA: 14:11 - loss: 0.0742 - accuracy: 0.9812 33/126 [======>.......................] - ETA: 14:02 - loss: 0.0737 - accuracy: 0.9813 34/126 [=======>......................] - ETA: 13:52 - loss: 0.0726 - accuracy: 0.9818 35/126 [=======>......................] - ETA: 13:43 - loss: 0.0722 - accuracy: 0.9819 36/126 [=======>......................] - ETA: 13:35 - loss: 0.0725 - accuracy: 0.9818 37/126 [=======>......................] - ETA: 13:25 - loss: 0.0724 - accuracy: 0.9816 38/126 [========>.....................] - ETA: 13:17 - loss: 0.0722 - accuracy: 0.9813 39/126 [========>.....................] - ETA: 13:08 - loss: 0.0711 - accuracy: 0.9818 40/126 [========>.....................] - ETA: 12:58 - loss: 0.0702 - accuracy: 0.9822 41/126 [========>.....................] - ETA: 12:50 - loss: 0.0699 - accuracy: 0.9821 42/126 [=========>....................] - ETA: 12:41 - loss: 0.0693 - accuracy: 0.9823 43/126 [=========>....................] - ETA: 12:32 - loss: 0.0694 - accuracy: 0.9820 44/126 [=========>....................] - ETA: 12:23 - loss: 0.0692 - accuracy: 0.9821 45/126 [=========>....................] - ETA: 12:14 - loss: 0.0691 - accuracy: 0.9819 46/126 [=========>....................] - ETA: 12:05 - loss: 0.0688 - accuracy: 0.9820 47/126 [==========>...................] - ETA: 11:56 - loss: 0.0681 - accuracy: 0.9822 48/126 [==========>...................] - ETA: 11:47 - loss: 0.0674 - accuracy: 0.9826 49/126 [==========>...................] - ETA: 11:38 - loss: 0.0669 - accuracy: 0.9828 50/126 [==========>...................] - ETA: 11:29 - loss: 0.0680 - accuracy: 0.9823 51/126 [===========>..................] - ETA: 11:20 - loss: 0.0697 - accuracy: 0.9821 52/126 [===========>..................] - ETA: 11:11 - loss: 0.0698 - accuracy: 0.9821 53/126 [===========>..................] - ETA: 11:02 - loss: 0.0693 - accuracy: 0.9822 54/126 [===========>..................] - ETA: 10:53 - loss: 0.0696 - accuracy: 0.9819 55/126 [============>.................] - ETA: 10:44 - loss: 0.0692 - accuracy: 0.9821 56/126 [============>.................] - ETA: 10:35 - loss: 0.0696 - accuracy: 0.9820 57/126 [============>.................] - ETA: 10:26 - loss: 0.0696 - accuracy: 0.9820 58/126 [============>.................] - ETA: 10:17 - loss: 0.0695 - accuracy: 0.9821 59/126 [=============>................] - ETA: 10:08 - loss: 0.0693 - accuracy: 0.9821 60/126 [=============>................] - ETA: 9:58 - loss: 0.0691 - accuracy: 0.9822  61/126 [=============>................] - ETA: 9:49 - loss: 0.0704 - accuracy: 0.9818 62/126 [=============>................] - ETA: 9:40 - loss: 0.0712 - accuracy: 0.9816 63/126 [==============>...............] - ETA: 9:31 - loss: 0.0710 - accuracy: 0.9818 64/126 [==============>...............] - ETA: 9:22 - loss: 0.0709 - accuracy: 0.9817 65/126 [==============>...............] - ETA: 9:13 - loss: 0.0713 - accuracy: 0.9817 66/126 [==============>...............] - ETA: 9:04 - loss: 0.0709 - accuracy: 0.9818 67/126 [==============>...............] - ETA: 8:54 - loss: 0.0705 - accuracy: 0.9819 68/126 [===============>..............] - ETA: 8:45 - loss: 0.0701 - accuracy: 0.9821 69/126 [===============>..............] - ETA: 8:36 - loss: 0.0702 - accuracy: 0.9820 70/126 [===============>..............] - ETA: 8:27 - loss: 0.0706 - accuracy: 0.9819 71/126 [===============>..............] - ETA: 8:18 - loss: 0.0706 - accuracy: 0.9816 72/126 [================>.............] - ETA: 8:09 - loss: 0.0709 - accuracy: 0.9814 73/126 [================>.............] - ETA: 8:00 - loss: 0.0713 - accuracy: 0.9813 74/126 [================>.............] - ETA: 7:51 - loss: 0.0711 - accuracy: 0.9813 75/126 [================>.............] - ETA: 7:42 - loss: 0.0717 - accuracy: 0.9812 76/126 [=================>............] - ETA: 7:33 - loss: 0.0717 - accuracy: 0.9812 77/126 [=================>............] - ETA: 7:22 - loss: 0.0715 - accuracy: 0.9813 78/126 [=================>............] - ETA: 7:13 - loss: 0.0715 - accuracy: 0.9813 79/126 [=================>............] - ETA: 7:04 - loss: 0.0713 - accuracy: 0.9812 80/126 [==================>...........] - ETA: 6:55 - loss: 0.0722 - accuracy: 0.9807 81/126 [==================>...........] - ETA: 6:46 - loss: 0.0718 - accuracy: 0.9809 82/126 [==================>...........] - ETA: 6:37 - loss: 0.0713 - accuracy: 0.9812 83/126 [==================>...........] - ETA: 6:28 - loss: 0.0719 - accuracy: 0.9811 84/126 [===================>..........] - ETA: 6:19 - loss: 0.0718 - accuracy: 0.9811 85/126 [===================>..........] - ETA: 6:10 - loss: 0.0717 - accuracy: 0.9811 86/126 [===================>..........] - ETA: 6:01 - loss: 0.0714 - accuracy: 0.9812 87/126 [===================>..........] - ETA: 5:52 - loss: 0.0713 - accuracy: 0.9812 88/126 [===================>..........] - ETA: 5:43 - loss: 0.0711 - accuracy: 0.9812 89/126 [====================>.........] - ETA: 5:34 - loss: 0.0719 - accuracy: 0.9811 90/126 [====================>.........] - ETA: 5:25 - loss: 0.0716 - accuracy: 0.9811 91/126 [====================>.........] - ETA: 5:16 - loss: 0.0716 - accuracy: 0.9811 92/126 [====================>.........] - ETA: 5:07 - loss: 0.0716 - accuracy: 0.9809 93/126 [=====================>........] - ETA: 4:58 - loss: 0.0716 - accuracy: 0.9808 94/126 [=====================>........] - ETA: 4:49 - loss: 0.0715 - accuracy: 0.9808 95/126 [=====================>........] - ETA: 4:40 - loss: 0.0714 - accuracy: 0.9809 96/126 [=====================>........] - ETA: 4:31 - loss: 0.0717 - accuracy: 0.9807 97/126 [======================>.......] - ETA: 4:22 - loss: 0.0718 - accuracy: 0.9805 98/126 [======================>.......] - ETA: 4:13 - loss: 0.0718 - accuracy: 0.9806 99/126 [======================>.......] - ETA: 4:04 - loss: 0.0717 - accuracy: 0.9806100/126 [======================>.......] - ETA: 3:55 - loss: 0.0719 - accuracy: 0.9804101/126 [=======================>......] - ETA: 3:46 - loss: 0.0715 - accuracy: 0.9806102/126 [=======================>......] - ETA: 3:36 - loss: 0.0714 - accuracy: 0.9806103/126 [=======================>......] - ETA: 3:27 - loss: 0.0711 - accuracy: 0.9807104/126 [=======================>......] - ETA: 3:18 - loss: 0.0708 - accuracy: 0.9808105/126 [========================>.....] - ETA: 3:09 - loss: 0.0711 - accuracy: 0.9806106/126 [========================>.....] - ETA: 3:00 - loss: 0.0708 - accuracy: 0.9807107/126 [========================>.....] - ETA: 2:51 - loss: 0.0704 - accuracy: 0.9809108/126 [========================>.....] - ETA: 2:42 - loss: 0.0700 - accuracy: 0.9811109/126 [========================>.....] - ETA: 2:33 - loss: 0.0697 - accuracy: 0.9812110/126 [=========================>....] - ETA: 2:24 - loss: 0.0693 - accuracy: 0.9814111/126 [=========================>....] - ETA: 2:15 - loss: 0.0693 - accuracy: 0.9814112/126 [=========================>....] - ETA: 2:06 - loss: 0.0696 - accuracy: 0.9814113/126 [=========================>....] - ETA: 1:57 - loss: 0.0694 - accuracy: 0.9814114/126 [==========================>...] - ETA: 1:48 - loss: 0.0692 - accuracy: 0.9815115/126 [==========================>...] - ETA: 1:39 - loss: 0.0691 - accuracy: 0.9815116/126 [==========================>...] - ETA: 1:30 - loss: 0.0690 - accuracy: 0.9816117/126 [==========================>...] - ETA: 1:21 - loss: 0.0688 - accuracy: 0.9817118/126 [===========================>..] - ETA: 1:12 - loss: 0.0684 - accuracy: 0.9818119/126 [===========================>..] - ETA: 1:03 - loss: 0.0681 - accuracy: 0.9818120/126 [===========================>..] - ETA: 54s - loss: 0.0678 - accuracy: 0.9820 121/126 [===========================>..] - ETA: 45s - loss: 0.0676 - accuracy: 0.9820122/126 [============================>.] - ETA: 36s - loss: 0.0685 - accuracy: 0.9818123/126 [============================>.] - ETA: 27s - loss: 0.0682 - accuracy: 0.9819124/126 [============================>.] - ETA: 18s - loss: 0.0680 - accuracy: 0.9819125/126 [============================>.] - ETA: 9s - loss: 0.0681 - accuracy: 0.9818 126/126 [==============================] - ETA: 0s - loss: 0.0681 - accuracy: 0.9819
Epoch 00015: val_loss did not improve from 0.69282
126/126 [==============================] - 1194s 9s/step - loss: 0.0681 - accuracy: 0.9819 - val_loss: 27.7952 - val_accuracy: 0.5317
Epoch 16/30
  1/126 [..............................] - ETA: 22:48 - loss: 0.1404 - accuracy: 0.9453  2/126 [..............................] - ETA: 18:36 - loss: 0.0872 - accuracy: 0.9688  3/126 [..............................] - ETA: 18:38 - loss: 0.0763 - accuracy: 0.9766  4/126 [..............................] - ETA: 18:39 - loss: 0.0649 - accuracy: 0.9805  5/126 [>.............................] - ETA: 18:19 - loss: 0.0614 - accuracy: 0.9812  6/126 [>.............................] - ETA: 18:00 - loss: 0.0598 - accuracy: 0.9818  7/126 [>.............................] - ETA: 17:56 - loss: 0.0648 - accuracy: 0.9788  8/126 [>.............................] - ETA: 17:51 - loss: 0.0636 - accuracy: 0.9795  9/126 [=>............................] - ETA: 17:39 - loss: 0.0610 - accuracy: 0.9809 10/126 [=>............................] - ETA: 17:31 - loss: 0.0594 - accuracy: 0.9820 11/126 [=>............................] - ETA: 17:26 - loss: 0.0602 - accuracy: 0.9822 12/126 [=>............................] - ETA: 17:20 - loss: 0.0613 - accuracy: 0.9798 13/126 [==>...........................] - ETA: 16:42 - loss: 0.0607 - accuracy: 0.9803 14/126 [==>...........................] - ETA: 16:32 - loss: 0.0620 - accuracy: 0.9789 15/126 [==>...........................] - ETA: 16:27 - loss: 0.0637 - accuracy: 0.9793 16/126 [==>...........................] - ETA: 16:21 - loss: 0.0615 - accuracy: 0.9801 17/126 [===>..........................] - ETA: 16:16 - loss: 0.0607 - accuracy: 0.9808 18/126 [===>..........................] - ETA: 16:10 - loss: 0.0619 - accuracy: 0.9802 19/126 [===>..........................] - ETA: 15:58 - loss: 0.0630 - accuracy: 0.9795 20/126 [===>..........................] - ETA: 15:50 - loss: 0.0645 - accuracy: 0.9790 21/126 [====>.........................] - ETA: 15:42 - loss: 0.0634 - accuracy: 0.9793 22/126 [====>.........................] - ETA: 15:36 - loss: 0.0645 - accuracy: 0.9791 23/126 [====>.........................] - ETA: 15:29 - loss: 0.0648 - accuracy: 0.9790 24/126 [====>.........................] - ETA: 15:22 - loss: 0.0661 - accuracy: 0.9783 25/126 [====>.........................] - ETA: 15:12 - loss: 0.0650 - accuracy: 0.9788 26/126 [=====>........................] - ETA: 15:03 - loss: 0.0639 - accuracy: 0.9793 27/126 [=====>........................] - ETA: 14:53 - loss: 0.0638 - accuracy: 0.9795 28/126 [=====>........................] - ETA: 14:41 - loss: 0.0630 - accuracy: 0.9800 29/126 [=====>........................] - ETA: 14:33 - loss: 0.0627 - accuracy: 0.9801 30/126 [======>.......................] - ETA: 14:24 - loss: 0.0653 - accuracy: 0.9795 31/126 [======>.......................] - ETA: 14:15 - loss: 0.0640 - accuracy: 0.9802 32/126 [======>.......................] - ETA: 14:07 - loss: 0.0636 - accuracy: 0.9803 33/126 [======>.......................] - ETA: 14:00 - loss: 0.0626 - accuracy: 0.9807 34/126 [=======>......................] - ETA: 13:52 - loss: 0.0621 - accuracy: 0.9810 35/126 [=======>......................] - ETA: 13:43 - loss: 0.0618 - accuracy: 0.9813 36/126 [=======>......................] - ETA: 13:35 - loss: 0.0614 - accuracy: 0.9816 37/126 [=======>......................] - ETA: 13:26 - loss: 0.0613 - accuracy: 0.9817 38/126 [========>.....................] - ETA: 13:17 - loss: 0.0614 - accuracy: 0.9818 39/126 [========>.....................] - ETA: 13:08 - loss: 0.0613 - accuracy: 0.9816 40/126 [========>.....................] - ETA: 12:59 - loss: 0.0605 - accuracy: 0.9821 41/126 [========>.....................] - ETA: 12:50 - loss: 0.0604 - accuracy: 0.9822 42/126 [=========>....................] - ETA: 12:41 - loss: 0.0612 - accuracy: 0.9816 43/126 [=========>....................] - ETA: 12:32 - loss: 0.0604 - accuracy: 0.9821 44/126 [=========>....................] - ETA: 12:23 - loss: 0.0602 - accuracy: 0.9821 45/126 [=========>....................] - ETA: 12:15 - loss: 0.0605 - accuracy: 0.9820 46/126 [=========>....................] - ETA: 12:06 - loss: 0.0607 - accuracy: 0.9819 47/126 [==========>...................] - ETA: 11:57 - loss: 0.0607 - accuracy: 0.9818 48/126 [==========>...................] - ETA: 11:49 - loss: 0.0603 - accuracy: 0.9818 49/126 [==========>...................] - ETA: 11:41 - loss: 0.0601 - accuracy: 0.9819 50/126 [==========>...................] - ETA: 11:32 - loss: 0.0598 - accuracy: 0.9819 51/126 [===========>..................] - ETA: 11:23 - loss: 0.0595 - accuracy: 0.9821 52/126 [===========>..................] - ETA: 11:14 - loss: 0.0592 - accuracy: 0.9823 53/126 [===========>..................] - ETA: 11:06 - loss: 0.0595 - accuracy: 0.9822 54/126 [===========>..................] - ETA: 10:57 - loss: 0.0590 - accuracy: 0.9825 55/126 [============>.................] - ETA: 10:48 - loss: 0.0589 - accuracy: 0.9824 56/126 [============>.................] - ETA: 10:39 - loss: 0.0594 - accuracy: 0.9823 57/126 [============>.................] - ETA: 10:30 - loss: 0.0588 - accuracy: 0.9826 58/126 [============>.................] - ETA: 10:21 - loss: 0.0598 - accuracy: 0.9825 59/126 [=============>................] - ETA: 10:12 - loss: 0.0594 - accuracy: 0.9827 60/126 [=============>................] - ETA: 10:04 - loss: 0.0595 - accuracy: 0.9826 61/126 [=============>................] - ETA: 9:55 - loss: 0.0595 - accuracy: 0.9825  62/126 [=============>................] - ETA: 9:46 - loss: 0.0590 - accuracy: 0.9828 63/126 [==============>...............] - ETA: 9:37 - loss: 0.0595 - accuracy: 0.9826 64/126 [==============>...............] - ETA: 9:27 - loss: 0.0599 - accuracy: 0.9825 65/126 [==============>...............] - ETA: 9:18 - loss: 0.0610 - accuracy: 0.9823 66/126 [==============>...............] - ETA: 9:10 - loss: 0.0607 - accuracy: 0.9824 67/126 [==============>...............] - ETA: 9:01 - loss: 0.0604 - accuracy: 0.9826 68/126 [===============>..............] - ETA: 8:52 - loss: 0.0604 - accuracy: 0.9823 69/126 [===============>..............] - ETA: 8:43 - loss: 0.0600 - accuracy: 0.9826 70/126 [===============>..............] - ETA: 8:33 - loss: 0.0598 - accuracy: 0.9826 71/126 [===============>..............] - ETA: 8:24 - loss: 0.0598 - accuracy: 0.9827 72/126 [================>.............] - ETA: 8:16 - loss: 0.0602 - accuracy: 0.9825 73/126 [================>.............] - ETA: 8:06 - loss: 0.0601 - accuracy: 0.9824 74/126 [================>.............] - ETA: 7:57 - loss: 0.0604 - accuracy: 0.9823 75/126 [================>.............] - ETA: 7:48 - loss: 0.0602 - accuracy: 0.9824 76/126 [=================>............] - ETA: 7:39 - loss: 0.0601 - accuracy: 0.9825 77/126 [=================>............] - ETA: 7:30 - loss: 0.0596 - accuracy: 0.9827 78/126 [=================>............] - ETA: 7:21 - loss: 0.0593 - accuracy: 0.9828 79/126 [=================>............] - ETA: 7:12 - loss: 0.0599 - accuracy: 0.9825 80/126 [==================>...........] - ETA: 7:03 - loss: 0.0600 - accuracy: 0.9826 81/126 [==================>...........] - ETA: 6:54 - loss: 0.0595 - accuracy: 0.9828 82/126 [==================>...........] - ETA: 6:45 - loss: 0.0593 - accuracy: 0.9829 83/126 [==================>...........] - ETA: 6:36 - loss: 0.0589 - accuracy: 0.9831 84/126 [===================>..........] - ETA: 6:27 - loss: 0.0589 - accuracy: 0.9831 85/126 [===================>..........] - ETA: 6:18 - loss: 0.0585 - accuracy: 0.9833 86/126 [===================>..........] - ETA: 6:08 - loss: 0.0590 - accuracy: 0.9830 87/126 [===================>..........] - ETA: 5:59 - loss: 0.0594 - accuracy: 0.9829 88/126 [===================>..........] - ETA: 5:50 - loss: 0.0591 - accuracy: 0.9831 89/126 [====================>.........] - ETA: 5:41 - loss: 0.0588 - accuracy: 0.9832 90/126 [====================>.........] - ETA: 5:32 - loss: 0.0589 - accuracy: 0.9832 91/126 [====================>.........] - ETA: 5:23 - loss: 0.0594 - accuracy: 0.9830 92/126 [====================>.........] - ETA: 5:14 - loss: 0.0599 - accuracy: 0.9828 93/126 [=====================>........] - ETA: 5:04 - loss: 0.0613 - accuracy: 0.9825 94/126 [=====================>........] - ETA: 4:55 - loss: 0.0611 - accuracy: 0.9826 95/126 [=====================>........] - ETA: 4:46 - loss: 0.0608 - accuracy: 0.9828 96/126 [=====================>........] - ETA: 4:37 - loss: 0.0606 - accuracy: 0.9829 97/126 [======================>.......] - ETA: 4:28 - loss: 0.0608 - accuracy: 0.9829 98/126 [======================>.......] - ETA: 4:18 - loss: 0.0605 - accuracy: 0.9831 99/126 [======================>.......] - ETA: 4:09 - loss: 0.0604 - accuracy: 0.9831100/126 [======================>.......] - ETA: 4:00 - loss: 0.0604 - accuracy: 0.9832101/126 [=======================>......] - ETA: 3:51 - loss: 0.0604 - accuracy: 0.9831102/126 [=======================>......] - ETA: 3:41 - loss: 0.0603 - accuracy: 0.9831103/126 [=======================>......] - ETA: 3:32 - loss: 0.0608 - accuracy: 0.9827104/126 [=======================>......] - ETA: 3:23 - loss: 0.0608 - accuracy: 0.9828105/126 [========================>.....] - ETA: 3:14 - loss: 0.0609 - accuracy: 0.9827106/126 [========================>.....] - ETA: 3:04 - loss: 0.0607 - accuracy: 0.9828107/126 [========================>.....] - ETA: 2:55 - loss: 0.0604 - accuracy: 0.9829108/126 [========================>.....] - ETA: 2:46 - loss: 0.0601 - accuracy: 0.9831109/126 [========================>.....] - ETA: 2:37 - loss: 0.0601 - accuracy: 0.9831110/126 [=========================>....] - ETA: 2:28 - loss: 0.0600 - accuracy: 0.9832111/126 [=========================>....] - ETA: 2:18 - loss: 0.0597 - accuracy: 0.9833112/126 [=========================>....] - ETA: 2:09 - loss: 0.0597 - accuracy: 0.9834113/126 [=========================>....] - ETA: 2:00 - loss: 0.0595 - accuracy: 0.9835114/126 [==========================>...] - ETA: 1:51 - loss: 0.0593 - accuracy: 0.9836115/126 [==========================>...] - ETA: 1:41 - loss: 0.0595 - accuracy: 0.9835116/126 [==========================>...] - ETA: 1:32 - loss: 0.0594 - accuracy: 0.9836117/126 [==========================>...] - ETA: 1:23 - loss: 0.0595 - accuracy: 0.9836118/126 [===========================>..] - ETA: 1:14 - loss: 0.0594 - accuracy: 0.9835119/126 [===========================>..] - ETA: 1:04 - loss: 0.0594 - accuracy: 0.9835120/126 [===========================>..] - ETA: 55s - loss: 0.0592 - accuracy: 0.9836 121/126 [===========================>..] - ETA: 46s - loss: 0.0592 - accuracy: 0.9836122/126 [============================>.] - ETA: 37s - loss: 0.0596 - accuracy: 0.9835123/126 [============================>.] - ETA: 27s - loss: 0.0594 - accuracy: 0.9835124/126 [============================>.] - ETA: 18s - loss: 0.0595 - accuracy: 0.9835125/126 [============================>.] - ETA: 9s - loss: 0.0595 - accuracy: 0.9835 126/126 [==============================] - ETA: 0s - loss: 0.0600 - accuracy: 0.9834
Epoch 00016: val_loss improved from 0.69282 to 0.69250, saving model to Effi_checkpoint_best_0.6925.h5
126/126 [==============================] - 1221s 10s/step - loss: 0.0600 - accuracy: 0.9834 - val_loss: 0.6925 - val_accuracy: 0.5981
Epoch 17/30
  1/126 [..............................] - ETA: 24:09 - loss: 0.0445 - accuracy: 0.9766  2/126 [..............................] - ETA: 18:57 - loss: 0.0465 - accuracy: 0.9766  3/126 [..............................] - ETA: 19:19 - loss: 0.0387 - accuracy: 0.9844  4/126 [..............................] - ETA: 19:10 - loss: 0.0389 - accuracy: 0.9863  5/126 [>.............................] - ETA: 19:07 - loss: 0.0459 - accuracy: 0.9844  6/126 [>.............................] - ETA: 19:00 - loss: 0.0515 - accuracy: 0.9818  7/126 [>.............................] - ETA: 18:51 - loss: 0.0551 - accuracy: 0.9799  8/126 [>.............................] - ETA: 18:40 - loss: 0.0521 - accuracy: 0.9824  9/126 [=>............................] - ETA: 18:30 - loss: 0.0528 - accuracy: 0.9826 10/126 [=>............................] - ETA: 18:17 - loss: 0.0563 - accuracy: 0.9812 11/126 [=>............................] - ETA: 18:04 - loss: 0.0560 - accuracy: 0.9815 12/126 [=>............................] - ETA: 17:55 - loss: 0.0547 - accuracy: 0.9824 13/126 [==>...........................] - ETA: 17:45 - loss: 0.0574 - accuracy: 0.9814 14/126 [==>...........................] - ETA: 17:34 - loss: 0.0564 - accuracy: 0.9816 15/126 [==>...........................] - ETA: 17:23 - loss: 0.0566 - accuracy: 0.9818 16/126 [==>...........................] - ETA: 17:12 - loss: 0.0552 - accuracy: 0.9824 17/126 [===>..........................] - ETA: 17:02 - loss: 0.0537 - accuracy: 0.9830 18/126 [===>..........................] - ETA: 16:53 - loss: 0.0531 - accuracy: 0.9835 19/126 [===>..........................] - ETA: 16:41 - loss: 0.0557 - accuracy: 0.9831 20/126 [===>..........................] - ETA: 16:31 - loss: 0.0553 - accuracy: 0.9836 21/126 [====>.........................] - ETA: 16:24 - loss: 0.0549 - accuracy: 0.9833 22/126 [====>.........................] - ETA: 16:16 - loss: 0.0553 - accuracy: 0.9826 23/126 [====>.........................] - ETA: 16:07 - loss: 0.0551 - accuracy: 0.9830 24/126 [====>.........................] - ETA: 15:58 - loss: 0.0564 - accuracy: 0.9827 25/126 [====>.........................] - ETA: 15:49 - loss: 0.0552 - accuracy: 0.9834 26/126 [=====>........................] - ETA: 15:40 - loss: 0.0542 - accuracy: 0.9838 27/126 [=====>........................] - ETA: 15:31 - loss: 0.0564 - accuracy: 0.9832 28/126 [=====>........................] - ETA: 15:21 - loss: 0.0555 - accuracy: 0.9835 29/126 [=====>........................] - ETA: 15:12 - loss: 0.0562 - accuracy: 0.9833 30/126 [======>.......................] - ETA: 15:03 - loss: 0.0565 - accuracy: 0.9833 31/126 [======>.......................] - ETA: 14:53 - loss: 0.0556 - accuracy: 0.9839 32/126 [======>.......................] - ETA: 14:44 - loss: 0.0565 - accuracy: 0.9834 33/126 [======>.......................] - ETA: 14:35 - loss: 0.0562 - accuracy: 0.9834 34/126 [=======>......................] - ETA: 14:25 - loss: 0.0556 - accuracy: 0.9837 35/126 [=======>......................] - ETA: 14:07 - loss: 0.0566 - accuracy: 0.9829 36/126 [=======>......................] - ETA: 13:58 - loss: 0.0592 - accuracy: 0.9823 37/126 [=======>......................] - ETA: 13:48 - loss: 0.0592 - accuracy: 0.9823 38/126 [========>.....................] - ETA: 13:39 - loss: 0.0597 - accuracy: 0.9820 39/126 [========>.....................] - ETA: 13:30 - loss: 0.0595 - accuracy: 0.9820 40/126 [========>.....................] - ETA: 13:21 - loss: 0.0597 - accuracy: 0.9823 41/126 [========>.....................] - ETA: 13:11 - loss: 0.0598 - accuracy: 0.9822 42/126 [=========>....................] - ETA: 13:02 - loss: 0.0598 - accuracy: 0.9822 43/126 [=========>....................] - ETA: 12:53 - loss: 0.0604 - accuracy: 0.9821 44/126 [=========>....................] - ETA: 12:43 - loss: 0.0603 - accuracy: 0.9821 45/126 [=========>....................] - ETA: 12:34 - loss: 0.0600 - accuracy: 0.9822 46/126 [=========>....................] - ETA: 12:25 - loss: 0.0603 - accuracy: 0.9821 47/126 [==========>...................] - ETA: 12:15 - loss: 0.0610 - accuracy: 0.9821 48/126 [==========>...................] - ETA: 12:06 - loss: 0.0606 - accuracy: 0.9823 49/126 [==========>...................] - ETA: 11:57 - loss: 0.0603 - accuracy: 0.9825 50/126 [==========>...................] - ETA: 11:47 - loss: 0.0606 - accuracy: 0.9826 51/126 [===========>..................] - ETA: 11:38 - loss: 0.0602 - accuracy: 0.9826 52/126 [===========>..................] - ETA: 11:29 - loss: 0.0607 - accuracy: 0.9822 53/126 [===========>..................] - ETA: 11:19 - loss: 0.0609 - accuracy: 0.9822 54/126 [===========>..................] - ETA: 11:10 - loss: 0.0609 - accuracy: 0.9821 55/126 [============>.................] - ETA: 11:01 - loss: 0.0614 - accuracy: 0.9820 56/126 [============>.................] - ETA: 10:52 - loss: 0.0612 - accuracy: 0.9821 57/126 [============>.................] - ETA: 10:43 - loss: 0.0615 - accuracy: 0.9820 58/126 [============>.................] - ETA: 10:34 - loss: 0.0618 - accuracy: 0.9819 59/126 [=============>................] - ETA: 10:25 - loss: 0.0614 - accuracy: 0.9820 60/126 [=============>................] - ETA: 10:16 - loss: 0.0612 - accuracy: 0.9822 61/126 [=============>................] - ETA: 10:07 - loss: 0.0606 - accuracy: 0.9825 62/126 [=============>................] - ETA: 9:58 - loss: 0.0606 - accuracy: 0.9825  63/126 [==============>...............] - ETA: 9:49 - loss: 0.0606 - accuracy: 0.9827 64/126 [==============>...............] - ETA: 9:40 - loss: 0.0612 - accuracy: 0.9825 65/126 [==============>...............] - ETA: 9:31 - loss: 0.0619 - accuracy: 0.9824 66/126 [==============>...............] - ETA: 9:22 - loss: 0.0616 - accuracy: 0.9825 67/126 [==============>...............] - ETA: 9:13 - loss: 0.0617 - accuracy: 0.9826 68/126 [===============>..............] - ETA: 9:04 - loss: 0.0625 - accuracy: 0.9820 69/126 [===============>..............] - ETA: 8:54 - loss: 0.0627 - accuracy: 0.9817 70/126 [===============>..............] - ETA: 8:45 - loss: 0.0625 - accuracy: 0.9816 71/126 [===============>..............] - ETA: 8:36 - loss: 0.0627 - accuracy: 0.9816 72/126 [================>.............] - ETA: 8:27 - loss: 0.0625 - accuracy: 0.9816 73/126 [================>.............] - ETA: 8:18 - loss: 0.0626 - accuracy: 0.9814 74/126 [================>.............] - ETA: 8:08 - loss: 0.0630 - accuracy: 0.9811 75/126 [================>.............] - ETA: 7:59 - loss: 0.0626 - accuracy: 0.9813 76/126 [=================>............] - ETA: 7:49 - loss: 0.0622 - accuracy: 0.9815 77/126 [=================>............] - ETA: 7:40 - loss: 0.0625 - accuracy: 0.9813 78/126 [=================>............] - ETA: 7:30 - loss: 0.0622 - accuracy: 0.9814 79/126 [=================>............] - ETA: 7:21 - loss: 0.0623 - accuracy: 0.9813 80/126 [==================>...........] - ETA: 7:12 - loss: 0.0624 - accuracy: 0.9814 81/126 [==================>...........] - ETA: 7:02 - loss: 0.0627 - accuracy: 0.9812 82/126 [==================>...........] - ETA: 6:53 - loss: 0.0630 - accuracy: 0.9813 83/126 [==================>...........] - ETA: 6:44 - loss: 0.0642 - accuracy: 0.9808 84/126 [===================>..........] - ETA: 6:35 - loss: 0.0643 - accuracy: 0.9807 85/126 [===================>..........] - ETA: 6:25 - loss: 0.0641 - accuracy: 0.9807 86/126 [===================>..........] - ETA: 6:16 - loss: 0.0640 - accuracy: 0.9808 87/126 [===================>..........] - ETA: 6:07 - loss: 0.0637 - accuracy: 0.9809 88/126 [===================>..........] - ETA: 5:58 - loss: 0.0632 - accuracy: 0.9811 89/126 [====================>.........] - ETA: 5:48 - loss: 0.0630 - accuracy: 0.9812 90/126 [====================>.........] - ETA: 5:39 - loss: 0.0630 - accuracy: 0.9814 91/126 [====================>.........] - ETA: 5:29 - loss: 0.0631 - accuracy: 0.9812 92/126 [====================>.........] - ETA: 5:20 - loss: 0.0632 - accuracy: 0.9811 93/126 [=====================>........] - ETA: 5:11 - loss: 0.0634 - accuracy: 0.9810 94/126 [=====================>........] - ETA: 5:01 - loss: 0.0637 - accuracy: 0.9807 95/126 [=====================>........] - ETA: 4:52 - loss: 0.0634 - accuracy: 0.9808 96/126 [=====================>........] - ETA: 4:43 - loss: 0.0631 - accuracy: 0.9809 97/126 [======================>.......] - ETA: 4:33 - loss: 0.0628 - accuracy: 0.9810 98/126 [======================>.......] - ETA: 4:24 - loss: 0.0626 - accuracy: 0.9811 99/126 [======================>.......] - ETA: 4:14 - loss: 0.0622 - accuracy: 0.9813100/126 [======================>.......] - ETA: 4:05 - loss: 0.0620 - accuracy: 0.9813101/126 [=======================>......] - ETA: 3:56 - loss: 0.0619 - accuracy: 0.9813102/126 [=======================>......] - ETA: 3:46 - loss: 0.0615 - accuracy: 0.9815103/126 [=======================>......] - ETA: 3:37 - loss: 0.0614 - accuracy: 0.9816104/126 [=======================>......] - ETA: 3:27 - loss: 0.0612 - accuracy: 0.9818105/126 [========================>.....] - ETA: 3:18 - loss: 0.0610 - accuracy: 0.9819106/126 [========================>.....] - ETA: 3:09 - loss: 0.0607 - accuracy: 0.9820107/126 [========================>.....] - ETA: 2:59 - loss: 0.0612 - accuracy: 0.9818108/126 [========================>.....] - ETA: 2:50 - loss: 0.0609 - accuracy: 0.9819109/126 [========================>.....] - ETA: 2:40 - loss: 0.0606 - accuracy: 0.9821110/126 [=========================>....] - ETA: 2:31 - loss: 0.0605 - accuracy: 0.9822111/126 [=========================>....] - ETA: 2:21 - loss: 0.0605 - accuracy: 0.9821112/126 [=========================>....] - ETA: 2:12 - loss: 0.0603 - accuracy: 0.9821113/126 [=========================>....] - ETA: 2:03 - loss: 0.0605 - accuracy: 0.9820114/126 [==========================>...] - ETA: 1:53 - loss: 0.0607 - accuracy: 0.9819115/126 [==========================>...] - ETA: 1:44 - loss: 0.0611 - accuracy: 0.9817116/126 [==========================>...] - ETA: 1:34 - loss: 0.0612 - accuracy: 0.9817117/126 [==========================>...] - ETA: 1:25 - loss: 0.0609 - accuracy: 0.9818118/126 [===========================>..] - ETA: 1:15 - loss: 0.0608 - accuracy: 0.9818119/126 [===========================>..] - ETA: 1:06 - loss: 0.0613 - accuracy: 0.9816120/126 [===========================>..] - ETA: 56s - loss: 0.0612 - accuracy: 0.9816 121/126 [===========================>..] - ETA: 47s - loss: 0.0613 - accuracy: 0.9816122/126 [============================>.] - ETA: 37s - loss: 0.0613 - accuracy: 0.9816123/126 [============================>.] - ETA: 28s - loss: 0.0612 - accuracy: 0.9817124/126 [============================>.] - ETA: 18s - loss: 0.0614 - accuracy: 0.9815125/126 [============================>.] - ETA: 9s - loss: 0.0613 - accuracy: 0.9815 126/126 [==============================] - ETA: 0s - loss: 0.0615 - accuracy: 0.9814
Epoch 00017: val_loss did not improve from 0.69250
126/126 [==============================] - 1247s 10s/step - loss: 0.0615 - accuracy: 0.9814 - val_loss: 6.0480 - val_accuracy: 0.4298
Epoch 18/30
  1/126 [..............................] - ETA: 24:55 - loss: 0.0344 - accuracy: 0.9922  2/126 [..............................] - ETA: 20:09 - loss: 0.0515 - accuracy: 0.9805  3/126 [..............................] - ETA: 19:49 - loss: 0.0573 - accuracy: 0.9844  4/126 [..............................] - ETA: 19:18 - loss: 0.0539 - accuracy: 0.9863  5/126 [>.............................] - ETA: 19:06 - loss: 0.0541 - accuracy: 0.9859  6/126 [>.............................] - ETA: 19:00 - loss: 0.0588 - accuracy: 0.9844  7/126 [>.............................] - ETA: 18:54 - loss: 0.0561 - accuracy: 0.9855  8/126 [>.............................] - ETA: 18:38 - loss: 0.0568 - accuracy: 0.9854  9/126 [=>............................] - ETA: 18:21 - loss: 0.0551 - accuracy: 0.9852 10/126 [=>............................] - ETA: 18:14 - loss: 0.0546 - accuracy: 0.9852 11/126 [=>............................] - ETA: 18:08 - loss: 0.0529 - accuracy: 0.9858 12/126 [=>............................] - ETA: 18:02 - loss: 0.0529 - accuracy: 0.9863 13/126 [==>...........................] - ETA: 17:54 - loss: 0.0552 - accuracy: 0.9838 14/126 [==>...........................] - ETA: 17:45 - loss: 0.0546 - accuracy: 0.9844 15/126 [==>...........................] - ETA: 17:36 - loss: 0.0532 - accuracy: 0.9849 16/126 [==>...........................] - ETA: 17:27 - loss: 0.0518 - accuracy: 0.9858 17/126 [===>..........................] - ETA: 17:15 - loss: 0.0517 - accuracy: 0.9862 18/126 [===>..........................] - ETA: 17:05 - loss: 0.0525 - accuracy: 0.9861 19/126 [===>..........................] - ETA: 16:57 - loss: 0.0530 - accuracy: 0.9856 20/126 [===>..........................] - ETA: 16:46 - loss: 0.0536 - accuracy: 0.9852 21/126 [====>.........................] - ETA: 16:37 - loss: 0.0530 - accuracy: 0.9855 22/126 [====>.........................] - ETA: 16:28 - loss: 0.0523 - accuracy: 0.9858 23/126 [====>.........................] - ETA: 16:20 - loss: 0.0525 - accuracy: 0.9857 24/126 [====>.........................] - ETA: 16:11 - loss: 0.0596 - accuracy: 0.9840 25/126 [====>.........................] - ETA: 15:58 - loss: 0.0594 - accuracy: 0.9841 26/126 [=====>........................] - ETA: 15:47 - loss: 0.0609 - accuracy: 0.9838 27/126 [=====>........................] - ETA: 15:38 - loss: 0.0605 - accuracy: 0.9841 28/126 [=====>........................] - ETA: 15:29 - loss: 0.0620 - accuracy: 0.9838 29/126 [=====>........................] - ETA: 15:20 - loss: 0.0612 - accuracy: 0.9844 30/126 [======>.......................] - ETA: 15:10 - loss: 0.0614 - accuracy: 0.9841 31/126 [======>.......................] - ETA: 15:01 - loss: 0.0633 - accuracy: 0.9831 32/126 [======>.......................] - ETA: 14:52 - loss: 0.0629 - accuracy: 0.9832 33/126 [======>.......................] - ETA: 14:43 - loss: 0.0623 - accuracy: 0.9832 34/126 [=======>......................] - ETA: 14:34 - loss: 0.0636 - accuracy: 0.9823 35/126 [=======>......................] - ETA: 14:25 - loss: 0.0651 - accuracy: 0.9817 36/126 [=======>......................] - ETA: 14:16 - loss: 0.0650 - accuracy: 0.9813 37/126 [=======>......................] - ETA: 14:07 - loss: 0.0650 - accuracy: 0.9812 38/126 [========>.....................] - ETA: 13:58 - loss: 0.0646 - accuracy: 0.9815 39/126 [========>.....................] - ETA: 13:49 - loss: 0.0645 - accuracy: 0.9818 40/126 [========>.....................] - ETA: 13:40 - loss: 0.0645 - accuracy: 0.9816 41/126 [========>.....................] - ETA: 13:31 - loss: 0.0646 - accuracy: 0.9819 42/126 [=========>....................] - ETA: 13:22 - loss: 0.0649 - accuracy: 0.9818 43/126 [=========>....................] - ETA: 13:13 - loss: 0.0647 - accuracy: 0.9816 44/126 [=========>....................] - ETA: 13:04 - loss: 0.0660 - accuracy: 0.9814 45/126 [=========>....................] - ETA: 12:55 - loss: 0.0658 - accuracy: 0.9814 46/126 [=========>....................] - ETA: 12:45 - loss: 0.0662 - accuracy: 0.9810 47/126 [==========>...................] - ETA: 12:35 - loss: 0.0671 - accuracy: 0.9807 48/126 [==========>...................] - ETA: 12:26 - loss: 0.0663 - accuracy: 0.9811 49/126 [==========>...................] - ETA: 12:16 - loss: 0.0671 - accuracy: 0.9807 50/126 [==========>...................] - ETA: 12:07 - loss: 0.0682 - accuracy: 0.9803 51/126 [===========>..................] - ETA: 11:57 - loss: 0.0690 - accuracy: 0.9795 52/126 [===========>..................] - ETA: 11:48 - loss: 0.0682 - accuracy: 0.9799 53/126 [===========>..................] - ETA: 11:38 - loss: 0.0678 - accuracy: 0.9798 54/126 [===========>..................] - ETA: 11:29 - loss: 0.0674 - accuracy: 0.9800 55/126 [============>.................] - ETA: 11:19 - loss: 0.0675 - accuracy: 0.9798 56/126 [============>.................] - ETA: 11:09 - loss: 0.0673 - accuracy: 0.9801 57/126 [============>.................] - ETA: 11:00 - loss: 0.0679 - accuracy: 0.9800 58/126 [============>.................] - ETA: 10:51 - loss: 0.0680 - accuracy: 0.9798 59/126 [=============>................] - ETA: 10:41 - loss: 0.0681 - accuracy: 0.9799 60/126 [=============>................] - ETA: 10:32 - loss: 0.0677 - accuracy: 0.9801 61/126 [=============>................] - ETA: 10:22 - loss: 0.0674 - accuracy: 0.9801 62/126 [=============>................] - ETA: 10:09 - loss: 0.0674 - accuracy: 0.9803 63/126 [==============>...............] - ETA: 10:00 - loss: 0.0673 - accuracy: 0.9802 64/126 [==============>...............] - ETA: 9:51 - loss: 0.0675 - accuracy: 0.9800  65/126 [==============>...............] - ETA: 9:42 - loss: 0.0679 - accuracy: 0.9801 66/126 [==============>...............] - ETA: 9:32 - loss: 0.0675 - accuracy: 0.9803 67/126 [==============>...............] - ETA: 9:23 - loss: 0.0669 - accuracy: 0.9804 68/126 [===============>..............] - ETA: 9:13 - loss: 0.0666 - accuracy: 0.9805 69/126 [===============>..............] - ETA: 9:04 - loss: 0.0662 - accuracy: 0.9808 70/126 [===============>..............] - ETA: 8:54 - loss: 0.0658 - accuracy: 0.9811 71/126 [===============>..............] - ETA: 8:45 - loss: 0.0659 - accuracy: 0.9812 72/126 [================>.............] - ETA: 8:36 - loss: 0.0657 - accuracy: 0.9813 73/126 [================>.............] - ETA: 8:26 - loss: 0.0658 - accuracy: 0.9812 74/126 [================>.............] - ETA: 8:16 - loss: 0.0652 - accuracy: 0.9815 75/126 [================>.............] - ETA: 8:07 - loss: 0.0652 - accuracy: 0.9815 76/126 [=================>............] - ETA: 7:57 - loss: 0.0654 - accuracy: 0.9813 77/126 [=================>............] - ETA: 7:48 - loss: 0.0650 - accuracy: 0.9815 78/126 [=================>............] - ETA: 7:38 - loss: 0.0651 - accuracy: 0.9814 79/126 [=================>............] - ETA: 7:29 - loss: 0.0651 - accuracy: 0.9814 80/126 [==================>...........] - ETA: 7:19 - loss: 0.0647 - accuracy: 0.9816 81/126 [==================>...........] - ETA: 7:10 - loss: 0.0642 - accuracy: 0.9818 82/126 [==================>...........] - ETA: 7:00 - loss: 0.0638 - accuracy: 0.9820 83/126 [==================>...........] - ETA: 6:51 - loss: 0.0635 - accuracy: 0.9821 84/126 [===================>..........] - ETA: 6:41 - loss: 0.0634 - accuracy: 0.9821 85/126 [===================>..........] - ETA: 6:32 - loss: 0.0632 - accuracy: 0.9822 86/126 [===================>..........] - ETA: 6:22 - loss: 0.0632 - accuracy: 0.9822 87/126 [===================>..........] - ETA: 6:13 - loss: 0.0631 - accuracy: 0.9823 88/126 [===================>..........] - ETA: 6:03 - loss: 0.0628 - accuracy: 0.9824 89/126 [====================>.........] - ETA: 5:53 - loss: 0.0623 - accuracy: 0.9826 90/126 [====================>.........] - ETA: 5:44 - loss: 0.0622 - accuracy: 0.9826 91/126 [====================>.........] - ETA: 5:34 - loss: 0.0619 - accuracy: 0.9826 92/126 [====================>.........] - ETA: 5:25 - loss: 0.0616 - accuracy: 0.9828 93/126 [=====================>........] - ETA: 5:15 - loss: 0.0626 - accuracy: 0.9826 94/126 [=====================>........] - ETA: 5:06 - loss: 0.0625 - accuracy: 0.9827 95/126 [=====================>........] - ETA: 4:56 - loss: 0.0628 - accuracy: 0.9824 96/126 [=====================>........] - ETA: 4:47 - loss: 0.0625 - accuracy: 0.9825 97/126 [======================>.......] - ETA: 4:37 - loss: 0.0625 - accuracy: 0.9826 98/126 [======================>.......] - ETA: 4:27 - loss: 0.0621 - accuracy: 0.9827 99/126 [======================>.......] - ETA: 4:18 - loss: 0.0619 - accuracy: 0.9828100/126 [======================>.......] - ETA: 4:08 - loss: 0.0618 - accuracy: 0.9828101/126 [=======================>......] - ETA: 3:59 - loss: 0.0619 - accuracy: 0.9829102/126 [=======================>......] - ETA: 3:49 - loss: 0.0617 - accuracy: 0.9829103/126 [=======================>......] - ETA: 3:40 - loss: 0.0615 - accuracy: 0.9830104/126 [=======================>......] - ETA: 3:30 - loss: 0.0618 - accuracy: 0.9829105/126 [========================>.....] - ETA: 3:21 - loss: 0.0615 - accuracy: 0.9831106/126 [========================>.....] - ETA: 3:11 - loss: 0.0613 - accuracy: 0.9831107/126 [========================>.....] - ETA: 3:02 - loss: 0.0614 - accuracy: 0.9829108/126 [========================>.....] - ETA: 2:52 - loss: 0.0611 - accuracy: 0.9831109/126 [========================>.....] - ETA: 2:43 - loss: 0.0608 - accuracy: 0.9833110/126 [=========================>....] - ETA: 2:33 - loss: 0.0606 - accuracy: 0.9833111/126 [=========================>....] - ETA: 2:23 - loss: 0.0605 - accuracy: 0.9833112/126 [=========================>....] - ETA: 2:14 - loss: 0.0604 - accuracy: 0.9833113/126 [=========================>....] - ETA: 2:04 - loss: 0.0606 - accuracy: 0.9832114/126 [==========================>...] - ETA: 1:55 - loss: 0.0605 - accuracy: 0.9833115/126 [==========================>...] - ETA: 1:45 - loss: 0.0604 - accuracy: 0.9834116/126 [==========================>...] - ETA: 1:35 - loss: 0.0602 - accuracy: 0.9835117/126 [==========================>...] - ETA: 1:26 - loss: 0.0600 - accuracy: 0.9835118/126 [===========================>..] - ETA: 1:16 - loss: 0.0597 - accuracy: 0.9837119/126 [===========================>..] - ETA: 1:07 - loss: 0.0601 - accuracy: 0.9835120/126 [===========================>..] - ETA: 57s - loss: 0.0602 - accuracy: 0.9835 121/126 [===========================>..] - ETA: 47s - loss: 0.0602 - accuracy: 0.9835122/126 [============================>.] - ETA: 38s - loss: 0.0605 - accuracy: 0.9834123/126 [============================>.] - ETA: 28s - loss: 0.0607 - accuracy: 0.9833124/126 [============================>.] - ETA: 19s - loss: 0.0613 - accuracy: 0.9832125/126 [============================>.] - ETA: 9s - loss: 0.0611 - accuracy: 0.9833 126/126 [==============================] - ETA: 0s - loss: 0.0609 - accuracy: 0.9834
Epoch 00018: val_loss did not improve from 0.69250
126/126 [==============================] - 1258s 10s/step - loss: 0.0609 - accuracy: 0.9834 - val_loss: 0.9479 - val_accuracy: 0.5670
Epoch 19/30
  1/126 [..............................] - ETA: 24:28 - loss: 0.0388 - accuracy: 0.9922  2/126 [..............................] - ETA: 19:49 - loss: 0.0363 - accuracy: 0.9922  3/126 [..............................] - ETA: 19:54 - loss: 0.0374 - accuracy: 0.9948  4/126 [..............................] - ETA: 19:18 - loss: 0.0397 - accuracy: 0.9941  5/126 [>.............................] - ETA: 19:14 - loss: 0.0418 - accuracy: 0.9922  6/126 [>.............................] - ETA: 19:10 - loss: 0.0427 - accuracy: 0.9909  7/126 [>.............................] - ETA: 19:01 - loss: 0.0419 - accuracy: 0.9911  8/126 [>.............................] - ETA: 18:47 - loss: 0.0424 - accuracy: 0.9912  9/126 [=>............................] - ETA: 18:39 - loss: 0.0435 - accuracy: 0.9905 10/126 [=>............................] - ETA: 18:31 - loss: 0.0418 - accuracy: 0.9906 11/126 [=>............................] - ETA: 18:23 - loss: 0.0438 - accuracy: 0.9879 12/126 [=>............................] - ETA: 18:17 - loss: 0.0432 - accuracy: 0.9883 13/126 [==>...........................] - ETA: 18:11 - loss: 0.0426 - accuracy: 0.9886 14/126 [==>...........................] - ETA: 18:03 - loss: 0.0445 - accuracy: 0.9877 15/126 [==>...........................] - ETA: 17:52 - loss: 0.0433 - accuracy: 0.9885 16/126 [==>...........................] - ETA: 17:19 - loss: 0.0426 - accuracy: 0.9891 17/126 [===>..........................] - ETA: 17:11 - loss: 0.0418 - accuracy: 0.9893 18/126 [===>..........................] - ETA: 17:03 - loss: 0.0417 - accuracy: 0.9894 19/126 [===>..........................] - ETA: 16:55 - loss: 0.0406 - accuracy: 0.9900 20/126 [===>..........................] - ETA: 16:44 - loss: 0.0401 - accuracy: 0.9901 21/126 [====>.........................] - ETA: 16:35 - loss: 0.0394 - accuracy: 0.9906 22/126 [====>.........................] - ETA: 16:26 - loss: 0.0392 - accuracy: 0.9906 23/126 [====>.........................] - ETA: 16:17 - loss: 0.0385 - accuracy: 0.9911 24/126 [====>.........................] - ETA: 16:07 - loss: 0.0377 - accuracy: 0.9914 25/126 [====>.........................] - ETA: 15:58 - loss: 0.0394 - accuracy: 0.9902 26/126 [=====>........................] - ETA: 15:49 - loss: 0.0417 - accuracy: 0.9894 27/126 [=====>........................] - ETA: 15:39 - loss: 0.0408 - accuracy: 0.9898 28/126 [=====>........................] - ETA: 15:29 - loss: 0.0402 - accuracy: 0.9901 29/126 [=====>........................] - ETA: 15:20 - loss: 0.0403 - accuracy: 0.9899 30/126 [======>.......................] - ETA: 15:11 - loss: 0.0396 - accuracy: 0.9903 31/126 [======>.......................] - ETA: 15:01 - loss: 0.0393 - accuracy: 0.9903 32/126 [======>.......................] - ETA: 14:52 - loss: 0.0404 - accuracy: 0.9904 33/126 [======>.......................] - ETA: 14:42 - loss: 0.0408 - accuracy: 0.9900 34/126 [=======>......................] - ETA: 14:33 - loss: 0.0415 - accuracy: 0.9893 35/126 [=======>......................] - ETA: 14:25 - loss: 0.0417 - accuracy: 0.9892 36/126 [=======>......................] - ETA: 14:16 - loss: 0.0420 - accuracy: 0.9888 37/126 [=======>......................] - ETA: 14:06 - loss: 0.0419 - accuracy: 0.9887 38/126 [========>.....................] - ETA: 13:57 - loss: 0.0430 - accuracy: 0.9882 39/126 [========>.....................] - ETA: 13:48 - loss: 0.0431 - accuracy: 0.9881 40/126 [========>.....................] - ETA: 13:37 - loss: 0.0426 - accuracy: 0.9884 41/126 [========>.....................] - ETA: 13:26 - loss: 0.0428 - accuracy: 0.9885 42/126 [=========>....................] - ETA: 13:17 - loss: 0.0425 - accuracy: 0.9886 43/126 [=========>....................] - ETA: 13:07 - loss: 0.0421 - accuracy: 0.9887 44/126 [=========>....................] - ETA: 12:58 - loss: 0.0427 - accuracy: 0.9882 45/126 [=========>....................] - ETA: 12:48 - loss: 0.0437 - accuracy: 0.9878 46/126 [=========>....................] - ETA: 12:39 - loss: 0.0434 - accuracy: 0.9880 47/126 [==========>...................] - ETA: 12:29 - loss: 0.0429 - accuracy: 0.9883 48/126 [==========>...................] - ETA: 12:20 - loss: 0.0430 - accuracy: 0.9880 49/126 [==========>...................] - ETA: 12:11 - loss: 0.0428 - accuracy: 0.9881 50/126 [==========>...................] - ETA: 12:02 - loss: 0.0426 - accuracy: 0.9884 51/126 [===========>..................] - ETA: 11:52 - loss: 0.0435 - accuracy: 0.9881 52/126 [===========>..................] - ETA: 11:43 - loss: 0.0432 - accuracy: 0.9882 53/126 [===========>..................] - ETA: 11:33 - loss: 0.0430 - accuracy: 0.9883 54/126 [===========>..................] - ETA: 11:24 - loss: 0.0431 - accuracy: 0.9882 55/126 [============>.................] - ETA: 11:14 - loss: 0.0436 - accuracy: 0.9880 56/126 [============>.................] - ETA: 11:05 - loss: 0.0433 - accuracy: 0.9882 57/126 [============>.................] - ETA: 10:55 - loss: 0.0431 - accuracy: 0.9884 58/126 [============>.................] - ETA: 10:46 - loss: 0.0432 - accuracy: 0.9884 59/126 [=============>................] - ETA: 10:36 - loss: 0.0432 - accuracy: 0.9883 60/126 [=============>................] - ETA: 10:27 - loss: 0.0430 - accuracy: 0.9885 61/126 [=============>................] - ETA: 10:17 - loss: 0.0426 - accuracy: 0.9887 62/126 [=============>................] - ETA: 10:08 - loss: 0.0427 - accuracy: 0.9886 63/126 [==============>...............] - ETA: 9:58 - loss: 0.0438 - accuracy: 0.9884  64/126 [==============>...............] - ETA: 9:49 - loss: 0.0444 - accuracy: 0.9881 65/126 [==============>...............] - ETA: 9:39 - loss: 0.0441 - accuracy: 0.9883 66/126 [==============>...............] - ETA: 9:30 - loss: 0.0443 - accuracy: 0.9882 67/126 [==============>...............] - ETA: 9:21 - loss: 0.0443 - accuracy: 0.9883 68/126 [===============>..............] - ETA: 9:12 - loss: 0.0443 - accuracy: 0.9882 69/126 [===============>..............] - ETA: 9:02 - loss: 0.0447 - accuracy: 0.9881 70/126 [===============>..............] - ETA: 8:52 - loss: 0.0447 - accuracy: 0.9880 71/126 [===============>..............] - ETA: 8:43 - loss: 0.0455 - accuracy: 0.9877 72/126 [================>.............] - ETA: 8:33 - loss: 0.0452 - accuracy: 0.9879 73/126 [================>.............] - ETA: 8:24 - loss: 0.0456 - accuracy: 0.9876 74/126 [================>.............] - ETA: 8:15 - loss: 0.0459 - accuracy: 0.9876 75/126 [================>.............] - ETA: 8:05 - loss: 0.0456 - accuracy: 0.9878 76/126 [=================>............] - ETA: 7:56 - loss: 0.0457 - accuracy: 0.9878 77/126 [=================>............] - ETA: 7:46 - loss: 0.0456 - accuracy: 0.9879 78/126 [=================>............] - ETA: 7:37 - loss: 0.0457 - accuracy: 0.9879 79/126 [=================>............] - ETA: 7:28 - loss: 0.0461 - accuracy: 0.9879 80/126 [==================>...........] - ETA: 7:18 - loss: 0.0458 - accuracy: 0.9880 81/126 [==================>...........] - ETA: 7:09 - loss: 0.0456 - accuracy: 0.9881 82/126 [==================>...........] - ETA: 6:59 - loss: 0.0454 - accuracy: 0.9882 83/126 [==================>...........] - ETA: 6:50 - loss: 0.0451 - accuracy: 0.9884 84/126 [===================>..........] - ETA: 6:40 - loss: 0.0452 - accuracy: 0.9884 85/126 [===================>..........] - ETA: 6:31 - loss: 0.0454 - accuracy: 0.9884 86/126 [===================>..........] - ETA: 6:21 - loss: 0.0461 - accuracy: 0.9881 87/126 [===================>..........] - ETA: 6:12 - loss: 0.0459 - accuracy: 0.9882 88/126 [===================>..........] - ETA: 6:02 - loss: 0.0457 - accuracy: 0.9882 89/126 [====================>.........] - ETA: 5:53 - loss: 0.0458 - accuracy: 0.9882 90/126 [====================>.........] - ETA: 5:43 - loss: 0.0458 - accuracy: 0.9882 91/126 [====================>.........] - ETA: 5:34 - loss: 0.0461 - accuracy: 0.9882 92/126 [====================>.........] - ETA: 5:24 - loss: 0.0459 - accuracy: 0.9883 93/126 [=====================>........] - ETA: 5:14 - loss: 0.0459 - accuracy: 0.9883 94/126 [=====================>........] - ETA: 5:05 - loss: 0.0459 - accuracy: 0.9883 95/126 [=====================>........] - ETA: 4:55 - loss: 0.0456 - accuracy: 0.9885 96/126 [=====================>........] - ETA: 4:46 - loss: 0.0458 - accuracy: 0.9884 97/126 [======================>.......] - ETA: 4:36 - loss: 0.0456 - accuracy: 0.9885 98/126 [======================>.......] - ETA: 4:27 - loss: 0.0459 - accuracy: 0.9885 99/126 [======================>.......] - ETA: 4:17 - loss: 0.0457 - accuracy: 0.9886100/126 [======================>.......] - ETA: 4:08 - loss: 0.0456 - accuracy: 0.9886101/126 [=======================>......] - ETA: 3:58 - loss: 0.0457 - accuracy: 0.9885102/126 [=======================>......] - ETA: 3:49 - loss: 0.0458 - accuracy: 0.9885103/126 [=======================>......] - ETA: 3:39 - loss: 0.0458 - accuracy: 0.9884104/126 [=======================>......] - ETA: 3:30 - loss: 0.0465 - accuracy: 0.9881105/126 [========================>.....] - ETA: 3:20 - loss: 0.0464 - accuracy: 0.9881106/126 [========================>.....] - ETA: 3:11 - loss: 0.0464 - accuracy: 0.9882107/126 [========================>.....] - ETA: 3:01 - loss: 0.0466 - accuracy: 0.9881108/126 [========================>.....] - ETA: 2:52 - loss: 0.0466 - accuracy: 0.9880109/126 [========================>.....] - ETA: 2:42 - loss: 0.0463 - accuracy: 0.9881110/126 [=========================>....] - ETA: 2:32 - loss: 0.0464 - accuracy: 0.9880111/126 [=========================>....] - ETA: 2:23 - loss: 0.0463 - accuracy: 0.9881112/126 [=========================>....] - ETA: 2:13 - loss: 0.0462 - accuracy: 0.9880113/126 [=========================>....] - ETA: 2:04 - loss: 0.0461 - accuracy: 0.9879114/126 [==========================>...] - ETA: 1:54 - loss: 0.0463 - accuracy: 0.9878115/126 [==========================>...] - ETA: 1:45 - loss: 0.0461 - accuracy: 0.9879116/126 [==========================>...] - ETA: 1:35 - loss: 0.0463 - accuracy: 0.9878117/126 [==========================>...] - ETA: 1:25 - loss: 0.0463 - accuracy: 0.9878118/126 [===========================>..] - ETA: 1:16 - loss: 0.0464 - accuracy: 0.9877119/126 [===========================>..] - ETA: 1:06 - loss: 0.0464 - accuracy: 0.9877120/126 [===========================>..] - ETA: 57s - loss: 0.0462 - accuracy: 0.9877 121/126 [===========================>..] - ETA: 47s - loss: 0.0462 - accuracy: 0.9877122/126 [============================>.] - ETA: 38s - loss: 0.0461 - accuracy: 0.9877123/126 [============================>.] - ETA: 28s - loss: 0.0460 - accuracy: 0.9878124/126 [============================>.] - ETA: 19s - loss: 0.0464 - accuracy: 0.9877125/126 [============================>.] - ETA: 9s - loss: 0.0464 - accuracy: 0.9878 126/126 [==============================] - ETA: 0s - loss: 0.0466 - accuracy: 0.9878
Epoch 00019: val_loss did not improve from 0.69250
126/126 [==============================] - 1257s 10s/step - loss: 0.0466 - accuracy: 0.9878 - val_loss: 4.8759 - val_accuracy: 0.4022
Epoch 20/30
  1/126 [..............................] - ETA: 24:25 - loss: 0.0586 - accuracy: 0.9688  2/126 [..............................] - ETA: 18:06 - loss: 0.0560 - accuracy: 0.9766  3/126 [..............................] - ETA: 18:53 - loss: 0.0534 - accuracy: 0.9792  4/126 [..............................] - ETA: 19:11 - loss: 0.0533 - accuracy: 0.9785  5/126 [>.............................] - ETA: 19:09 - loss: 0.0518 - accuracy: 0.9766  6/126 [>.............................] - ETA: 19:02 - loss: 0.0485 - accuracy: 0.9792  7/126 [>.............................] - ETA: 18:51 - loss: 0.0466 - accuracy: 0.9810  8/126 [>.............................] - ETA: 18:46 - loss: 0.0453 - accuracy: 0.9824  9/126 [=>............................] - ETA: 18:37 - loss: 0.0435 - accuracy: 0.9844 10/126 [=>............................] - ETA: 18:28 - loss: 0.0430 - accuracy: 0.9844 11/126 [=>............................] - ETA: 18:17 - loss: 0.0446 - accuracy: 0.9844 12/126 [=>............................] - ETA: 18:09 - loss: 0.0444 - accuracy: 0.9837 13/126 [==>...........................] - ETA: 18:03 - loss: 0.0424 - accuracy: 0.9850 14/126 [==>...........................] - ETA: 17:52 - loss: 0.0409 - accuracy: 0.9860 15/126 [==>...........................] - ETA: 17:46 - loss: 0.0396 - accuracy: 0.9870 16/126 [==>...........................] - ETA: 17:36 - loss: 0.0395 - accuracy: 0.9873 17/126 [===>..........................] - ETA: 17:27 - loss: 0.0405 - accuracy: 0.9871 18/126 [===>..........................] - ETA: 17:17 - loss: 0.0409 - accuracy: 0.9870 19/126 [===>..........................] - ETA: 17:08 - loss: 0.0402 - accuracy: 0.9873 20/126 [===>..........................] - ETA: 16:59 - loss: 0.0394 - accuracy: 0.9879 21/126 [====>.........................] - ETA: 16:48 - loss: 0.0391 - accuracy: 0.9881 22/126 [====>.........................] - ETA: 16:39 - loss: 0.0397 - accuracy: 0.9879 23/126 [====>.........................] - ETA: 16:30 - loss: 0.0388 - accuracy: 0.9885 24/126 [====>.........................] - ETA: 16:20 - loss: 0.0405 - accuracy: 0.9880 25/126 [====>.........................] - ETA: 16:08 - loss: 0.0439 - accuracy: 0.9872 26/126 [=====>........................] - ETA: 15:59 - loss: 0.0461 - accuracy: 0.9862 27/126 [=====>........................] - ETA: 15:48 - loss: 0.0459 - accuracy: 0.9864 28/126 [=====>........................] - ETA: 15:39 - loss: 0.0453 - accuracy: 0.9866 29/126 [=====>........................] - ETA: 15:30 - loss: 0.0444 - accuracy: 0.9871 30/126 [======>.......................] - ETA: 15:21 - loss: 0.0458 - accuracy: 0.9870 31/126 [======>.......................] - ETA: 15:10 - loss: 0.0450 - accuracy: 0.9874 32/126 [======>.......................] - ETA: 15:00 - loss: 0.0450 - accuracy: 0.9875 33/126 [======>.......................] - ETA: 14:52 - loss: 0.0448 - accuracy: 0.9875 34/126 [=======>......................] - ETA: 14:42 - loss: 0.0445 - accuracy: 0.9878 35/126 [=======>......................] - ETA: 14:33 - loss: 0.0444 - accuracy: 0.9877 36/126 [=======>......................] - ETA: 14:24 - loss: 0.0451 - accuracy: 0.9872 37/126 [=======>......................] - ETA: 14:15 - loss: 0.0448 - accuracy: 0.9873 38/126 [========>.....................] - ETA: 14:05 - loss: 0.0443 - accuracy: 0.9877 39/126 [========>.....................] - ETA: 13:48 - loss: 0.0438 - accuracy: 0.9879 40/126 [========>.....................] - ETA: 13:39 - loss: 0.0440 - accuracy: 0.9876 41/126 [========>.....................] - ETA: 13:29 - loss: 0.0438 - accuracy: 0.9875 42/126 [=========>....................] - ETA: 13:20 - loss: 0.0437 - accuracy: 0.9876 43/126 [=========>....................] - ETA: 13:09 - loss: 0.0433 - accuracy: 0.9879 44/126 [=========>....................] - ETA: 13:00 - loss: 0.0438 - accuracy: 0.9878 45/126 [=========>....................] - ETA: 12:51 - loss: 0.0448 - accuracy: 0.9872 46/126 [=========>....................] - ETA: 12:43 - loss: 0.0452 - accuracy: 0.9872 47/126 [==========>...................] - ETA: 12:33 - loss: 0.0451 - accuracy: 0.9873 48/126 [==========>...................] - ETA: 12:22 - loss: 0.0447 - accuracy: 0.9876 49/126 [==========>...................] - ETA: 12:13 - loss: 0.0453 - accuracy: 0.9872 50/126 [==========>...................] - ETA: 12:04 - loss: 0.0448 - accuracy: 0.9874 51/126 [===========>..................] - ETA: 11:55 - loss: 0.0451 - accuracy: 0.9874 52/126 [===========>..................] - ETA: 11:45 - loss: 0.0447 - accuracy: 0.9876 53/126 [===========>..................] - ETA: 11:36 - loss: 0.0442 - accuracy: 0.9878 54/126 [===========>..................] - ETA: 11:27 - loss: 0.0438 - accuracy: 0.9881 55/126 [============>.................] - ETA: 11:17 - loss: 0.0438 - accuracy: 0.9880 56/126 [============>.................] - ETA: 11:08 - loss: 0.0434 - accuracy: 0.9882 57/126 [============>.................] - ETA: 10:58 - loss: 0.0433 - accuracy: 0.9883 58/126 [============>.................] - ETA: 10:48 - loss: 0.0431 - accuracy: 0.9884 59/126 [=============>................] - ETA: 10:39 - loss: 0.0433 - accuracy: 0.9883 60/126 [=============>................] - ETA: 10:29 - loss: 0.0433 - accuracy: 0.9884 61/126 [=============>................] - ETA: 10:19 - loss: 0.0437 - accuracy: 0.9883 62/126 [=============>................] - ETA: 10:10 - loss: 0.0436 - accuracy: 0.9884 63/126 [==============>...............] - ETA: 10:00 - loss: 0.0444 - accuracy: 0.9882 64/126 [==============>...............] - ETA: 9:51 - loss: 0.0441 - accuracy: 0.9884  65/126 [==============>...............] - ETA: 9:41 - loss: 0.0443 - accuracy: 0.9882 66/126 [==============>...............] - ETA: 9:31 - loss: 0.0443 - accuracy: 0.9881 67/126 [==============>...............] - ETA: 9:22 - loss: 0.0440 - accuracy: 0.9883 68/126 [===============>..............] - ETA: 9:13 - loss: 0.0442 - accuracy: 0.9882 69/126 [===============>..............] - ETA: 9:03 - loss: 0.0439 - accuracy: 0.9884 70/126 [===============>..............] - ETA: 8:53 - loss: 0.0440 - accuracy: 0.9882 71/126 [===============>..............] - ETA: 8:44 - loss: 0.0441 - accuracy: 0.9882 72/126 [================>.............] - ETA: 8:35 - loss: 0.0439 - accuracy: 0.9882 73/126 [================>.............] - ETA: 8:25 - loss: 0.0437 - accuracy: 0.9882 74/126 [================>.............] - ETA: 8:16 - loss: 0.0438 - accuracy: 0.9882 75/126 [================>.............] - ETA: 8:06 - loss: 0.0435 - accuracy: 0.9883 76/126 [=================>............] - ETA: 7:57 - loss: 0.0440 - accuracy: 0.9881 77/126 [=================>............] - ETA: 7:48 - loss: 0.0441 - accuracy: 0.9881 78/126 [=================>............] - ETA: 7:38 - loss: 0.0443 - accuracy: 0.9880 79/126 [=================>............] - ETA: 7:29 - loss: 0.0441 - accuracy: 0.9882 80/126 [==================>...........] - ETA: 7:19 - loss: 0.0440 - accuracy: 0.9881 81/126 [==================>...........] - ETA: 7:10 - loss: 0.0440 - accuracy: 0.9882 82/126 [==================>...........] - ETA: 7:00 - loss: 0.0439 - accuracy: 0.9882 83/126 [==================>...........] - ETA: 6:51 - loss: 0.0436 - accuracy: 0.9884 84/126 [===================>..........] - ETA: 6:41 - loss: 0.0437 - accuracy: 0.9884 85/126 [===================>..........] - ETA: 6:32 - loss: 0.0437 - accuracy: 0.9885 86/126 [===================>..........] - ETA: 6:22 - loss: 0.0436 - accuracy: 0.9885 87/126 [===================>..........] - ETA: 6:13 - loss: 0.0438 - accuracy: 0.9884 88/126 [===================>..........] - ETA: 6:03 - loss: 0.0440 - accuracy: 0.9882 89/126 [====================>.........] - ETA: 5:54 - loss: 0.0438 - accuracy: 0.9883 90/126 [====================>.........] - ETA: 5:44 - loss: 0.0438 - accuracy: 0.9883 91/126 [====================>.........] - ETA: 5:35 - loss: 0.0435 - accuracy: 0.9885 92/126 [====================>.........] - ETA: 5:25 - loss: 0.0437 - accuracy: 0.9883 93/126 [=====================>........] - ETA: 5:16 - loss: 0.0435 - accuracy: 0.9885 94/126 [=====================>........] - ETA: 5:06 - loss: 0.0434 - accuracy: 0.9885 95/126 [=====================>........] - ETA: 4:57 - loss: 0.0434 - accuracy: 0.9884 96/126 [=====================>........] - ETA: 4:47 - loss: 0.0433 - accuracy: 0.9884 97/126 [======================>.......] - ETA: 4:38 - loss: 0.0436 - accuracy: 0.9884 98/126 [======================>.......] - ETA: 4:28 - loss: 0.0435 - accuracy: 0.9884 99/126 [======================>.......] - ETA: 4:19 - loss: 0.0435 - accuracy: 0.9884100/126 [======================>.......] - ETA: 4:09 - loss: 0.0438 - accuracy: 0.9882101/126 [=======================>......] - ETA: 4:00 - loss: 0.0439 - accuracy: 0.9879102/126 [=======================>......] - ETA: 3:50 - loss: 0.0438 - accuracy: 0.9880103/126 [=======================>......] - ETA: 3:41 - loss: 0.0437 - accuracy: 0.9881104/126 [=======================>......] - ETA: 3:31 - loss: 0.0435 - accuracy: 0.9882105/126 [========================>.....] - ETA: 3:21 - loss: 0.0434 - accuracy: 0.9882106/126 [========================>.....] - ETA: 3:12 - loss: 0.0433 - accuracy: 0.9883107/126 [========================>.....] - ETA: 3:02 - loss: 0.0435 - accuracy: 0.9881108/126 [========================>.....] - ETA: 2:53 - loss: 0.0435 - accuracy: 0.9882109/126 [========================>.....] - ETA: 2:43 - loss: 0.0436 - accuracy: 0.9881110/126 [=========================>....] - ETA: 2:33 - loss: 0.0437 - accuracy: 0.9881111/126 [=========================>....] - ETA: 2:24 - loss: 0.0443 - accuracy: 0.9879112/126 [=========================>....] - ETA: 2:14 - loss: 0.0444 - accuracy: 0.9878113/126 [=========================>....] - ETA: 2:05 - loss: 0.0443 - accuracy: 0.9878114/126 [==========================>...] - ETA: 1:55 - loss: 0.0443 - accuracy: 0.9878115/126 [==========================>...] - ETA: 1:45 - loss: 0.0442 - accuracy: 0.9879116/126 [==========================>...] - ETA: 1:36 - loss: 0.0441 - accuracy: 0.9878117/126 [==========================>...] - ETA: 1:26 - loss: 0.0440 - accuracy: 0.9879118/126 [===========================>..] - ETA: 1:17 - loss: 0.0440 - accuracy: 0.9879119/126 [===========================>..] - ETA: 1:07 - loss: 0.0442 - accuracy: 0.9879120/126 [===========================>..] - ETA: 57s - loss: 0.0442 - accuracy: 0.9878 121/126 [===========================>..] - ETA: 48s - loss: 0.0443 - accuracy: 0.9877122/126 [============================>.] - ETA: 38s - loss: 0.0445 - accuracy: 0.9875123/126 [============================>.] - ETA: 28s - loss: 0.0445 - accuracy: 0.9875124/126 [============================>.] - ETA: 19s - loss: 0.0445 - accuracy: 0.9875125/126 [============================>.] - ETA: 9s - loss: 0.0443 - accuracy: 0.9875 126/126 [==============================] - ETA: 0s - loss: 0.0442 - accuracy: 0.9876
Epoch 00020: val_loss did not improve from 0.69250
126/126 [==============================] - 1265s 10s/step - loss: 0.0442 - accuracy: 0.9876 - val_loss: 0.8187 - val_accuracy: 0.4054
Epoch 21/30
  1/126 [..............................] - ETA: 16:49 - loss: 0.0211 - accuracy: 1.0000  2/126 [..............................] - ETA: 19:45 - loss: 0.0363 - accuracy: 0.9909  3/126 [..............................] - ETA: 19:44 - loss: 0.0320 - accuracy: 0.9943  4/126 [..............................] - ETA: 19:37 - loss: 0.0331 - accuracy: 0.9937  5/126 [>.............................] - ETA: 19:29 - loss: 0.0362 - accuracy: 0.9934  6/126 [>.............................] - ETA: 19:13 - loss: 0.0379 - accuracy: 0.9918  7/126 [>.............................] - ETA: 18:59 - loss: 0.0449 - accuracy: 0.9895  8/126 [>.............................] - ETA: 18:53 - loss: 0.0424 - accuracy: 0.9899  9/126 [=>............................] - ETA: 18:41 - loss: 0.0404 - accuracy: 0.9901 10/126 [=>............................] - ETA: 18:35 - loss: 0.0385 - accuracy: 0.9912 11/126 [=>............................] - ETA: 18:28 - loss: 0.0373 - accuracy: 0.9913 12/126 [=>............................] - ETA: 18:21 - loss: 0.0377 - accuracy: 0.9913 13/126 [==>...........................] - ETA: 18:14 - loss: 0.0375 - accuracy: 0.9914 14/126 [==>...........................] - ETA: 18:02 - loss: 0.0376 - accuracy: 0.9915 15/126 [==>...........................] - ETA: 17:52 - loss: 0.0372 - accuracy: 0.9915 16/126 [==>...........................] - ETA: 17:42 - loss: 0.0385 - accuracy: 0.9916 17/126 [===>..........................] - ETA: 17:33 - loss: 0.0382 - accuracy: 0.9916 18/126 [===>..........................] - ETA: 17:23 - loss: 0.0394 - accuracy: 0.9912 19/126 [===>..........................] - ETA: 17:12 - loss: 0.0386 - accuracy: 0.9917 20/126 [===>..........................] - ETA: 17:02 - loss: 0.0387 - accuracy: 0.9917 21/126 [====>.........................] - ETA: 16:52 - loss: 0.0410 - accuracy: 0.9906 22/126 [====>.........................] - ETA: 16:44 - loss: 0.0414 - accuracy: 0.9906 23/126 [====>.........................] - ETA: 16:31 - loss: 0.0430 - accuracy: 0.9900 24/126 [====>.........................] - ETA: 16:17 - loss: 0.0428 - accuracy: 0.9898 25/126 [====>.........................] - ETA: 16:08 - loss: 0.0424 - accuracy: 0.9896 26/126 [=====>........................] - ETA: 16:00 - loss: 0.0420 - accuracy: 0.9897 27/126 [=====>........................] - ETA: 15:50 - loss: 0.0438 - accuracy: 0.9889 28/126 [=====>........................] - ETA: 15:41 - loss: 0.0435 - accuracy: 0.9890 29/126 [=====>........................] - ETA: 15:32 - loss: 0.0435 - accuracy: 0.9888 30/126 [======>.......................] - ETA: 15:22 - loss: 0.0431 - accuracy: 0.9890 31/126 [======>.......................] - ETA: 15:13 - loss: 0.0439 - accuracy: 0.9891 32/126 [======>.......................] - ETA: 15:04 - loss: 0.0441 - accuracy: 0.9892 33/126 [======>.......................] - ETA: 14:54 - loss: 0.0443 - accuracy: 0.9890 34/126 [=======>......................] - ETA: 14:45 - loss: 0.0451 - accuracy: 0.9889 35/126 [=======>......................] - ETA: 14:36 - loss: 0.0448 - accuracy: 0.9890 36/126 [=======>......................] - ETA: 14:26 - loss: 0.0446 - accuracy: 0.9888 37/126 [=======>......................] - ETA: 14:16 - loss: 0.0442 - accuracy: 0.9889 38/126 [========>.....................] - ETA: 14:07 - loss: 0.0445 - accuracy: 0.9886 39/126 [========>.....................] - ETA: 13:56 - loss: 0.0438 - accuracy: 0.9889 40/126 [========>.....................] - ETA: 13:46 - loss: 0.0442 - accuracy: 0.9884 41/126 [========>.....................] - ETA: 13:37 - loss: 0.0445 - accuracy: 0.9883 42/126 [=========>....................] - ETA: 13:28 - loss: 0.0443 - accuracy: 0.9882 43/126 [=========>....................] - ETA: 13:18 - loss: 0.0442 - accuracy: 0.9881 44/126 [=========>....................] - ETA: 13:08 - loss: 0.0441 - accuracy: 0.9882 45/126 [=========>....................] - ETA: 12:59 - loss: 0.0442 - accuracy: 0.9881 46/126 [=========>....................] - ETA: 12:49 - loss: 0.0441 - accuracy: 0.9882 47/126 [==========>...................] - ETA: 12:39 - loss: 0.0440 - accuracy: 0.9881 48/126 [==========>...................] - ETA: 12:29 - loss: 0.0439 - accuracy: 0.9880 49/126 [==========>...................] - ETA: 12:20 - loss: 0.0436 - accuracy: 0.9881 50/126 [==========>...................] - ETA: 12:10 - loss: 0.0434 - accuracy: 0.9882 51/126 [===========>..................] - ETA: 12:01 - loss: 0.0433 - accuracy: 0.9883 52/126 [===========>..................] - ETA: 11:51 - loss: 0.0431 - accuracy: 0.9882 53/126 [===========>..................] - ETA: 11:42 - loss: 0.0427 - accuracy: 0.9884 54/126 [===========>..................] - ETA: 11:32 - loss: 0.0430 - accuracy: 0.9884 55/126 [============>.................] - ETA: 11:22 - loss: 0.0427 - accuracy: 0.9886 56/126 [============>.................] - ETA: 11:13 - loss: 0.0423 - accuracy: 0.9888 57/126 [============>.................] - ETA: 11:03 - loss: 0.0425 - accuracy: 0.9887 58/126 [============>.................] - ETA: 10:53 - loss: 0.0432 - accuracy: 0.9885 59/126 [=============>................] - ETA: 10:44 - loss: 0.0429 - accuracy: 0.9886 60/126 [=============>................] - ETA: 10:34 - loss: 0.0428 - accuracy: 0.9887 61/126 [=============>................] - ETA: 10:25 - loss: 0.0425 - accuracy: 0.9888 62/126 [=============>................] - ETA: 10:15 - loss: 0.0423 - accuracy: 0.9890 63/126 [==============>...............] - ETA: 10:05 - loss: 0.0420 - accuracy: 0.9892 64/126 [==============>...............] - ETA: 9:56 - loss: 0.0416 - accuracy: 0.9893  65/126 [==============>...............] - ETA: 9:46 - loss: 0.0414 - accuracy: 0.9894 66/126 [==============>...............] - ETA: 9:36 - loss: 0.0416 - accuracy: 0.9894 67/126 [==============>...............] - ETA: 9:27 - loss: 0.0414 - accuracy: 0.9895 68/126 [===============>..............] - ETA: 9:17 - loss: 0.0411 - accuracy: 0.9896 69/126 [===============>..............] - ETA: 9:07 - loss: 0.0412 - accuracy: 0.9897 70/126 [===============>..............] - ETA: 8:58 - loss: 0.0420 - accuracy: 0.9896 71/126 [===============>..............] - ETA: 8:48 - loss: 0.0417 - accuracy: 0.9897 72/126 [================>.............] - ETA: 8:39 - loss: 0.0421 - accuracy: 0.9895 73/126 [================>.............] - ETA: 8:29 - loss: 0.0421 - accuracy: 0.9895 74/126 [================>.............] - ETA: 8:20 - loss: 0.0420 - accuracy: 0.9894 75/126 [================>.............] - ETA: 8:10 - loss: 0.0417 - accuracy: 0.9895 76/126 [=================>............] - ETA: 8:00 - loss: 0.0419 - accuracy: 0.9893 77/126 [=================>............] - ETA: 7:50 - loss: 0.0422 - accuracy: 0.9892 78/126 [=================>............] - ETA: 7:41 - loss: 0.0424 - accuracy: 0.9890 79/126 [=================>............] - ETA: 7:31 - loss: 0.0423 - accuracy: 0.9890 80/126 [==================>...........] - ETA: 7:22 - loss: 0.0432 - accuracy: 0.9887 81/126 [==================>...........] - ETA: 7:12 - loss: 0.0437 - accuracy: 0.9887 82/126 [==================>...........] - ETA: 7:03 - loss: 0.0434 - accuracy: 0.9888 83/126 [==================>...........] - ETA: 6:53 - loss: 0.0436 - accuracy: 0.9887 84/126 [===================>..........] - ETA: 6:43 - loss: 0.0434 - accuracy: 0.9887 85/126 [===================>..........] - ETA: 6:34 - loss: 0.0433 - accuracy: 0.9888 86/126 [===================>..........] - ETA: 6:24 - loss: 0.0431 - accuracy: 0.9890 87/126 [===================>..........] - ETA: 6:15 - loss: 0.0430 - accuracy: 0.9890 88/126 [===================>..........] - ETA: 6:05 - loss: 0.0429 - accuracy: 0.9890 89/126 [====================>.........] - ETA: 5:56 - loss: 0.0432 - accuracy: 0.9890 90/126 [====================>.........] - ETA: 5:46 - loss: 0.0430 - accuracy: 0.9891 91/126 [====================>.........] - ETA: 5:36 - loss: 0.0431 - accuracy: 0.9891 92/126 [====================>.........] - ETA: 5:27 - loss: 0.0430 - accuracy: 0.9892 93/126 [=====================>........] - ETA: 5:17 - loss: 0.0427 - accuracy: 0.9893 94/126 [=====================>........] - ETA: 5:07 - loss: 0.0428 - accuracy: 0.9892 95/126 [=====================>........] - ETA: 4:58 - loss: 0.0430 - accuracy: 0.9892 96/126 [=====================>........] - ETA: 4:48 - loss: 0.0427 - accuracy: 0.9893 97/126 [======================>.......] - ETA: 4:39 - loss: 0.0425 - accuracy: 0.9894 98/126 [======================>.......] - ETA: 4:29 - loss: 0.0423 - accuracy: 0.9895 99/126 [======================>.......] - ETA: 4:19 - loss: 0.0421 - accuracy: 0.9896100/126 [======================>.......] - ETA: 4:10 - loss: 0.0421 - accuracy: 0.9896101/126 [=======================>......] - ETA: 4:00 - loss: 0.0420 - accuracy: 0.9896102/126 [=======================>......] - ETA: 3:50 - loss: 0.0421 - accuracy: 0.9896103/126 [=======================>......] - ETA: 3:41 - loss: 0.0420 - accuracy: 0.9897104/126 [=======================>......] - ETA: 3:31 - loss: 0.0418 - accuracy: 0.9898105/126 [========================>.....] - ETA: 3:21 - loss: 0.0417 - accuracy: 0.9899106/126 [========================>.....] - ETA: 3:12 - loss: 0.0416 - accuracy: 0.9899107/126 [========================>.....] - ETA: 3:02 - loss: 0.0417 - accuracy: 0.9898108/126 [========================>.....] - ETA: 2:53 - loss: 0.0418 - accuracy: 0.9898109/126 [========================>.....] - ETA: 2:43 - loss: 0.0419 - accuracy: 0.9898110/126 [=========================>....] - ETA: 2:33 - loss: 0.0420 - accuracy: 0.9897111/126 [=========================>....] - ETA: 2:24 - loss: 0.0422 - accuracy: 0.9896112/126 [=========================>....] - ETA: 2:14 - loss: 0.0420 - accuracy: 0.9897113/126 [=========================>....] - ETA: 2:05 - loss: 0.0418 - accuracy: 0.9897114/126 [==========================>...] - ETA: 1:55 - loss: 0.0420 - accuracy: 0.9897115/126 [==========================>...] - ETA: 1:45 - loss: 0.0422 - accuracy: 0.9896116/126 [==========================>...] - ETA: 1:36 - loss: 0.0421 - accuracy: 0.9896117/126 [==========================>...] - ETA: 1:26 - loss: 0.0420 - accuracy: 0.9896118/126 [===========================>..] - ETA: 1:17 - loss: 0.0420 - accuracy: 0.9896119/126 [===========================>..] - ETA: 1:07 - loss: 0.0418 - accuracy: 0.9897120/126 [===========================>..] - ETA: 57s - loss: 0.0417 - accuracy: 0.9898 121/126 [===========================>..] - ETA: 48s - loss: 0.0418 - accuracy: 0.9897122/126 [============================>.] - ETA: 38s - loss: 0.0416 - accuracy: 0.9898123/126 [============================>.] - ETA: 28s - loss: 0.0416 - accuracy: 0.9898124/126 [============================>.] - ETA: 19s - loss: 0.0415 - accuracy: 0.9899125/126 [============================>.] - ETA: 9s - loss: 0.0413 - accuracy: 0.9900 126/126 [==============================] - ETA: 0s - loss: 0.0412 - accuracy: 0.9900
Epoch 00021: val_loss did not improve from 0.69250
126/126 [==============================] - 1261s 10s/step - loss: 0.0412 - accuracy: 0.9900 - val_loss: 0.6933 - val_accuracy: 0.4370
Epoch 22/30
  1/126 [..............................] - ETA: 23:47 - loss: 0.0254 - accuracy: 0.9922  2/126 [..............................] - ETA: 20:04 - loss: 0.0275 - accuracy: 0.9961  3/126 [..............................] - ETA: 19:32 - loss: 0.0275 - accuracy: 0.9948  4/126 [..............................] - ETA: 19:43 - loss: 0.0319 - accuracy: 0.9941  5/126 [>.............................] - ETA: 19:31 - loss: 0.0344 - accuracy: 0.9937  6/126 [>.............................] - ETA: 19:20 - loss: 0.0340 - accuracy: 0.9922  7/126 [>.............................] - ETA: 19:12 - loss: 0.0317 - accuracy: 0.9933  8/126 [>.............................] - ETA: 19:03 - loss: 0.0304 - accuracy: 0.9932  9/126 [=>............................] - ETA: 18:52 - loss: 0.0308 - accuracy: 0.9922 10/126 [=>............................] - ETA: 18:42 - loss: 0.0301 - accuracy: 0.9930 11/126 [=>............................] - ETA: 18:33 - loss: 0.0314 - accuracy: 0.9922 12/126 [=>............................] - ETA: 18:20 - loss: 0.0367 - accuracy: 0.9915 13/126 [==>...........................] - ETA: 18:11 - loss: 0.0352 - accuracy: 0.9922 14/126 [==>...........................] - ETA: 18:04 - loss: 0.0339 - accuracy: 0.9927 15/126 [==>...........................] - ETA: 17:56 - loss: 0.0359 - accuracy: 0.9927 16/126 [==>...........................] - ETA: 17:48 - loss: 0.0349 - accuracy: 0.9932 17/126 [===>..........................] - ETA: 17:37 - loss: 0.0336 - accuracy: 0.9936 18/126 [===>..........................] - ETA: 17:26 - loss: 0.0338 - accuracy: 0.9935 19/126 [===>..........................] - ETA: 17:17 - loss: 0.0329 - accuracy: 0.9938 20/126 [===>..........................] - ETA: 17:08 - loss: 0.0331 - accuracy: 0.9937 21/126 [====>.........................] - ETA: 16:58 - loss: 0.0355 - accuracy: 0.9929 22/126 [====>.........................] - ETA: 16:48 - loss: 0.0352 - accuracy: 0.9929 23/126 [====>.........................] - ETA: 16:37 - loss: 0.0363 - accuracy: 0.9918 24/126 [====>.........................] - ETA: 16:27 - loss: 0.0362 - accuracy: 0.9915 25/126 [====>.........................] - ETA: 16:17 - loss: 0.0355 - accuracy: 0.9919 26/126 [=====>........................] - ETA: 16:06 - loss: 0.0354 - accuracy: 0.9919 27/126 [=====>........................] - ETA: 15:57 - loss: 0.0352 - accuracy: 0.9922 28/126 [=====>........................] - ETA: 15:46 - loss: 0.0346 - accuracy: 0.9925 29/126 [=====>........................] - ETA: 15:36 - loss: 0.0345 - accuracy: 0.9925 30/126 [======>.......................] - ETA: 15:27 - loss: 0.0339 - accuracy: 0.9927 31/126 [======>.......................] - ETA: 15:17 - loss: 0.0347 - accuracy: 0.9922 32/126 [======>.......................] - ETA: 15:07 - loss: 0.0345 - accuracy: 0.9924 33/126 [======>.......................] - ETA: 14:57 - loss: 0.0340 - accuracy: 0.9927 34/126 [=======>......................] - ETA: 14:46 - loss: 0.0339 - accuracy: 0.9926 35/126 [=======>......................] - ETA: 14:37 - loss: 0.0340 - accuracy: 0.9924 36/126 [=======>......................] - ETA: 14:27 - loss: 0.0341 - accuracy: 0.9922 37/126 [=======>......................] - ETA: 14:16 - loss: 0.0355 - accuracy: 0.9916 38/126 [========>.....................] - ETA: 14:07 - loss: 0.0373 - accuracy: 0.9907 39/126 [========>.....................] - ETA: 13:57 - loss: 0.0380 - accuracy: 0.9906 40/126 [========>.....................] - ETA: 13:48 - loss: 0.0400 - accuracy: 0.9900 41/126 [========>.....................] - ETA: 13:38 - loss: 0.0397 - accuracy: 0.9901 42/126 [=========>....................] - ETA: 13:29 - loss: 0.0396 - accuracy: 0.9901 43/126 [=========>....................] - ETA: 13:20 - loss: 0.0398 - accuracy: 0.9900 44/126 [=========>....................] - ETA: 13:11 - loss: 0.0400 - accuracy: 0.9901 45/126 [=========>....................] - ETA: 13:01 - loss: 0.0402 - accuracy: 0.9899 46/126 [=========>....................] - ETA: 12:52 - loss: 0.0402 - accuracy: 0.9898 47/126 [==========>...................] - ETA: 12:37 - loss: 0.0400 - accuracy: 0.9898 48/126 [==========>...................] - ETA: 12:28 - loss: 0.0406 - accuracy: 0.9897 49/126 [==========>...................] - ETA: 12:19 - loss: 0.0406 - accuracy: 0.9897 50/126 [==========>...................] - ETA: 12:09 - loss: 0.0420 - accuracy: 0.9893 51/126 [===========>..................] - ETA: 12:00 - loss: 0.0422 - accuracy: 0.9894 52/126 [===========>..................] - ETA: 11:51 - loss: 0.0430 - accuracy: 0.9891 53/126 [===========>..................] - ETA: 11:41 - loss: 0.0429 - accuracy: 0.9892 54/126 [===========>..................] - ETA: 11:32 - loss: 0.0430 - accuracy: 0.9892 55/126 [============>.................] - ETA: 11:23 - loss: 0.0442 - accuracy: 0.9887 56/126 [============>.................] - ETA: 11:13 - loss: 0.0441 - accuracy: 0.9885 57/126 [============>.................] - ETA: 11:04 - loss: 0.0437 - accuracy: 0.9887 58/126 [============>.................] - ETA: 10:55 - loss: 0.0439 - accuracy: 0.9888 59/126 [=============>................] - ETA: 10:45 - loss: 0.0435 - accuracy: 0.9890 60/126 [=============>................] - ETA: 10:36 - loss: 0.0433 - accuracy: 0.9890 61/126 [=============>................] - ETA: 10:27 - loss: 0.0431 - accuracy: 0.9892 62/126 [=============>................] - ETA: 10:17 - loss: 0.0436 - accuracy: 0.9891 63/126 [==============>...............] - ETA: 10:07 - loss: 0.0435 - accuracy: 0.9892 64/126 [==============>...............] - ETA: 9:58 - loss: 0.0434 - accuracy: 0.9891  65/126 [==============>...............] - ETA: 9:49 - loss: 0.0432 - accuracy: 0.9891 66/126 [==============>...............] - ETA: 9:39 - loss: 0.0432 - accuracy: 0.9892 67/126 [==============>...............] - ETA: 9:30 - loss: 0.0430 - accuracy: 0.9892 68/126 [===============>..............] - ETA: 9:20 - loss: 0.0435 - accuracy: 0.9892 69/126 [===============>..............] - ETA: 9:11 - loss: 0.0440 - accuracy: 0.9890 70/126 [===============>..............] - ETA: 9:01 - loss: 0.0441 - accuracy: 0.9889 71/126 [===============>..............] - ETA: 8:52 - loss: 0.0441 - accuracy: 0.9888 72/126 [================>.............] - ETA: 8:42 - loss: 0.0439 - accuracy: 0.9890 73/126 [================>.............] - ETA: 8:33 - loss: 0.0437 - accuracy: 0.9891 74/126 [================>.............] - ETA: 8:23 - loss: 0.0435 - accuracy: 0.9893 75/126 [================>.............] - ETA: 8:13 - loss: 0.0434 - accuracy: 0.9893 76/126 [=================>............] - ETA: 8:04 - loss: 0.0432 - accuracy: 0.9894 77/126 [=================>............] - ETA: 7:54 - loss: 0.0442 - accuracy: 0.9893 78/126 [=================>............] - ETA: 7:45 - loss: 0.0440 - accuracy: 0.9893 79/126 [=================>............] - ETA: 7:35 - loss: 0.0437 - accuracy: 0.9895 80/126 [==================>...........] - ETA: 7:25 - loss: 0.0440 - accuracy: 0.9893 81/126 [==================>...........] - ETA: 7:15 - loss: 0.0440 - accuracy: 0.9894 82/126 [==================>...........] - ETA: 7:06 - loss: 0.0441 - accuracy: 0.9894 83/126 [==================>...........] - ETA: 6:56 - loss: 0.0437 - accuracy: 0.9895 84/126 [===================>..........] - ETA: 6:46 - loss: 0.0439 - accuracy: 0.9894 85/126 [===================>..........] - ETA: 6:36 - loss: 0.0437 - accuracy: 0.9894 86/126 [===================>..........] - ETA: 6:27 - loss: 0.0436 - accuracy: 0.9894 87/126 [===================>..........] - ETA: 6:17 - loss: 0.0433 - accuracy: 0.9895 88/126 [===================>..........] - ETA: 6:07 - loss: 0.0431 - accuracy: 0.9897 89/126 [====================>.........] - ETA: 5:58 - loss: 0.0432 - accuracy: 0.9897 90/126 [====================>.........] - ETA: 5:48 - loss: 0.0431 - accuracy: 0.9897 91/126 [====================>.........] - ETA: 5:38 - loss: 0.0428 - accuracy: 0.9898 92/126 [====================>.........] - ETA: 5:29 - loss: 0.0431 - accuracy: 0.9898 93/126 [=====================>........] - ETA: 5:19 - loss: 0.0429 - accuracy: 0.9899 94/126 [=====================>........] - ETA: 5:09 - loss: 0.0429 - accuracy: 0.9898 95/126 [=====================>........] - ETA: 5:00 - loss: 0.0430 - accuracy: 0.9896 96/126 [=====================>........] - ETA: 4:50 - loss: 0.0430 - accuracy: 0.9896 97/126 [======================>.......] - ETA: 4:40 - loss: 0.0429 - accuracy: 0.9895 98/126 [======================>.......] - ETA: 4:30 - loss: 0.0429 - accuracy: 0.9895 99/126 [======================>.......] - ETA: 4:21 - loss: 0.0428 - accuracy: 0.9895100/126 [======================>.......] - ETA: 4:11 - loss: 0.0430 - accuracy: 0.9894101/126 [=======================>......] - ETA: 4:01 - loss: 0.0428 - accuracy: 0.9895102/126 [=======================>......] - ETA: 3:52 - loss: 0.0431 - accuracy: 0.9894103/126 [=======================>......] - ETA: 3:42 - loss: 0.0431 - accuracy: 0.9894104/126 [=======================>......] - ETA: 3:32 - loss: 0.0429 - accuracy: 0.9894105/126 [========================>.....] - ETA: 3:22 - loss: 0.0427 - accuracy: 0.9895106/126 [========================>.....] - ETA: 3:13 - loss: 0.0426 - accuracy: 0.9895107/126 [========================>.....] - ETA: 3:03 - loss: 0.0424 - accuracy: 0.9896108/126 [========================>.....] - ETA: 2:53 - loss: 0.0431 - accuracy: 0.9895109/126 [========================>.....] - ETA: 2:44 - loss: 0.0430 - accuracy: 0.9895110/126 [=========================>....] - ETA: 2:34 - loss: 0.0429 - accuracy: 0.9896111/126 [=========================>....] - ETA: 2:24 - loss: 0.0429 - accuracy: 0.9896112/126 [=========================>....] - ETA: 2:15 - loss: 0.0428 - accuracy: 0.9896113/126 [=========================>....] - ETA: 2:05 - loss: 0.0432 - accuracy: 0.9895114/126 [==========================>...] - ETA: 1:55 - loss: 0.0432 - accuracy: 0.9895115/126 [==========================>...] - ETA: 1:46 - loss: 0.0431 - accuracy: 0.9895116/126 [==========================>...] - ETA: 1:36 - loss: 0.0429 - accuracy: 0.9896117/126 [==========================>...] - ETA: 1:26 - loss: 0.0436 - accuracy: 0.9894118/126 [===========================>..] - ETA: 1:17 - loss: 0.0433 - accuracy: 0.9894119/126 [===========================>..] - ETA: 1:07 - loss: 0.0432 - accuracy: 0.9895120/126 [===========================>..] - ETA: 57s - loss: 0.0430 - accuracy: 0.9896 121/126 [===========================>..] - ETA: 48s - loss: 0.0429 - accuracy: 0.9896122/126 [============================>.] - ETA: 38s - loss: 0.0429 - accuracy: 0.9896123/126 [============================>.] - ETA: 28s - loss: 0.0427 - accuracy: 0.9897124/126 [============================>.] - ETA: 19s - loss: 0.0428 - accuracy: 0.9896125/126 [============================>.] - ETA: 9s - loss: 0.0426 - accuracy: 0.9897 126/126 [==============================] - ETA: 0s - loss: 0.0426 - accuracy: 0.9896
Epoch 00022: val_loss did not improve from 0.69250
126/126 [==============================] - 1265s 10s/step - loss: 0.0426 - accuracy: 0.9896 - val_loss: 0.9151 - val_accuracy: 0.5981
Epoch 23/30
  1/126 [..............................] - ETA: 24:57 - loss: 0.0346 - accuracy: 0.9922  2/126 [..............................] - ETA: 19:57 - loss: 0.0358 - accuracy: 0.9883  3/126 [..............................] - ETA: 19:37 - loss: 0.0340 - accuracy: 0.9896  4/126 [..............................] - ETA: 19:19 - loss: 0.0363 - accuracy: 0.9902  5/126 [>.............................] - ETA: 19:05 - loss: 0.0434 - accuracy: 0.9859  6/126 [>.............................] - ETA: 18:48 - loss: 0.0414 - accuracy: 0.9870  7/126 [>.............................] - ETA: 18:40 - loss: 0.0379 - accuracy: 0.9888  8/126 [>.............................] - ETA: 18:38 - loss: 0.0360 - accuracy: 0.9902  9/126 [=>............................] - ETA: 18:31 - loss: 0.0340 - accuracy: 0.9913 10/126 [=>............................] - ETA: 18:23 - loss: 0.0386 - accuracy: 0.9883 11/126 [=>............................] - ETA: 18:16 - loss: 0.0376 - accuracy: 0.9893 12/126 [=>............................] - ETA: 18:07 - loss: 0.0380 - accuracy: 0.9889 13/126 [==>...........................] - ETA: 17:58 - loss: 0.0368 - accuracy: 0.9898 14/126 [==>...........................] - ETA: 17:49 - loss: 0.0359 - accuracy: 0.9900 15/126 [==>...........................] - ETA: 17:38 - loss: 0.0347 - accuracy: 0.9906 16/126 [==>...........................] - ETA: 17:30 - loss: 0.0342 - accuracy: 0.9912 17/126 [===>..........................] - ETA: 17:20 - loss: 0.0357 - accuracy: 0.9903 18/126 [===>..........................] - ETA: 17:09 - loss: 0.0354 - accuracy: 0.9900 19/126 [===>..........................] - ETA: 17:02 - loss: 0.0358 - accuracy: 0.9901 20/126 [===>..........................] - ETA: 16:55 - loss: 0.0355 - accuracy: 0.9898 21/126 [====>.........................] - ETA: 16:44 - loss: 0.0375 - accuracy: 0.9888 22/126 [====>.........................] - ETA: 16:36 - loss: 0.0375 - accuracy: 0.9890 23/126 [====>.........................] - ETA: 16:28 - loss: 0.0369 - accuracy: 0.9891 24/126 [====>.........................] - ETA: 16:19 - loss: 0.0371 - accuracy: 0.9886 25/126 [====>.........................] - ETA: 16:09 - loss: 0.0373 - accuracy: 0.9881 26/126 [=====>........................] - ETA: 16:00 - loss: 0.0389 - accuracy: 0.9877 27/126 [=====>........................] - ETA: 15:50 - loss: 0.0391 - accuracy: 0.9876 28/126 [=====>........................] - ETA: 15:42 - loss: 0.0386 - accuracy: 0.9877 29/126 [=====>........................] - ETA: 15:31 - loss: 0.0402 - accuracy: 0.9871 30/126 [======>.......................] - ETA: 15:21 - loss: 0.0399 - accuracy: 0.9872 31/126 [======>.......................] - ETA: 15:11 - loss: 0.0409 - accuracy: 0.9869 32/126 [======>.......................] - ETA: 15:02 - loss: 0.0401 - accuracy: 0.9873 33/126 [======>.......................] - ETA: 14:52 - loss: 0.0400 - accuracy: 0.9875 34/126 [=======>......................] - ETA: 14:43 - loss: 0.0394 - accuracy: 0.9878 35/126 [=======>......................] - ETA: 14:33 - loss: 0.0396 - accuracy: 0.9877 36/126 [=======>......................] - ETA: 14:23 - loss: 0.0397 - accuracy: 0.9876 37/126 [=======>......................] - ETA: 14:13 - loss: 0.0415 - accuracy: 0.9875 38/126 [========>.....................] - ETA: 14:03 - loss: 0.0409 - accuracy: 0.9879 39/126 [========>.....................] - ETA: 13:53 - loss: 0.0406 - accuracy: 0.9880 40/126 [========>.....................] - ETA: 13:44 - loss: 0.0414 - accuracy: 0.9875 41/126 [========>.....................] - ETA: 13:34 - loss: 0.0416 - accuracy: 0.9872 42/126 [=========>....................] - ETA: 13:24 - loss: 0.0411 - accuracy: 0.9875 43/126 [=========>....................] - ETA: 13:15 - loss: 0.0408 - accuracy: 0.9876 44/126 [=========>....................] - ETA: 13:06 - loss: 0.0404 - accuracy: 0.9879 45/126 [=========>....................] - ETA: 12:56 - loss: 0.0401 - accuracy: 0.9882 46/126 [=========>....................] - ETA: 12:46 - loss: 0.0397 - accuracy: 0.9885 47/126 [==========>...................] - ETA: 12:37 - loss: 0.0396 - accuracy: 0.9885 48/126 [==========>...................] - ETA: 12:27 - loss: 0.0402 - accuracy: 0.9884 49/126 [==========>...................] - ETA: 12:18 - loss: 0.0403 - accuracy: 0.9884 50/126 [==========>...................] - ETA: 12:08 - loss: 0.0405 - accuracy: 0.9883 51/126 [===========>..................] - ETA: 11:58 - loss: 0.0403 - accuracy: 0.9884 52/126 [===========>..................] - ETA: 11:49 - loss: 0.0406 - accuracy: 0.9881 53/126 [===========>..................] - ETA: 11:39 - loss: 0.0403 - accuracy: 0.9884 54/126 [===========>..................] - ETA: 11:29 - loss: 0.0401 - accuracy: 0.9884 55/126 [============>.................] - ETA: 11:20 - loss: 0.0400 - accuracy: 0.9885 56/126 [============>.................] - ETA: 11:12 - loss: 0.0398 - accuracy: 0.9886 57/126 [============>.................] - ETA: 11:03 - loss: 0.0398 - accuracy: 0.9886 58/126 [============>.................] - ETA: 10:54 - loss: 0.0399 - accuracy: 0.9887 59/126 [=============>................] - ETA: 10:45 - loss: 0.0404 - accuracy: 0.9883 60/126 [=============>................] - ETA: 10:36 - loss: 0.0402 - accuracy: 0.9885 61/126 [=============>................] - ETA: 10:27 - loss: 0.0401 - accuracy: 0.9886 62/126 [=============>................] - ETA: 10:18 - loss: 0.0398 - accuracy: 0.9888 63/126 [==============>...............] - ETA: 10:09 - loss: 0.0398 - accuracy: 0.9888 64/126 [==============>...............] - ETA: 10:00 - loss: 0.0396 - accuracy: 0.9889 65/126 [==============>...............] - ETA: 9:51 - loss: 0.0397 - accuracy: 0.9887  66/126 [==============>...............] - ETA: 9:41 - loss: 0.0395 - accuracy: 0.9888 67/126 [==============>...............] - ETA: 9:32 - loss: 0.0401 - accuracy: 0.9883 68/126 [===============>..............] - ETA: 9:23 - loss: 0.0403 - accuracy: 0.9884 69/126 [===============>..............] - ETA: 9:14 - loss: 0.0402 - accuracy: 0.9883 70/126 [===============>..............] - ETA: 9:05 - loss: 0.0399 - accuracy: 0.9885 71/126 [===============>..............] - ETA: 8:55 - loss: 0.0399 - accuracy: 0.9886 72/126 [================>.............] - ETA: 8:46 - loss: 0.0396 - accuracy: 0.9887 73/126 [================>.............] - ETA: 8:37 - loss: 0.0398 - accuracy: 0.9887 74/126 [================>.............] - ETA: 8:28 - loss: 0.0396 - accuracy: 0.9888 75/126 [================>.............] - ETA: 8:18 - loss: 0.0394 - accuracy: 0.9889 76/126 [=================>............] - ETA: 8:09 - loss: 0.0398 - accuracy: 0.9886 77/126 [=================>............] - ETA: 7:59 - loss: 0.0397 - accuracy: 0.9885 78/126 [=================>............] - ETA: 7:50 - loss: 0.0395 - accuracy: 0.9887 79/126 [=================>............] - ETA: 7:40 - loss: 0.0392 - accuracy: 0.9888 80/126 [==================>...........] - ETA: 7:31 - loss: 0.0392 - accuracy: 0.9889 81/126 [==================>...........] - ETA: 7:21 - loss: 0.0389 - accuracy: 0.9890 82/126 [==================>...........] - ETA: 7:12 - loss: 0.0392 - accuracy: 0.9889 83/126 [==================>...........] - ETA: 7:02 - loss: 0.0390 - accuracy: 0.9890 84/126 [===================>..........] - ETA: 6:53 - loss: 0.0391 - accuracy: 0.9890 85/126 [===================>..........] - ETA: 6:43 - loss: 0.0388 - accuracy: 0.9892 86/126 [===================>..........] - ETA: 6:33 - loss: 0.0387 - accuracy: 0.9892 87/126 [===================>..........] - ETA: 6:23 - loss: 0.0386 - accuracy: 0.9892 88/126 [===================>..........] - ETA: 6:13 - loss: 0.0383 - accuracy: 0.9893 89/126 [====================>.........] - ETA: 6:03 - loss: 0.0388 - accuracy: 0.9892 90/126 [====================>.........] - ETA: 5:54 - loss: 0.0385 - accuracy: 0.9893 91/126 [====================>.........] - ETA: 5:44 - loss: 0.0384 - accuracy: 0.9893 92/126 [====================>.........] - ETA: 5:34 - loss: 0.0384 - accuracy: 0.9893 93/126 [=====================>........] - ETA: 5:24 - loss: 0.0383 - accuracy: 0.9893 94/126 [=====================>........] - ETA: 5:15 - loss: 0.0380 - accuracy: 0.9894 95/126 [=====================>........] - ETA: 5:05 - loss: 0.0382 - accuracy: 0.9894 96/126 [=====================>........] - ETA: 4:55 - loss: 0.0380 - accuracy: 0.9895 97/126 [======================>.......] - ETA: 4:45 - loss: 0.0378 - accuracy: 0.9896 98/126 [======================>.......] - ETA: 4:35 - loss: 0.0377 - accuracy: 0.9897 99/126 [======================>.......] - ETA: 4:26 - loss: 0.0378 - accuracy: 0.9897100/126 [======================>.......] - ETA: 4:16 - loss: 0.0377 - accuracy: 0.9897101/126 [=======================>......] - ETA: 4:05 - loss: 0.0376 - accuracy: 0.9898102/126 [=======================>......] - ETA: 3:56 - loss: 0.0378 - accuracy: 0.9896103/126 [=======================>......] - ETA: 3:46 - loss: 0.0378 - accuracy: 0.9896104/126 [=======================>......] - ETA: 3:36 - loss: 0.0377 - accuracy: 0.9896105/126 [========================>.....] - ETA: 3:26 - loss: 0.0378 - accuracy: 0.9896106/126 [========================>.....] - ETA: 3:17 - loss: 0.0376 - accuracy: 0.9897107/126 [========================>.....] - ETA: 3:07 - loss: 0.0375 - accuracy: 0.9898108/126 [========================>.....] - ETA: 2:57 - loss: 0.0373 - accuracy: 0.9898109/126 [========================>.....] - ETA: 2:47 - loss: 0.0372 - accuracy: 0.9899110/126 [=========================>....] - ETA: 2:38 - loss: 0.0370 - accuracy: 0.9900111/126 [=========================>....] - ETA: 2:28 - loss: 0.0370 - accuracy: 0.9901112/126 [=========================>....] - ETA: 2:18 - loss: 0.0369 - accuracy: 0.9901113/126 [=========================>....] - ETA: 2:08 - loss: 0.0369 - accuracy: 0.9900114/126 [==========================>...] - ETA: 1:58 - loss: 0.0368 - accuracy: 0.9900115/126 [==========================>...] - ETA: 1:48 - loss: 0.0368 - accuracy: 0.9901116/126 [==========================>...] - ETA: 1:39 - loss: 0.0367 - accuracy: 0.9901117/126 [==========================>...] - ETA: 1:29 - loss: 0.0367 - accuracy: 0.9901118/126 [===========================>..] - ETA: 1:19 - loss: 0.0368 - accuracy: 0.9900119/126 [===========================>..] - ETA: 1:09 - loss: 0.0366 - accuracy: 0.9900120/126 [===========================>..] - ETA: 59s - loss: 0.0367 - accuracy: 0.9900 121/126 [===========================>..] - ETA: 49s - loss: 0.0365 - accuracy: 0.9900122/126 [============================>.] - ETA: 39s - loss: 0.0367 - accuracy: 0.9900123/126 [============================>.] - ETA: 29s - loss: 0.0367 - accuracy: 0.9900124/126 [============================>.] - ETA: 19s - loss: 0.0370 - accuracy: 0.9900125/126 [============================>.] - ETA: 9s - loss: 0.0368 - accuracy: 0.9900 126/126 [==============================] - ETA: 0s - loss: 0.0369 - accuracy: 0.9900
Epoch 00023: val_loss did not improve from 0.69250
126/126 [==============================] - 1311s 10s/step - loss: 0.0369 - accuracy: 0.9900 - val_loss: 4.2006 - val_accuracy: 0.4365
Epoch 24/30
  1/126 [..............................] - ETA: 24:24 - loss: 0.0476 - accuracy: 0.9844  2/126 [..............................] - ETA: 21:14 - loss: 0.0542 - accuracy: 0.9883  3/126 [..............................] - ETA: 21:16 - loss: 0.0449 - accuracy: 0.9896  4/126 [..............................] - ETA: 20:58 - loss: 0.0442 - accuracy: 0.9883  5/126 [>.............................] - ETA: 20:46 - loss: 0.0383 - accuracy: 0.9906  6/126 [>.............................] - ETA: 20:35 - loss: 0.0354 - accuracy: 0.9922  7/126 [>.............................] - ETA: 19:27 - loss: 0.0357 - accuracy: 0.9919  8/126 [>.............................] - ETA: 19:33 - loss: 0.0332 - accuracy: 0.9929  9/126 [=>............................] - ETA: 19:28 - loss: 0.0317 - accuracy: 0.9937 10/126 [=>............................] - ETA: 19:23 - loss: 0.0308 - accuracy: 0.9944 11/126 [=>............................] - ETA: 19:16 - loss: 0.0301 - accuracy: 0.9949 12/126 [=>............................] - ETA: 19:09 - loss: 0.0296 - accuracy: 0.9953 13/126 [==>...........................] - ETA: 19:01 - loss: 0.0327 - accuracy: 0.9945 14/126 [==>...........................] - ETA: 18:52 - loss: 0.0317 - accuracy: 0.9949 15/126 [==>...........................] - ETA: 18:43 - loss: 0.0323 - accuracy: 0.9947 16/126 [==>...........................] - ETA: 18:35 - loss: 0.0317 - accuracy: 0.9945 17/126 [===>..........................] - ETA: 18:27 - loss: 0.0309 - accuracy: 0.9949 18/126 [===>..........................] - ETA: 18:19 - loss: 0.0303 - accuracy: 0.9951 19/126 [===>..........................] - ETA: 18:11 - loss: 0.0299 - accuracy: 0.9954 20/126 [===>..........................] - ETA: 18:03 - loss: 0.0293 - accuracy: 0.9956 21/126 [====>.........................] - ETA: 17:52 - loss: 0.0291 - accuracy: 0.9955 22/126 [====>.........................] - ETA: 17:44 - loss: 0.0289 - accuracy: 0.9957 23/126 [====>.........................] - ETA: 17:34 - loss: 0.0290 - accuracy: 0.9955 24/126 [====>.........................] - ETA: 17:24 - loss: 0.0300 - accuracy: 0.9947 25/126 [====>.........................] - ETA: 17:16 - loss: 0.0309 - accuracy: 0.9943 26/126 [=====>........................] - ETA: 17:06 - loss: 0.0304 - accuracy: 0.9945 27/126 [=====>........................] - ETA: 16:56 - loss: 0.0299 - accuracy: 0.9947 28/126 [=====>........................] - ETA: 16:48 - loss: 0.0293 - accuracy: 0.9949 29/126 [=====>........................] - ETA: 16:38 - loss: 0.0289 - accuracy: 0.9948 30/126 [======>.......................] - ETA: 16:29 - loss: 0.0293 - accuracy: 0.9947 31/126 [======>.......................] - ETA: 16:19 - loss: 0.0288 - accuracy: 0.9949 32/126 [======>.......................] - ETA: 16:09 - loss: 0.0284 - accuracy: 0.9951 33/126 [======>.......................] - ETA: 16:00 - loss: 0.0281 - accuracy: 0.9952 34/126 [=======>......................] - ETA: 15:49 - loss: 0.0280 - accuracy: 0.9951 35/126 [=======>......................] - ETA: 15:39 - loss: 0.0276 - accuracy: 0.9953 36/126 [=======>......................] - ETA: 15:30 - loss: 0.0279 - accuracy: 0.9952 37/126 [=======>......................] - ETA: 15:19 - loss: 0.0275 - accuracy: 0.9953 38/126 [========>.....................] - ETA: 15:09 - loss: 0.0271 - accuracy: 0.9954 39/126 [========>.....................] - ETA: 15:00 - loss: 0.0270 - accuracy: 0.9956 40/126 [========>.....................] - ETA: 14:50 - loss: 0.0272 - accuracy: 0.9957 41/126 [========>.....................] - ETA: 14:40 - loss: 0.0270 - accuracy: 0.9958 42/126 [=========>....................] - ETA: 14:29 - loss: 0.0270 - accuracy: 0.9957 43/126 [=========>....................] - ETA: 14:19 - loss: 0.0281 - accuracy: 0.9954 44/126 [=========>....................] - ETA: 14:09 - loss: 0.0278 - accuracy: 0.9955 45/126 [=========>....................] - ETA: 13:59 - loss: 0.0275 - accuracy: 0.9956 46/126 [=========>....................] - ETA: 13:49 - loss: 0.0277 - accuracy: 0.9954 47/126 [==========>...................] - ETA: 13:39 - loss: 0.0282 - accuracy: 0.9953 48/126 [==========>...................] - ETA: 13:28 - loss: 0.0283 - accuracy: 0.9953 49/126 [==========>...................] - ETA: 13:18 - loss: 0.0282 - accuracy: 0.9952 50/126 [==========>...................] - ETA: 13:08 - loss: 0.0288 - accuracy: 0.9951 51/126 [===========>..................] - ETA: 12:58 - loss: 0.0289 - accuracy: 0.9951 52/126 [===========>..................] - ETA: 12:48 - loss: 0.0290 - accuracy: 0.9949 53/126 [===========>..................] - ETA: 12:38 - loss: 0.0291 - accuracy: 0.9948 54/126 [===========>..................] - ETA: 12:27 - loss: 0.0289 - accuracy: 0.9949 55/126 [============>.................] - ETA: 12:17 - loss: 0.0291 - accuracy: 0.9949 56/126 [============>.................] - ETA: 12:07 - loss: 0.0309 - accuracy: 0.9947 57/126 [============>.................] - ETA: 11:56 - loss: 0.0306 - accuracy: 0.9948 58/126 [============>.................] - ETA: 11:46 - loss: 0.0308 - accuracy: 0.9947 59/126 [=============>................] - ETA: 11:35 - loss: 0.0309 - accuracy: 0.9947 60/126 [=============>................] - ETA: 11:25 - loss: 0.0318 - accuracy: 0.9942 61/126 [=============>................] - ETA: 11:15 - loss: 0.0315 - accuracy: 0.9943 62/126 [=============>................] - ETA: 11:04 - loss: 0.0314 - accuracy: 0.9944 63/126 [==============>...............] - ETA: 10:54 - loss: 0.0313 - accuracy: 0.9944 64/126 [==============>...............] - ETA: 10:44 - loss: 0.0312 - accuracy: 0.9944 65/126 [==============>...............] - ETA: 10:33 - loss: 0.0312 - accuracy: 0.9942 66/126 [==============>...............] - ETA: 10:23 - loss: 0.0316 - accuracy: 0.9942 67/126 [==============>...............] - ETA: 10:13 - loss: 0.0317 - accuracy: 0.9940 68/126 [===============>..............] - ETA: 10:02 - loss: 0.0314 - accuracy: 0.9941 69/126 [===============>..............] - ETA: 9:52 - loss: 0.0313 - accuracy: 0.9942  70/126 [===============>..............] - ETA: 9:42 - loss: 0.0315 - accuracy: 0.9939 71/126 [===============>..............] - ETA: 9:31 - loss: 0.0314 - accuracy: 0.9939 72/126 [================>.............] - ETA: 9:21 - loss: 0.0312 - accuracy: 0.9939 73/126 [================>.............] - ETA: 9:11 - loss: 0.0316 - accuracy: 0.9938 74/126 [================>.............] - ETA: 9:00 - loss: 0.0315 - accuracy: 0.9939 75/126 [================>.............] - ETA: 8:50 - loss: 0.0312 - accuracy: 0.9939 76/126 [=================>............] - ETA: 8:39 - loss: 0.0312 - accuracy: 0.9938 77/126 [=================>............] - ETA: 8:29 - loss: 0.0311 - accuracy: 0.9939 78/126 [=================>............] - ETA: 8:19 - loss: 0.0315 - accuracy: 0.9939 79/126 [=================>............] - ETA: 8:08 - loss: 0.0314 - accuracy: 0.9938 80/126 [==================>...........] - ETA: 7:58 - loss: 0.0312 - accuracy: 0.9939 81/126 [==================>...........] - ETA: 7:48 - loss: 0.0311 - accuracy: 0.9940 82/126 [==================>...........] - ETA: 7:37 - loss: 0.0312 - accuracy: 0.9938 83/126 [==================>...........] - ETA: 7:27 - loss: 0.0309 - accuracy: 0.9939 84/126 [===================>..........] - ETA: 7:16 - loss: 0.0311 - accuracy: 0.9937 85/126 [===================>..........] - ETA: 7:06 - loss: 0.0310 - accuracy: 0.9938 86/126 [===================>..........] - ETA: 6:56 - loss: 0.0313 - accuracy: 0.9938 87/126 [===================>..........] - ETA: 6:45 - loss: 0.0312 - accuracy: 0.9938 88/126 [===================>..........] - ETA: 6:35 - loss: 0.0313 - accuracy: 0.9937 89/126 [====================>.........] - ETA: 6:24 - loss: 0.0314 - accuracy: 0.9936 90/126 [====================>.........] - ETA: 6:14 - loss: 0.0317 - accuracy: 0.9935 91/126 [====================>.........] - ETA: 6:04 - loss: 0.0315 - accuracy: 0.9935 92/126 [====================>.........] - ETA: 5:53 - loss: 0.0317 - accuracy: 0.9934 93/126 [=====================>........] - ETA: 5:43 - loss: 0.0316 - accuracy: 0.9934 94/126 [=====================>........] - ETA: 5:32 - loss: 0.0315 - accuracy: 0.9933 95/126 [=====================>........] - ETA: 5:22 - loss: 0.0313 - accuracy: 0.9934 96/126 [=====================>........] - ETA: 5:12 - loss: 0.0315 - accuracy: 0.9933 97/126 [======================>.......] - ETA: 5:01 - loss: 0.0313 - accuracy: 0.9934 98/126 [======================>.......] - ETA: 4:51 - loss: 0.0313 - accuracy: 0.9934 99/126 [======================>.......] - ETA: 4:40 - loss: 0.0314 - accuracy: 0.9934100/126 [======================>.......] - ETA: 4:30 - loss: 0.0312 - accuracy: 0.9934101/126 [=======================>......] - ETA: 4:19 - loss: 0.0317 - accuracy: 0.9933102/126 [=======================>......] - ETA: 4:09 - loss: 0.0317 - accuracy: 0.9932103/126 [=======================>......] - ETA: 3:58 - loss: 0.0317 - accuracy: 0.9932104/126 [=======================>......] - ETA: 3:48 - loss: 0.0316 - accuracy: 0.9931105/126 [========================>.....] - ETA: 3:38 - loss: 0.0315 - accuracy: 0.9932106/126 [========================>.....] - ETA: 3:27 - loss: 0.0317 - accuracy: 0.9931107/126 [========================>.....] - ETA: 3:17 - loss: 0.0321 - accuracy: 0.9929108/126 [========================>.....] - ETA: 3:06 - loss: 0.0320 - accuracy: 0.9930109/126 [========================>.....] - ETA: 2:56 - loss: 0.0319 - accuracy: 0.9930110/126 [=========================>....] - ETA: 2:46 - loss: 0.0319 - accuracy: 0.9930111/126 [=========================>....] - ETA: 2:35 - loss: 0.0321 - accuracy: 0.9929112/126 [=========================>....] - ETA: 2:25 - loss: 0.0322 - accuracy: 0.9929113/126 [=========================>....] - ETA: 2:14 - loss: 0.0322 - accuracy: 0.9929114/126 [==========================>...] - ETA: 2:04 - loss: 0.0320 - accuracy: 0.9930115/126 [==========================>...] - ETA: 1:54 - loss: 0.0319 - accuracy: 0.9931116/126 [==========================>...] - ETA: 1:43 - loss: 0.0320 - accuracy: 0.9929117/126 [==========================>...] - ETA: 1:33 - loss: 0.0322 - accuracy: 0.9927118/126 [===========================>..] - ETA: 1:22 - loss: 0.0324 - accuracy: 0.9926119/126 [===========================>..] - ETA: 1:12 - loss: 0.0324 - accuracy: 0.9926120/126 [===========================>..] - ETA: 1:02 - loss: 0.0323 - accuracy: 0.9926121/126 [===========================>..] - ETA: 51s - loss: 0.0325 - accuracy: 0.9926 122/126 [============================>.] - ETA: 41s - loss: 0.0325 - accuracy: 0.9926123/126 [============================>.] - ETA: 30s - loss: 0.0324 - accuracy: 0.9926124/126 [============================>.] - ETA: 20s - loss: 0.0324 - accuracy: 0.9925125/126 [============================>.] - ETA: 10s - loss: 0.0325 - accuracy: 0.9925126/126 [==============================] - ETA: 0s - loss: 0.0324 - accuracy: 0.9925 
Epoch 00024: val_loss improved from 0.69250 to 0.52026, saving model to Effi_checkpoint_best_0.5203.h5
126/126 [==============================] - 1355s 11s/step - loss: 0.0324 - accuracy: 0.9925 - val_loss: 0.5203 - val_accuracy: 0.8668
Epoch 25/30
  1/126 [..............................] - ETA: 26:31 - loss: 0.0219 - accuracy: 1.0000  2/126 [..............................] - ETA: 21:31 - loss: 0.0368 - accuracy: 0.9922  3/126 [..............................] - ETA: 21:38 - loss: 0.0303 - accuracy: 0.9948  4/126 [..............................] - ETA: 21:17 - loss: 0.0314 - accuracy: 0.9922  5/126 [>.............................] - ETA: 21:01 - loss: 0.0354 - accuracy: 0.9906  6/126 [>.............................] - ETA: 20:55 - loss: 0.0360 - accuracy: 0.9896  7/126 [>.............................] - ETA: 20:44 - loss: 0.0364 - accuracy: 0.9888  8/126 [>.............................] - ETA: 20:33 - loss: 0.0343 - accuracy: 0.9902  9/126 [=>............................] - ETA: 20:24 - loss: 0.0346 - accuracy: 0.9905 10/126 [=>............................] - ETA: 20:11 - loss: 0.0333 - accuracy: 0.9906 11/126 [=>............................] - ETA: 20:07 - loss: 0.0323 - accuracy: 0.9915 12/126 [=>............................] - ETA: 19:56 - loss: 0.0330 - accuracy: 0.9915 13/126 [==>...........................] - ETA: 19:43 - loss: 0.0332 - accuracy: 0.9916 14/126 [==>...........................] - ETA: 19:33 - loss: 0.0328 - accuracy: 0.9916 15/126 [==>...........................] - ETA: 19:21 - loss: 0.0318 - accuracy: 0.9922 16/126 [==>...........................] - ETA: 19:08 - loss: 0.0317 - accuracy: 0.9922 17/126 [===>..........................] - ETA: 19:00 - loss: 0.0307 - accuracy: 0.9926 18/126 [===>..........................] - ETA: 18:50 - loss: 0.0299 - accuracy: 0.9931 19/126 [===>..........................] - ETA: 18:40 - loss: 0.0298 - accuracy: 0.9930 20/126 [===>..........................] - ETA: 18:31 - loss: 0.0304 - accuracy: 0.9926 21/126 [====>.........................] - ETA: 18:20 - loss: 0.0300 - accuracy: 0.9929 22/126 [====>.........................] - ETA: 18:09 - loss: 0.0298 - accuracy: 0.9929 23/126 [====>.........................] - ETA: 17:58 - loss: 0.0299 - accuracy: 0.9929 24/126 [====>.........................] - ETA: 17:47 - loss: 0.0300 - accuracy: 0.9925 25/126 [====>.........................] - ETA: 17:36 - loss: 0.0301 - accuracy: 0.9922 26/126 [=====>........................] - ETA: 17:24 - loss: 0.0303 - accuracy: 0.9922 27/126 [=====>........................] - ETA: 17:14 - loss: 0.0315 - accuracy: 0.9919 28/126 [=====>........................] - ETA: 17:04 - loss: 0.0317 - accuracy: 0.9919 29/126 [=====>........................] - ETA: 16:54 - loss: 0.0310 - accuracy: 0.9922 30/126 [======>.......................] - ETA: 16:43 - loss: 0.0305 - accuracy: 0.9924 31/126 [======>.......................] - ETA: 16:32 - loss: 0.0304 - accuracy: 0.9924 32/126 [======>.......................] - ETA: 16:22 - loss: 0.0301 - accuracy: 0.9927 33/126 [======>.......................] - ETA: 16:10 - loss: 0.0305 - accuracy: 0.9924 34/126 [=======>......................] - ETA: 16:00 - loss: 0.0304 - accuracy: 0.9924 35/126 [=======>......................] - ETA: 15:50 - loss: 0.0312 - accuracy: 0.9922 36/126 [=======>......................] - ETA: 15:39 - loss: 0.0309 - accuracy: 0.9924 37/126 [=======>......................] - ETA: 15:29 - loss: 0.0306 - accuracy: 0.9924 38/126 [========>.....................] - ETA: 15:18 - loss: 0.0302 - accuracy: 0.9926 39/126 [========>.....................] - ETA: 15:08 - loss: 0.0314 - accuracy: 0.9926 40/126 [========>.....................] - ETA: 14:57 - loss: 0.0312 - accuracy: 0.9928 41/126 [========>.....................] - ETA: 14:47 - loss: 0.0311 - accuracy: 0.9928 42/126 [=========>....................] - ETA: 14:37 - loss: 0.0314 - accuracy: 0.9926 43/126 [=========>....................] - ETA: 14:26 - loss: 0.0325 - accuracy: 0.9920 44/126 [=========>....................] - ETA: 14:16 - loss: 0.0324 - accuracy: 0.9920 45/126 [=========>....................] - ETA: 14:06 - loss: 0.0322 - accuracy: 0.9920 46/126 [=========>....................] - ETA: 13:55 - loss: 0.0326 - accuracy: 0.9918 47/126 [==========>...................] - ETA: 13:45 - loss: 0.0324 - accuracy: 0.9919 48/126 [==========>...................] - ETA: 13:34 - loss: 0.0321 - accuracy: 0.9920 49/126 [==========>...................] - ETA: 13:23 - loss: 0.0320 - accuracy: 0.9922 50/126 [==========>...................] - ETA: 13:12 - loss: 0.0318 - accuracy: 0.9923 51/126 [===========>..................] - ETA: 13:03 - loss: 0.0317 - accuracy: 0.9923 52/126 [===========>..................] - ETA: 12:52 - loss: 0.0319 - accuracy: 0.9923 53/126 [===========>..................] - ETA: 12:41 - loss: 0.0320 - accuracy: 0.9922 54/126 [===========>..................] - ETA: 12:30 - loss: 0.0322 - accuracy: 0.9922 55/126 [============>.................] - ETA: 12:20 - loss: 0.0319 - accuracy: 0.9923 56/126 [============>.................] - ETA: 12:10 - loss: 0.0318 - accuracy: 0.9923 57/126 [============>.................] - ETA: 11:59 - loss: 0.0315 - accuracy: 0.9925 58/126 [============>.................] - ETA: 11:49 - loss: 0.0314 - accuracy: 0.9926 59/126 [=============>................] - ETA: 11:38 - loss: 0.0312 - accuracy: 0.9927 60/126 [=============>................] - ETA: 11:28 - loss: 0.0314 - accuracy: 0.9926 61/126 [=============>................] - ETA: 11:17 - loss: 0.0313 - accuracy: 0.9926 62/126 [=============>................] - ETA: 11:07 - loss: 0.0312 - accuracy: 0.9926 63/126 [==============>...............] - ETA: 10:57 - loss: 0.0313 - accuracy: 0.9923 64/126 [==============>...............] - ETA: 10:46 - loss: 0.0313 - accuracy: 0.9924 65/126 [==============>...............] - ETA: 10:36 - loss: 0.0310 - accuracy: 0.9925 66/126 [==============>...............] - ETA: 10:25 - loss: 0.0308 - accuracy: 0.9927 67/126 [==============>...............] - ETA: 10:15 - loss: 0.0312 - accuracy: 0.9925 68/126 [===============>..............] - ETA: 10:05 - loss: 0.0310 - accuracy: 0.9926 69/126 [===============>..............] - ETA: 9:54 - loss: 0.0312 - accuracy: 0.9926  70/126 [===============>..............] - ETA: 9:44 - loss: 0.0315 - accuracy: 0.9925 71/126 [===============>..............] - ETA: 9:33 - loss: 0.0320 - accuracy: 0.9923 72/126 [================>.............] - ETA: 9:23 - loss: 0.0323 - accuracy: 0.9921 73/126 [================>.............] - ETA: 9:13 - loss: 0.0323 - accuracy: 0.9920 74/126 [================>.............] - ETA: 9:02 - loss: 0.0330 - accuracy: 0.9917 75/126 [================>.............] - ETA: 8:52 - loss: 0.0331 - accuracy: 0.9917 76/126 [=================>............] - ETA: 8:41 - loss: 0.0329 - accuracy: 0.9918 77/126 [=================>............] - ETA: 8:31 - loss: 0.0331 - accuracy: 0.9918 78/126 [=================>............] - ETA: 8:20 - loss: 0.0330 - accuracy: 0.9918 79/126 [=================>............] - ETA: 8:10 - loss: 0.0328 - accuracy: 0.9919 80/126 [==================>...........] - ETA: 7:59 - loss: 0.0326 - accuracy: 0.9920 81/126 [==================>...........] - ETA: 7:49 - loss: 0.0326 - accuracy: 0.9920 82/126 [==================>...........] - ETA: 7:38 - loss: 0.0329 - accuracy: 0.9919 83/126 [==================>...........] - ETA: 7:28 - loss: 0.0330 - accuracy: 0.9917 84/126 [===================>..........] - ETA: 7:17 - loss: 0.0329 - accuracy: 0.9918 85/126 [===================>..........] - ETA: 7:07 - loss: 0.0327 - accuracy: 0.9919 86/126 [===================>..........] - ETA: 6:56 - loss: 0.0326 - accuracy: 0.9919 87/126 [===================>..........] - ETA: 6:46 - loss: 0.0325 - accuracy: 0.9920 88/126 [===================>..........] - ETA: 6:35 - loss: 0.0327 - accuracy: 0.9920 89/126 [====================>.........] - ETA: 6:25 - loss: 0.0326 - accuracy: 0.9921 90/126 [====================>.........] - ETA: 6:14 - loss: 0.0326 - accuracy: 0.9920 91/126 [====================>.........] - ETA: 6:04 - loss: 0.0328 - accuracy: 0.9920 92/126 [====================>.........] - ETA: 5:53 - loss: 0.0328 - accuracy: 0.9919 93/126 [=====================>........] - ETA: 5:43 - loss: 0.0326 - accuracy: 0.9920 94/126 [=====================>........] - ETA: 5:32 - loss: 0.0327 - accuracy: 0.9920 95/126 [=====================>........] - ETA: 5:22 - loss: 0.0328 - accuracy: 0.9919 96/126 [=====================>........] - ETA: 5:11 - loss: 0.0327 - accuracy: 0.9920 97/126 [======================>.......] - ETA: 5:01 - loss: 0.0327 - accuracy: 0.9920 98/126 [======================>.......] - ETA: 4:50 - loss: 0.0326 - accuracy: 0.9921 99/126 [======================>.......] - ETA: 4:40 - loss: 0.0332 - accuracy: 0.9920100/126 [======================>.......] - ETA: 4:30 - loss: 0.0331 - accuracy: 0.9920101/126 [=======================>......] - ETA: 4:19 - loss: 0.0330 - accuracy: 0.9920102/126 [=======================>......] - ETA: 4:09 - loss: 0.0329 - accuracy: 0.9920103/126 [=======================>......] - ETA: 3:58 - loss: 0.0328 - accuracy: 0.9920104/126 [=======================>......] - ETA: 3:48 - loss: 0.0327 - accuracy: 0.9921105/126 [========================>.....] - ETA: 3:37 - loss: 0.0326 - accuracy: 0.9922106/126 [========================>.....] - ETA: 3:26 - loss: 0.0327 - accuracy: 0.9921107/126 [========================>.....] - ETA: 3:16 - loss: 0.0329 - accuracy: 0.9919108/126 [========================>.....] - ETA: 3:05 - loss: 0.0331 - accuracy: 0.9917109/126 [========================>.....] - ETA: 2:55 - loss: 0.0332 - accuracy: 0.9915110/126 [=========================>....] - ETA: 2:45 - loss: 0.0330 - accuracy: 0.9916111/126 [=========================>....] - ETA: 2:34 - loss: 0.0331 - accuracy: 0.9916112/126 [=========================>....] - ETA: 2:24 - loss: 0.0330 - accuracy: 0.9917113/126 [=========================>....] - ETA: 2:14 - loss: 0.0331 - accuracy: 0.9915114/126 [==========================>...] - ETA: 2:03 - loss: 0.0329 - accuracy: 0.9915115/126 [==========================>...] - ETA: 1:53 - loss: 0.0327 - accuracy: 0.9916116/126 [==========================>...] - ETA: 1:43 - loss: 0.0329 - accuracy: 0.9915117/126 [==========================>...] - ETA: 1:32 - loss: 0.0329 - accuracy: 0.9915118/126 [===========================>..] - ETA: 1:22 - loss: 0.0327 - accuracy: 0.9916119/126 [===========================>..] - ETA: 1:12 - loss: 0.0326 - accuracy: 0.9916120/126 [===========================>..] - ETA: 1:01 - loss: 0.0325 - accuracy: 0.9917121/126 [===========================>..] - ETA: 51s - loss: 0.0327 - accuracy: 0.9916 122/126 [============================>.] - ETA: 41s - loss: 0.0327 - accuracy: 0.9916123/126 [============================>.] - ETA: 30s - loss: 0.0326 - accuracy: 0.9917124/126 [============================>.] - ETA: 20s - loss: 0.0325 - accuracy: 0.9917125/126 [============================>.] - ETA: 10s - loss: 0.0324 - accuracy: 0.9918126/126 [==============================] - ETA: 0s - loss: 0.0323 - accuracy: 0.9918 
Epoch 00025: val_loss did not improve from 0.52026
126/126 [==============================] - 1363s 11s/step - loss: 0.0323 - accuracy: 0.9918 - val_loss: 3.9686 - val_accuracy: 0.4019
Epoch 26/30
  1/126 [..............................] - ETA: 24:00 - loss: 0.0386 - accuracy: 0.9922  2/126 [..............................] - ETA: 20:36 - loss: 0.0263 - accuracy: 0.9961  3/126 [..............................] - ETA: 20:37 - loss: 0.0267 - accuracy: 0.9974  4/126 [..............................] - ETA: 20:27 - loss: 0.0280 - accuracy: 0.9961  5/126 [>.............................] - ETA: 20:13 - loss: 0.0288 - accuracy: 0.9937  6/126 [>.............................] - ETA: 20:03 - loss: 0.0337 - accuracy: 0.9935  7/126 [>.............................] - ETA: 19:52 - loss: 0.0369 - accuracy: 0.9911  8/126 [>.............................] - ETA: 19:40 - loss: 0.0368 - accuracy: 0.9902  9/126 [=>............................] - ETA: 19:32 - loss: 0.0345 - accuracy: 0.9913 10/126 [=>............................] - ETA: 19:22 - loss: 0.0369 - accuracy: 0.9906 11/126 [=>............................] - ETA: 19:11 - loss: 0.0349 - accuracy: 0.9915 12/126 [=>............................] - ETA: 19:00 - loss: 0.0337 - accuracy: 0.9915 13/126 [==>...........................] - ETA: 18:50 - loss: 0.0347 - accuracy: 0.9898 14/126 [==>...........................] - ETA: 18:40 - loss: 0.0337 - accuracy: 0.9900 15/126 [==>...........................] - ETA: 18:31 - loss: 0.0324 - accuracy: 0.9906 16/126 [==>...........................] - ETA: 18:25 - loss: 0.0321 - accuracy: 0.9902 17/126 [===>..........................] - ETA: 18:15 - loss: 0.0328 - accuracy: 0.9899 18/126 [===>..........................] - ETA: 18:02 - loss: 0.0330 - accuracy: 0.9900 19/126 [===>..........................] - ETA: 17:52 - loss: 0.0344 - accuracy: 0.9893 20/126 [===>..........................] - ETA: 17:40 - loss: 0.0334 - accuracy: 0.9898 21/126 [====>.........................] - ETA: 17:31 - loss: 0.0330 - accuracy: 0.9900 22/126 [====>.........................] - ETA: 17:22 - loss: 0.0339 - accuracy: 0.9897 23/126 [====>.........................] - ETA: 17:13 - loss: 0.0343 - accuracy: 0.9895 24/126 [====>.........................] - ETA: 17:04 - loss: 0.0340 - accuracy: 0.9896 25/126 [====>.........................] - ETA: 16:55 - loss: 0.0338 - accuracy: 0.9900 26/126 [=====>........................] - ETA: 16:45 - loss: 0.0333 - accuracy: 0.9904 27/126 [=====>........................] - ETA: 16:35 - loss: 0.0335 - accuracy: 0.9899 28/126 [=====>........................] - ETA: 16:26 - loss: 0.0338 - accuracy: 0.9900 29/126 [=====>........................] - ETA: 16:16 - loss: 0.0335 - accuracy: 0.9900 30/126 [======>.......................] - ETA: 16:05 - loss: 0.0331 - accuracy: 0.9901 31/126 [======>.......................] - ETA: 15:55 - loss: 0.0338 - accuracy: 0.9899 32/126 [======>.......................] - ETA: 15:44 - loss: 0.0333 - accuracy: 0.9900 33/126 [======>.......................] - ETA: 15:33 - loss: 0.0329 - accuracy: 0.9903 34/126 [=======>......................] - ETA: 15:23 - loss: 0.0325 - accuracy: 0.9906 35/126 [=======>......................] - ETA: 15:14 - loss: 0.0320 - accuracy: 0.9908 36/126 [=======>......................] - ETA: 15:05 - loss: 0.0315 - accuracy: 0.9911 37/126 [=======>......................] - ETA: 14:55 - loss: 0.0312 - accuracy: 0.9913 38/126 [========>.....................] - ETA: 14:45 - loss: 0.0308 - accuracy: 0.9916 39/126 [========>.....................] - ETA: 14:34 - loss: 0.0304 - accuracy: 0.9918 40/126 [========>.....................] - ETA: 14:24 - loss: 0.0305 - accuracy: 0.9918 41/126 [========>.....................] - ETA: 14:15 - loss: 0.0304 - accuracy: 0.9918 42/126 [=========>....................] - ETA: 14:05 - loss: 0.0301 - accuracy: 0.9920 43/126 [=========>....................] - ETA: 13:55 - loss: 0.0300 - accuracy: 0.9920 44/126 [=========>....................] - ETA: 13:45 - loss: 0.0298 - accuracy: 0.9920 45/126 [=========>....................] - ETA: 13:35 - loss: 0.0304 - accuracy: 0.9920 46/126 [=========>....................] - ETA: 13:25 - loss: 0.0301 - accuracy: 0.9922 47/126 [==========>...................] - ETA: 13:15 - loss: 0.0298 - accuracy: 0.9924 48/126 [==========>...................] - ETA: 13:05 - loss: 0.0298 - accuracy: 0.9922 49/126 [==========>...................] - ETA: 12:55 - loss: 0.0298 - accuracy: 0.9922 50/126 [==========>...................] - ETA: 12:45 - loss: 0.0297 - accuracy: 0.9922 51/126 [===========>..................] - ETA: 12:36 - loss: 0.0297 - accuracy: 0.9922 52/126 [===========>..................] - ETA: 12:25 - loss: 0.0294 - accuracy: 0.9923 53/126 [===========>..................] - ETA: 12:14 - loss: 0.0293 - accuracy: 0.9925 54/126 [===========>..................] - ETA: 12:05 - loss: 0.0292 - accuracy: 0.9925 55/126 [============>.................] - ETA: 11:55 - loss: 0.0290 - accuracy: 0.9926 56/126 [============>.................] - ETA: 11:45 - loss: 0.0289 - accuracy: 0.9926 57/126 [============>.................] - ETA: 11:35 - loss: 0.0290 - accuracy: 0.9926 58/126 [============>.................] - ETA: 11:25 - loss: 0.0289 - accuracy: 0.9926 59/126 [=============>................] - ETA: 11:14 - loss: 0.0287 - accuracy: 0.9927 60/126 [=============>................] - ETA: 11:05 - loss: 0.0287 - accuracy: 0.9927 61/126 [=============>................] - ETA: 10:55 - loss: 0.0291 - accuracy: 0.9926 62/126 [=============>................] - ETA: 10:44 - loss: 0.0289 - accuracy: 0.9926 63/126 [==============>...............] - ETA: 10:35 - loss: 0.0298 - accuracy: 0.9926 64/126 [==============>...............] - ETA: 10:25 - loss: 0.0297 - accuracy: 0.9926 65/126 [==============>...............] - ETA: 10:14 - loss: 0.0295 - accuracy: 0.9927 66/126 [==============>...............] - ETA: 10:04 - loss: 0.0293 - accuracy: 0.9928 67/126 [==============>...............] - ETA: 9:54 - loss: 0.0291 - accuracy: 0.9929  68/126 [===============>..............] - ETA: 9:45 - loss: 0.0289 - accuracy: 0.9930 69/126 [===============>..............] - ETA: 9:35 - loss: 0.0291 - accuracy: 0.9930 70/126 [===============>..............] - ETA: 9:24 - loss: 0.0294 - accuracy: 0.9929 71/126 [===============>..............] - ETA: 9:15 - loss: 0.0293 - accuracy: 0.9928 72/126 [================>.............] - ETA: 9:05 - loss: 0.0293 - accuracy: 0.9928 73/126 [================>.............] - ETA: 8:55 - loss: 0.0294 - accuracy: 0.9927 74/126 [================>.............] - ETA: 8:45 - loss: 0.0294 - accuracy: 0.9927 75/126 [================>.............] - ETA: 8:34 - loss: 0.0292 - accuracy: 0.9928 76/126 [=================>............] - ETA: 8:24 - loss: 0.0297 - accuracy: 0.9927 77/126 [=================>............] - ETA: 8:14 - loss: 0.0298 - accuracy: 0.9926 78/126 [=================>............] - ETA: 8:04 - loss: 0.0299 - accuracy: 0.9926 79/126 [=================>............] - ETA: 7:54 - loss: 0.0297 - accuracy: 0.9927 80/126 [==================>...........] - ETA: 7:44 - loss: 0.0297 - accuracy: 0.9927 81/126 [==================>...........] - ETA: 7:33 - loss: 0.0295 - accuracy: 0.9928 82/126 [==================>...........] - ETA: 7:23 - loss: 0.0294 - accuracy: 0.9929 83/126 [==================>...........] - ETA: 7:13 - loss: 0.0294 - accuracy: 0.9929 84/126 [===================>..........] - ETA: 7:03 - loss: 0.0295 - accuracy: 0.9928 85/126 [===================>..........] - ETA: 6:53 - loss: 0.0294 - accuracy: 0.9929 86/126 [===================>..........] - ETA: 6:43 - loss: 0.0294 - accuracy: 0.9928 87/126 [===================>..........] - ETA: 6:33 - loss: 0.0293 - accuracy: 0.9929 88/126 [===================>..........] - ETA: 6:23 - loss: 0.0294 - accuracy: 0.9929 89/126 [====================>.........] - ETA: 6:13 - loss: 0.0297 - accuracy: 0.9928 90/126 [====================>.........] - ETA: 6:03 - loss: 0.0298 - accuracy: 0.9926 91/126 [====================>.........] - ETA: 5:53 - loss: 0.0300 - accuracy: 0.9926 92/126 [====================>.........] - ETA: 5:43 - loss: 0.0302 - accuracy: 0.9926 93/126 [=====================>........] - ETA: 5:33 - loss: 0.0302 - accuracy: 0.9926 94/126 [=====================>........] - ETA: 5:23 - loss: 0.0305 - accuracy: 0.9925 95/126 [=====================>........] - ETA: 5:13 - loss: 0.0305 - accuracy: 0.9924 96/126 [=====================>........] - ETA: 5:03 - loss: 0.0306 - accuracy: 0.9924 97/126 [======================>.......] - ETA: 4:53 - loss: 0.0305 - accuracy: 0.9925 98/126 [======================>.......] - ETA: 4:43 - loss: 0.0305 - accuracy: 0.9925 99/126 [======================>.......] - ETA: 4:33 - loss: 0.0306 - accuracy: 0.9924100/126 [======================>.......] - ETA: 4:23 - loss: 0.0305 - accuracy: 0.9925101/126 [=======================>......] - ETA: 4:12 - loss: 0.0306 - accuracy: 0.9925102/126 [=======================>......] - ETA: 4:02 - loss: 0.0305 - accuracy: 0.9926103/126 [=======================>......] - ETA: 3:52 - loss: 0.0304 - accuracy: 0.9926104/126 [=======================>......] - ETA: 3:42 - loss: 0.0303 - accuracy: 0.9926105/126 [========================>.....] - ETA: 3:32 - loss: 0.0305 - accuracy: 0.9926106/126 [========================>.....] - ETA: 3:22 - loss: 0.0307 - accuracy: 0.9924107/126 [========================>.....] - ETA: 3:12 - loss: 0.0306 - accuracy: 0.9924108/126 [========================>.....] - ETA: 3:02 - loss: 0.0306 - accuracy: 0.9924109/126 [========================>.....] - ETA: 2:52 - loss: 0.0305 - accuracy: 0.9925110/126 [=========================>....] - ETA: 2:42 - loss: 0.0307 - accuracy: 0.9925111/126 [=========================>....] - ETA: 2:31 - loss: 0.0305 - accuracy: 0.9925112/126 [=========================>....] - ETA: 2:21 - loss: 0.0304 - accuracy: 0.9926113/126 [=========================>....] - ETA: 2:11 - loss: 0.0303 - accuracy: 0.9926114/126 [==========================>...] - ETA: 2:01 - loss: 0.0302 - accuracy: 0.9927115/126 [==========================>...] - ETA: 1:51 - loss: 0.0302 - accuracy: 0.9926116/126 [==========================>...] - ETA: 1:41 - loss: 0.0301 - accuracy: 0.9927117/126 [==========================>...] - ETA: 1:31 - loss: 0.0301 - accuracy: 0.9926118/126 [===========================>..] - ETA: 1:21 - loss: 0.0300 - accuracy: 0.9927119/126 [===========================>..] - ETA: 1:10 - loss: 0.0302 - accuracy: 0.9925120/126 [===========================>..] - ETA: 1:00 - loss: 0.0301 - accuracy: 0.9926121/126 [===========================>..] - ETA: 50s - loss: 0.0301 - accuracy: 0.9926 122/126 [============================>.] - ETA: 40s - loss: 0.0301 - accuracy: 0.9926123/126 [============================>.] - ETA: 30s - loss: 0.0301 - accuracy: 0.9926124/126 [============================>.] - ETA: 20s - loss: 0.0300 - accuracy: 0.9926125/126 [============================>.] - ETA: 10s - loss: 0.0302 - accuracy: 0.9926126/126 [==============================] - ETA: 0s - loss: 0.0304 - accuracy: 0.9925 
Epoch 00026: val_loss did not improve from 0.52026
126/126 [==============================] - 1356s 11s/step - loss: 0.0304 - accuracy: 0.9925 - val_loss: 13.3270 - val_accuracy: 0.4106
Epoch 27/30
  1/126 [..............................] - ETA: 25:34 - loss: 0.0201 - accuracy: 0.9922  2/126 [..............................] - ETA: 21:50 - loss: 0.0330 - accuracy: 0.9922  3/126 [..............................] - ETA: 21:11 - loss: 0.0273 - accuracy: 0.9948  4/126 [..............................] - ETA: 20:53 - loss: 0.0246 - accuracy: 0.9961  5/126 [>.............................] - ETA: 20:35 - loss: 0.0222 - accuracy: 0.9969  6/126 [>.............................] - ETA: 20:29 - loss: 0.0220 - accuracy: 0.9961  7/126 [>.............................] - ETA: 20:20 - loss: 0.0211 - accuracy: 0.9967  8/126 [>.............................] - ETA: 20:13 - loss: 0.0244 - accuracy: 0.9951  9/126 [=>............................] - ETA: 20:01 - loss: 0.0235 - accuracy: 0.9957 10/126 [=>............................] - ETA: 19:53 - loss: 0.0231 - accuracy: 0.9953 11/126 [=>............................] - ETA: 19:43 - loss: 0.0260 - accuracy: 0.9943 12/126 [=>............................] - ETA: 19:33 - loss: 0.0263 - accuracy: 0.9941 13/126 [==>...........................] - ETA: 19:22 - loss: 0.0284 - accuracy: 0.9928 14/126 [==>...........................] - ETA: 19:11 - loss: 0.0296 - accuracy: 0.9922 15/126 [==>...........................] - ETA: 19:01 - loss: 0.0308 - accuracy: 0.9922 16/126 [==>...........................] - ETA: 18:51 - loss: 0.0388 - accuracy: 0.9888 17/126 [===>..........................] - ETA: 18:42 - loss: 0.0394 - accuracy: 0.9885 18/126 [===>..........................] - ETA: 18:32 - loss: 0.0383 - accuracy: 0.9887 19/126 [===>..........................] - ETA: 18:21 - loss: 0.0377 - accuracy: 0.9889 20/126 [===>..........................] - ETA: 18:13 - loss: 0.0365 - accuracy: 0.9895 21/126 [====>.........................] - ETA: 18:03 - loss: 0.0360 - accuracy: 0.9896 22/126 [====>.........................] - ETA: 17:53 - loss: 0.0362 - accuracy: 0.9897 23/126 [====>.........................] - ETA: 17:43 - loss: 0.0356 - accuracy: 0.9901 24/126 [====>.........................] - ETA: 17:32 - loss: 0.0373 - accuracy: 0.9893 25/126 [====>.........................] - ETA: 17:24 - loss: 0.0365 - accuracy: 0.9897 26/126 [=====>........................] - ETA: 17:14 - loss: 0.0358 - accuracy: 0.9901 27/126 [=====>........................] - ETA: 17:02 - loss: 0.0354 - accuracy: 0.9902 28/126 [=====>........................] - ETA: 16:53 - loss: 0.0348 - accuracy: 0.9905 29/126 [=====>........................] - ETA: 16:41 - loss: 0.0342 - accuracy: 0.9908 30/126 [======>.......................] - ETA: 16:31 - loss: 0.0348 - accuracy: 0.9909 31/126 [======>.......................] - ETA: 16:21 - loss: 0.0342 - accuracy: 0.9912 32/126 [======>.......................] - ETA: 16:10 - loss: 0.0344 - accuracy: 0.9912 33/126 [======>.......................] - ETA: 16:00 - loss: 0.0340 - accuracy: 0.9915 34/126 [=======>......................] - ETA: 15:49 - loss: 0.0336 - accuracy: 0.9917 35/126 [=======>......................] - ETA: 15:38 - loss: 0.0341 - accuracy: 0.9915 36/126 [=======>......................] - ETA: 15:27 - loss: 0.0353 - accuracy: 0.9909 37/126 [=======>......................] - ETA: 15:16 - loss: 0.0356 - accuracy: 0.9909 38/126 [========>.....................] - ETA: 15:06 - loss: 0.0365 - accuracy: 0.9907 39/126 [========>.....................] - ETA: 14:56 - loss: 0.0363 - accuracy: 0.9908 40/126 [========>.....................] - ETA: 14:45 - loss: 0.0359 - accuracy: 0.9910 41/126 [========>.....................] - ETA: 14:34 - loss: 0.0355 - accuracy: 0.9910 42/126 [=========>....................] - ETA: 14:24 - loss: 0.0353 - accuracy: 0.9911 43/126 [=========>....................] - ETA: 14:14 - loss: 0.0353 - accuracy: 0.9909 44/126 [=========>....................] - ETA: 14:03 - loss: 0.0351 - accuracy: 0.9909 45/126 [=========>....................] - ETA: 13:53 - loss: 0.0348 - accuracy: 0.9910 46/126 [=========>....................] - ETA: 13:43 - loss: 0.0356 - accuracy: 0.9905 47/126 [==========>...................] - ETA: 13:33 - loss: 0.0353 - accuracy: 0.9907 48/126 [==========>...................] - ETA: 13:22 - loss: 0.0351 - accuracy: 0.9907 49/126 [==========>...................] - ETA: 13:12 - loss: 0.0350 - accuracy: 0.9908 50/126 [==========>...................] - ETA: 13:02 - loss: 0.0349 - accuracy: 0.9908 51/126 [===========>..................] - ETA: 12:52 - loss: 0.0348 - accuracy: 0.9908 52/126 [===========>..................] - ETA: 12:41 - loss: 0.0354 - accuracy: 0.9907 53/126 [===========>..................] - ETA: 12:31 - loss: 0.0357 - accuracy: 0.9903 54/126 [===========>..................] - ETA: 12:20 - loss: 0.0353 - accuracy: 0.9905 55/126 [============>.................] - ETA: 12:10 - loss: 0.0354 - accuracy: 0.9906 56/126 [============>.................] - ETA: 12:00 - loss: 0.0350 - accuracy: 0.9908 57/126 [============>.................] - ETA: 11:50 - loss: 0.0346 - accuracy: 0.9910 58/126 [============>.................] - ETA: 11:40 - loss: 0.0344 - accuracy: 0.9911 59/126 [=============>................] - ETA: 11:29 - loss: 0.0342 - accuracy: 0.9913 60/126 [=============>................] - ETA: 11:19 - loss: 0.0341 - accuracy: 0.9914 61/126 [=============>................] - ETA: 11:09 - loss: 0.0341 - accuracy: 0.9914 62/126 [=============>................] - ETA: 10:58 - loss: 0.0339 - accuracy: 0.9916 63/126 [==============>...............] - ETA: 10:48 - loss: 0.0342 - accuracy: 0.9912 64/126 [==============>...............] - ETA: 10:38 - loss: 0.0341 - accuracy: 0.9912 65/126 [==============>...............] - ETA: 10:27 - loss: 0.0339 - accuracy: 0.9912 66/126 [==============>...............] - ETA: 10:17 - loss: 0.0337 - accuracy: 0.9914 67/126 [==============>...............] - ETA: 10:07 - loss: 0.0337 - accuracy: 0.9914 68/126 [===============>..............] - ETA: 9:56 - loss: 0.0336 - accuracy: 0.9913  69/126 [===============>..............] - ETA: 9:46 - loss: 0.0333 - accuracy: 0.9914 70/126 [===============>..............] - ETA: 9:36 - loss: 0.0331 - accuracy: 0.9915 71/126 [===============>..............] - ETA: 9:25 - loss: 0.0330 - accuracy: 0.9915 72/126 [================>.............] - ETA: 9:15 - loss: 0.0328 - accuracy: 0.9916 73/126 [================>.............] - ETA: 9:05 - loss: 0.0326 - accuracy: 0.9918 74/126 [================>.............] - ETA: 8:55 - loss: 0.0325 - accuracy: 0.9917 75/126 [================>.............] - ETA: 8:44 - loss: 0.0323 - accuracy: 0.9918 76/126 [=================>............] - ETA: 8:34 - loss: 0.0321 - accuracy: 0.9919 77/126 [=================>............] - ETA: 8:24 - loss: 0.0321 - accuracy: 0.9919 78/126 [=================>............] - ETA: 8:14 - loss: 0.0323 - accuracy: 0.9919 79/126 [=================>............] - ETA: 8:03 - loss: 0.0320 - accuracy: 0.9920 80/126 [==================>...........] - ETA: 7:53 - loss: 0.0319 - accuracy: 0.9921 81/126 [==================>...........] - ETA: 7:43 - loss: 0.0317 - accuracy: 0.9922 82/126 [==================>...........] - ETA: 7:33 - loss: 0.0317 - accuracy: 0.9922 83/126 [==================>...........] - ETA: 7:22 - loss: 0.0316 - accuracy: 0.9923 84/126 [===================>..........] - ETA: 7:12 - loss: 0.0314 - accuracy: 0.9924 85/126 [===================>..........] - ETA: 7:02 - loss: 0.0312 - accuracy: 0.9925 86/126 [===================>..........] - ETA: 6:51 - loss: 0.0310 - accuracy: 0.9926 87/126 [===================>..........] - ETA: 6:41 - loss: 0.0309 - accuracy: 0.9925 88/126 [===================>..........] - ETA: 6:31 - loss: 0.0308 - accuracy: 0.9926 89/126 [====================>.........] - ETA: 6:21 - loss: 0.0306 - accuracy: 0.9927 90/126 [====================>.........] - ETA: 6:10 - loss: 0.0304 - accuracy: 0.9928 91/126 [====================>.........] - ETA: 6:00 - loss: 0.0303 - accuracy: 0.9929 92/126 [====================>.........] - ETA: 5:50 - loss: 0.0302 - accuracy: 0.9930 93/126 [=====================>........] - ETA: 5:39 - loss: 0.0302 - accuracy: 0.9929 94/126 [=====================>........] - ETA: 5:29 - loss: 0.0301 - accuracy: 0.9930 95/126 [=====================>........] - ETA: 5:19 - loss: 0.0299 - accuracy: 0.9931 96/126 [=====================>........] - ETA: 5:08 - loss: 0.0298 - accuracy: 0.9932 97/126 [======================>.......] - ETA: 4:58 - loss: 0.0296 - accuracy: 0.9932 98/126 [======================>.......] - ETA: 4:48 - loss: 0.0298 - accuracy: 0.9931 99/126 [======================>.......] - ETA: 4:37 - loss: 0.0298 - accuracy: 0.9931100/126 [======================>.......] - ETA: 4:27 - loss: 0.0297 - accuracy: 0.9930101/126 [=======================>......] - ETA: 4:17 - loss: 0.0297 - accuracy: 0.9931102/126 [=======================>......] - ETA: 4:07 - loss: 0.0297 - accuracy: 0.9931103/126 [=======================>......] - ETA: 3:56 - loss: 0.0296 - accuracy: 0.9932104/126 [=======================>......] - ETA: 3:46 - loss: 0.0294 - accuracy: 0.9932105/126 [========================>.....] - ETA: 3:36 - loss: 0.0294 - accuracy: 0.9932106/126 [========================>.....] - ETA: 3:25 - loss: 0.0294 - accuracy: 0.9932107/126 [========================>.....] - ETA: 3:15 - loss: 0.0295 - accuracy: 0.9932108/126 [========================>.....] - ETA: 3:05 - loss: 0.0295 - accuracy: 0.9932109/126 [========================>.....] - ETA: 2:55 - loss: 0.0294 - accuracy: 0.9933110/126 [=========================>....] - ETA: 2:44 - loss: 0.0294 - accuracy: 0.9933111/126 [=========================>....] - ETA: 2:34 - loss: 0.0293 - accuracy: 0.9933112/126 [=========================>....] - ETA: 2:24 - loss: 0.0292 - accuracy: 0.9933113/126 [=========================>....] - ETA: 2:13 - loss: 0.0294 - accuracy: 0.9932114/126 [==========================>...] - ETA: 2:03 - loss: 0.0294 - accuracy: 0.9932115/126 [==========================>...] - ETA: 1:53 - loss: 0.0293 - accuracy: 0.9933116/126 [==========================>...] - ETA: 1:42 - loss: 0.0292 - accuracy: 0.9933117/126 [==========================>...] - ETA: 1:32 - loss: 0.0292 - accuracy: 0.9933118/126 [===========================>..] - ETA: 1:22 - loss: 0.0291 - accuracy: 0.9934119/126 [===========================>..] - ETA: 1:12 - loss: 0.0290 - accuracy: 0.9934120/126 [===========================>..] - ETA: 1:01 - loss: 0.0289 - accuracy: 0.9935121/126 [===========================>..] - ETA: 51s - loss: 0.0288 - accuracy: 0.9935 122/126 [============================>.] - ETA: 41s - loss: 0.0287 - accuracy: 0.9936123/126 [============================>.] - ETA: 30s - loss: 0.0286 - accuracy: 0.9936124/126 [============================>.] - ETA: 20s - loss: 0.0286 - accuracy: 0.9936125/126 [============================>.] - ETA: 10s - loss: 0.0287 - accuracy: 0.9935126/126 [==============================] - ETA: 0s - loss: 0.0286 - accuracy: 0.9936 
Epoch 00027: val_loss did not improve from 0.52026
126/126 [==============================] - 1381s 11s/step - loss: 0.0286 - accuracy: 0.9936 - val_loss: 3.9191 - val_accuracy: 0.4504
Epoch 28/30
  1/126 [..............................] - ETA: 26:08 - loss: 0.0130 - accuracy: 1.0000  2/126 [..............................] - ETA: 21:02 - loss: 0.0166 - accuracy: 1.0000  3/126 [..............................] - ETA: 21:05 - loss: 0.0166 - accuracy: 1.0000  4/126 [..............................] - ETA: 20:50 - loss: 0.0276 - accuracy: 0.9980  5/126 [>.............................] - ETA: 20:39 - loss: 0.0263 - accuracy: 0.9969  6/126 [>.............................] - ETA: 20:30 - loss: 0.0267 - accuracy: 0.9961  7/126 [>.............................] - ETA: 20:17 - loss: 0.0261 - accuracy: 0.9955  8/126 [>.............................] - ETA: 20:04 - loss: 0.0254 - accuracy: 0.9951  9/126 [=>............................] - ETA: 19:59 - loss: 0.0241 - accuracy: 0.9957 10/126 [=>............................] - ETA: 19:48 - loss: 0.0229 - accuracy: 0.9961 11/126 [=>............................] - ETA: 19:38 - loss: 0.0221 - accuracy: 0.9964 12/126 [=>............................] - ETA: 19:29 - loss: 0.0220 - accuracy: 0.9967 13/126 [==>...........................] - ETA: 19:19 - loss: 0.0220 - accuracy: 0.9970 14/126 [==>...........................] - ETA: 19:11 - loss: 0.0223 - accuracy: 0.9967 15/126 [==>...........................] - ETA: 18:59 - loss: 0.0215 - accuracy: 0.9969 16/126 [==>...........................] - ETA: 18:48 - loss: 0.0213 - accuracy: 0.9971 17/126 [===>..........................] - ETA: 18:39 - loss: 0.0212 - accuracy: 0.9972 18/126 [===>..........................] - ETA: 18:28 - loss: 0.0216 - accuracy: 0.9970 19/126 [===>..........................] - ETA: 18:19 - loss: 0.0216 - accuracy: 0.9967 20/126 [===>..........................] - ETA: 18:09 - loss: 0.0213 - accuracy: 0.9969 21/126 [====>.........................] - ETA: 17:58 - loss: 0.0209 - accuracy: 0.9970 22/126 [====>.........................] - ETA: 17:47 - loss: 0.0228 - accuracy: 0.9968 23/126 [====>.........................] - ETA: 17:38 - loss: 0.0228 - accuracy: 0.9966 24/126 [====>.........................] - ETA: 17:28 - loss: 0.0226 - accuracy: 0.9967 25/126 [====>.........................] - ETA: 17:18 - loss: 0.0222 - accuracy: 0.9969 26/126 [=====>........................] - ETA: 17:07 - loss: 0.0221 - accuracy: 0.9970 27/126 [=====>........................] - ETA: 16:58 - loss: 0.0225 - accuracy: 0.9968 28/126 [=====>........................] - ETA: 16:47 - loss: 0.0223 - accuracy: 0.9969 29/126 [=====>........................] - ETA: 16:37 - loss: 0.0227 - accuracy: 0.9965 30/126 [======>.......................] - ETA: 16:27 - loss: 0.0233 - accuracy: 0.9964 31/126 [======>.......................] - ETA: 16:17 - loss: 0.0230 - accuracy: 0.9965 32/126 [======>.......................] - ETA: 16:08 - loss: 0.0227 - accuracy: 0.9966 33/126 [======>.......................] - ETA: 15:58 - loss: 0.0228 - accuracy: 0.9967 34/126 [=======>......................] - ETA: 15:48 - loss: 0.0228 - accuracy: 0.9966 35/126 [=======>......................] - ETA: 15:37 - loss: 0.0231 - accuracy: 0.9964 36/126 [=======>......................] - ETA: 15:28 - loss: 0.0228 - accuracy: 0.9965 37/126 [=======>......................] - ETA: 15:17 - loss: 0.0226 - accuracy: 0.9966 38/126 [========>.....................] - ETA: 15:07 - loss: 0.0223 - accuracy: 0.9967 39/126 [========>.....................] - ETA: 14:57 - loss: 0.0220 - accuracy: 0.9968 40/126 [========>.....................] - ETA: 14:47 - loss: 0.0221 - accuracy: 0.9969 41/126 [========>.....................] - ETA: 14:37 - loss: 0.0219 - accuracy: 0.9970 42/126 [=========>....................] - ETA: 14:26 - loss: 0.0218 - accuracy: 0.9970 43/126 [=========>....................] - ETA: 14:16 - loss: 0.0216 - accuracy: 0.9971 44/126 [=========>....................] - ETA: 14:06 - loss: 0.0214 - accuracy: 0.9972 45/126 [=========>....................] - ETA: 13:56 - loss: 0.0219 - accuracy: 0.9970 46/126 [=========>....................] - ETA: 13:45 - loss: 0.0218 - accuracy: 0.9971 47/126 [==========>...................] - ETA: 13:35 - loss: 0.0222 - accuracy: 0.9968 48/126 [==========>...................] - ETA: 13:24 - loss: 0.0220 - accuracy: 0.9969 49/126 [==========>...................] - ETA: 13:14 - loss: 0.0221 - accuracy: 0.9968 50/126 [==========>...................] - ETA: 13:04 - loss: 0.0219 - accuracy: 0.9969 51/126 [===========>..................] - ETA: 12:53 - loss: 0.0217 - accuracy: 0.9969 52/126 [===========>..................] - ETA: 12:43 - loss: 0.0216 - accuracy: 0.9970 53/126 [===========>..................] - ETA: 12:32 - loss: 0.0216 - accuracy: 0.9969 54/126 [===========>..................] - ETA: 12:22 - loss: 0.0228 - accuracy: 0.9967 55/126 [============>.................] - ETA: 12:12 - loss: 0.0228 - accuracy: 0.9966 56/126 [============>.................] - ETA: 12:01 - loss: 0.0231 - accuracy: 0.9964 57/126 [============>.................] - ETA: 11:51 - loss: 0.0242 - accuracy: 0.9962 58/126 [============>.................] - ETA: 11:41 - loss: 0.0240 - accuracy: 0.9962 59/126 [=============>................] - ETA: 11:31 - loss: 0.0243 - accuracy: 0.9962 60/126 [=============>................] - ETA: 11:20 - loss: 0.0241 - accuracy: 0.9962 61/126 [=============>................] - ETA: 11:10 - loss: 0.0240 - accuracy: 0.9963 62/126 [=============>................] - ETA: 11:00 - loss: 0.0239 - accuracy: 0.9963 63/126 [==============>...............] - ETA: 10:50 - loss: 0.0238 - accuracy: 0.9964 64/126 [==============>...............] - ETA: 10:40 - loss: 0.0246 - accuracy: 0.9960 65/126 [==============>...............] - ETA: 10:29 - loss: 0.0244 - accuracy: 0.9960 66/126 [==============>...............] - ETA: 10:19 - loss: 0.0243 - accuracy: 0.9961 67/126 [==============>...............] - ETA: 10:09 - loss: 0.0245 - accuracy: 0.9960 68/126 [===============>..............] - ETA: 9:59 - loss: 0.0243 - accuracy: 0.9961  69/126 [===============>..............] - ETA: 9:49 - loss: 0.0242 - accuracy: 0.9962 70/126 [===============>..............] - ETA: 9:39 - loss: 0.0243 - accuracy: 0.9961 71/126 [===============>..............] - ETA: 9:28 - loss: 0.0247 - accuracy: 0.9958 72/126 [================>.............] - ETA: 9:18 - loss: 0.0245 - accuracy: 0.9959 73/126 [================>.............] - ETA: 9:08 - loss: 0.0244 - accuracy: 0.9959 74/126 [================>.............] - ETA: 8:58 - loss: 0.0244 - accuracy: 0.9959 75/126 [================>.............] - ETA: 8:48 - loss: 0.0243 - accuracy: 0.9959 76/126 [=================>............] - ETA: 8:37 - loss: 0.0243 - accuracy: 0.9959 77/126 [=================>............] - ETA: 8:27 - loss: 0.0248 - accuracy: 0.9957 78/126 [=================>............] - ETA: 8:17 - loss: 0.0249 - accuracy: 0.9956 79/126 [=================>............] - ETA: 8:06 - loss: 0.0248 - accuracy: 0.9956 80/126 [==================>...........] - ETA: 7:56 - loss: 0.0249 - accuracy: 0.9956 81/126 [==================>...........] - ETA: 7:46 - loss: 0.0248 - accuracy: 0.9957 82/126 [==================>...........] - ETA: 7:35 - loss: 0.0247 - accuracy: 0.9957 83/126 [==================>...........] - ETA: 7:25 - loss: 0.0249 - accuracy: 0.9955 84/126 [===================>..........] - ETA: 7:15 - loss: 0.0248 - accuracy: 0.9955 85/126 [===================>..........] - ETA: 7:04 - loss: 0.0247 - accuracy: 0.9956 86/126 [===================>..........] - ETA: 6:53 - loss: 0.0246 - accuracy: 0.9956 87/126 [===================>..........] - ETA: 6:42 - loss: 0.0245 - accuracy: 0.9957 88/126 [===================>..........] - ETA: 6:32 - loss: 0.0245 - accuracy: 0.9956 89/126 [====================>.........] - ETA: 6:22 - loss: 0.0245 - accuracy: 0.9956 90/126 [====================>.........] - ETA: 6:12 - loss: 0.0244 - accuracy: 0.9956 91/126 [====================>.........] - ETA: 6:01 - loss: 0.0245 - accuracy: 0.9956 92/126 [====================>.........] - ETA: 5:51 - loss: 0.0244 - accuracy: 0.9956 93/126 [=====================>........] - ETA: 5:41 - loss: 0.0248 - accuracy: 0.9954 94/126 [=====================>........] - ETA: 5:30 - loss: 0.0247 - accuracy: 0.9953 95/126 [=====================>........] - ETA: 5:20 - loss: 0.0246 - accuracy: 0.9954 96/126 [=====================>........] - ETA: 5:10 - loss: 0.0245 - accuracy: 0.9954 97/126 [======================>.......] - ETA: 4:59 - loss: 0.0245 - accuracy: 0.9953 98/126 [======================>.......] - ETA: 4:49 - loss: 0.0244 - accuracy: 0.9954 99/126 [======================>.......] - ETA: 4:39 - loss: 0.0247 - accuracy: 0.9953100/126 [======================>.......] - ETA: 4:28 - loss: 0.0248 - accuracy: 0.9952101/126 [=======================>......] - ETA: 4:18 - loss: 0.0247 - accuracy: 0.9953102/126 [=======================>......] - ETA: 4:08 - loss: 0.0247 - accuracy: 0.9952103/126 [=======================>......] - ETA: 3:57 - loss: 0.0249 - accuracy: 0.9952104/126 [=======================>......] - ETA: 3:47 - loss: 0.0248 - accuracy: 0.9953105/126 [========================>.....] - ETA: 3:37 - loss: 0.0248 - accuracy: 0.9952106/126 [========================>.....] - ETA: 3:27 - loss: 0.0247 - accuracy: 0.9953107/126 [========================>.....] - ETA: 3:16 - loss: 0.0247 - accuracy: 0.9953108/126 [========================>.....] - ETA: 3:06 - loss: 0.0247 - accuracy: 0.9952109/126 [========================>.....] - ETA: 2:56 - loss: 0.0249 - accuracy: 0.9950110/126 [=========================>....] - ETA: 2:45 - loss: 0.0250 - accuracy: 0.9949111/126 [=========================>....] - ETA: 2:35 - loss: 0.0250 - accuracy: 0.9949112/126 [=========================>....] - ETA: 2:25 - loss: 0.0250 - accuracy: 0.9949113/126 [=========================>....] - ETA: 2:14 - loss: 0.0249 - accuracy: 0.9949114/126 [==========================>...] - ETA: 2:04 - loss: 0.0249 - accuracy: 0.9950115/126 [==========================>...] - ETA: 1:53 - loss: 0.0249 - accuracy: 0.9950116/126 [==========================>...] - ETA: 1:43 - loss: 0.0248 - accuracy: 0.9950117/126 [==========================>...] - ETA: 1:33 - loss: 0.0247 - accuracy: 0.9950118/126 [===========================>..] - ETA: 1:22 - loss: 0.0248 - accuracy: 0.9950119/126 [===========================>..] - ETA: 1:12 - loss: 0.0249 - accuracy: 0.9950120/126 [===========================>..] - ETA: 1:02 - loss: 0.0248 - accuracy: 0.9950121/126 [===========================>..] - ETA: 51s - loss: 0.0247 - accuracy: 0.9951 122/126 [============================>.] - ETA: 41s - loss: 0.0247 - accuracy: 0.9951123/126 [============================>.] - ETA: 31s - loss: 0.0249 - accuracy: 0.9950124/126 [============================>.] - ETA: 20s - loss: 0.0248 - accuracy: 0.9951125/126 [============================>.] - ETA: 10s - loss: 0.0247 - accuracy: 0.9951126/126 [==============================] - ETA: 0s - loss: 0.0247 - accuracy: 0.9952 
Epoch 00028: val_loss did not improve from 0.52026
126/126 [==============================] - 1386s 11s/step - loss: 0.0247 - accuracy: 0.9952 - val_loss: 1.5842 - val_accuracy: 0.6478
Epoch 29/30
  1/126 [..............................] - ETA: 24:36 - loss: 0.0265 - accuracy: 0.9922  2/126 [..............................] - ETA: 21:24 - loss: 0.0215 - accuracy: 0.9961  3/126 [..............................] - ETA: 21:16 - loss: 0.0231 - accuracy: 0.9974  4/126 [..............................] - ETA: 21:03 - loss: 0.0269 - accuracy: 0.9961  5/126 [>.............................] - ETA: 20:46 - loss: 0.0274 - accuracy: 0.9937  6/126 [>.............................] - ETA: 20:36 - loss: 0.0299 - accuracy: 0.9935  7/126 [>.............................] - ETA: 20:29 - loss: 0.0275 - accuracy: 0.9944  8/126 [>.............................] - ETA: 20:21 - loss: 0.0273 - accuracy: 0.9941  9/126 [=>............................] - ETA: 20:13 - loss: 0.0281 - accuracy: 0.9939 10/126 [=>............................] - ETA: 20:02 - loss: 0.0266 - accuracy: 0.9945 11/126 [=>............................] - ETA: 19:51 - loss: 0.0260 - accuracy: 0.9943 12/126 [=>............................] - ETA: 19:39 - loss: 0.0258 - accuracy: 0.9941 13/126 [==>...........................] - ETA: 19:29 - loss: 0.0266 - accuracy: 0.9934 14/126 [==>...........................] - ETA: 19:21 - loss: 0.0262 - accuracy: 0.9933 15/126 [==>...........................] - ETA: 19:12 - loss: 0.0278 - accuracy: 0.9927 16/126 [==>...........................] - ETA: 19:01 - loss: 0.0277 - accuracy: 0.9927 17/126 [===>..........................] - ETA: 18:49 - loss: 0.0289 - accuracy: 0.9917 18/126 [===>..........................] - ETA: 18:40 - loss: 0.0280 - accuracy: 0.9922 19/126 [===>..........................] - ETA: 18:30 - loss: 0.0273 - accuracy: 0.9926 20/126 [===>..........................] - ETA: 18:18 - loss: 0.0280 - accuracy: 0.9926 21/126 [====>.........................] - ETA: 18:07 - loss: 0.0276 - accuracy: 0.9926 22/126 [====>.........................] - ETA: 17:59 - loss: 0.0277 - accuracy: 0.9925 23/126 [====>.........................] - ETA: 17:49 - loss: 0.0281 - accuracy: 0.9922 24/126 [====>.........................] - ETA: 17:37 - loss: 0.0296 - accuracy: 0.9919 25/126 [====>.........................] - ETA: 17:26 - loss: 0.0300 - accuracy: 0.9912 26/126 [=====>........................] - ETA: 17:15 - loss: 0.0301 - accuracy: 0.9910 27/126 [=====>........................] - ETA: 17:05 - loss: 0.0303 - accuracy: 0.9910 28/126 [=====>........................] - ETA: 16:54 - loss: 0.0314 - accuracy: 0.9905 29/126 [=====>........................] - ETA: 16:42 - loss: 0.0309 - accuracy: 0.9908 30/126 [======>.......................] - ETA: 16:32 - loss: 0.0311 - accuracy: 0.9909 31/126 [======>.......................] - ETA: 16:21 - loss: 0.0305 - accuracy: 0.9912 32/126 [======>.......................] - ETA: 16:10 - loss: 0.0300 - accuracy: 0.9915 33/126 [======>.......................] - ETA: 16:00 - loss: 0.0295 - accuracy: 0.9917 34/126 [=======>......................] - ETA: 15:50 - loss: 0.0296 - accuracy: 0.9917 35/126 [=======>......................] - ETA: 15:40 - loss: 0.0294 - accuracy: 0.9917 36/126 [=======>......................] - ETA: 15:29 - loss: 0.0289 - accuracy: 0.9920 37/126 [=======>......................] - ETA: 15:19 - loss: 0.0286 - accuracy: 0.9922 38/126 [========>.....................] - ETA: 15:10 - loss: 0.0282 - accuracy: 0.9924 39/126 [========>.....................] - ETA: 15:00 - loss: 0.0279 - accuracy: 0.9926 40/126 [========>.....................] - ETA: 14:49 - loss: 0.0279 - accuracy: 0.9926 41/126 [========>.....................] - ETA: 14:39 - loss: 0.0279 - accuracy: 0.9924 42/126 [=========>....................] - ETA: 14:28 - loss: 0.0276 - accuracy: 0.9926 43/126 [=========>....................] - ETA: 14:17 - loss: 0.0273 - accuracy: 0.9927 44/126 [=========>....................] - ETA: 14:06 - loss: 0.0270 - accuracy: 0.9929 45/126 [=========>....................] - ETA: 13:56 - loss: 0.0278 - accuracy: 0.9927 46/126 [=========>....................] - ETA: 13:46 - loss: 0.0279 - accuracy: 0.9927 47/126 [==========>...................] - ETA: 13:35 - loss: 0.0280 - accuracy: 0.9927 48/126 [==========>...................] - ETA: 13:25 - loss: 0.0277 - accuracy: 0.9928 49/126 [==========>...................] - ETA: 13:14 - loss: 0.0274 - accuracy: 0.9930 50/126 [==========>...................] - ETA: 13:04 - loss: 0.0272 - accuracy: 0.9931 51/126 [===========>..................] - ETA: 12:54 - loss: 0.0270 - accuracy: 0.9933 52/126 [===========>..................] - ETA: 12:43 - loss: 0.0268 - accuracy: 0.9934 53/126 [===========>..................] - ETA: 12:33 - loss: 0.0266 - accuracy: 0.9935 54/126 [===========>..................] - ETA: 12:22 - loss: 0.0266 - accuracy: 0.9935 55/126 [============>.................] - ETA: 12:12 - loss: 0.0271 - accuracy: 0.9932 56/126 [============>.................] - ETA: 12:02 - loss: 0.0269 - accuracy: 0.9933 57/126 [============>.................] - ETA: 11:52 - loss: 0.0267 - accuracy: 0.9934 58/126 [============>.................] - ETA: 11:41 - loss: 0.0265 - accuracy: 0.9935 59/126 [=============>................] - ETA: 11:31 - loss: 0.0266 - accuracy: 0.9935 60/126 [=============>................] - ETA: 11:21 - loss: 0.0264 - accuracy: 0.9936 61/126 [=============>................] - ETA: 11:11 - loss: 0.0262 - accuracy: 0.9937 62/126 [=============>................] - ETA: 11:00 - loss: 0.0260 - accuracy: 0.9938 63/126 [==============>...............] - ETA: 10:50 - loss: 0.0261 - accuracy: 0.9937 64/126 [==============>...............] - ETA: 10:40 - loss: 0.0259 - accuracy: 0.9938 65/126 [==============>...............] - ETA: 10:30 - loss: 0.0258 - accuracy: 0.9939 66/126 [==============>...............] - ETA: 10:20 - loss: 0.0256 - accuracy: 0.9940 67/126 [==============>...............] - ETA: 10:09 - loss: 0.0256 - accuracy: 0.9941 68/126 [===============>..............] - ETA: 9:59 - loss: 0.0254 - accuracy: 0.9941  69/126 [===============>..............] - ETA: 9:49 - loss: 0.0253 - accuracy: 0.9942 70/126 [===============>..............] - ETA: 9:38 - loss: 0.0253 - accuracy: 0.9942 71/126 [===============>..............] - ETA: 9:28 - loss: 0.0254 - accuracy: 0.9942 72/126 [================>.............] - ETA: 9:17 - loss: 0.0256 - accuracy: 0.9941 73/126 [================>.............] - ETA: 9:07 - loss: 0.0254 - accuracy: 0.9942 74/126 [================>.............] - ETA: 8:57 - loss: 0.0253 - accuracy: 0.9943 75/126 [================>.............] - ETA: 8:46 - loss: 0.0253 - accuracy: 0.9943 76/126 [=================>............] - ETA: 8:36 - loss: 0.0255 - accuracy: 0.9941 77/126 [=================>............] - ETA: 8:25 - loss: 0.0253 - accuracy: 0.9942 78/126 [=================>............] - ETA: 8:15 - loss: 0.0255 - accuracy: 0.9942 79/126 [=================>............] - ETA: 8:05 - loss: 0.0254 - accuracy: 0.9943 80/126 [==================>...........] - ETA: 7:54 - loss: 0.0256 - accuracy: 0.9941 81/126 [==================>...........] - ETA: 7:44 - loss: 0.0254 - accuracy: 0.9942 82/126 [==================>...........] - ETA: 7:34 - loss: 0.0254 - accuracy: 0.9942 83/126 [==================>...........] - ETA: 7:24 - loss: 0.0253 - accuracy: 0.9943 84/126 [===================>..........] - ETA: 7:13 - loss: 0.0256 - accuracy: 0.9941 85/126 [===================>..........] - ETA: 7:03 - loss: 0.0255 - accuracy: 0.9942 86/126 [===================>..........] - ETA: 6:53 - loss: 0.0254 - accuracy: 0.9943 87/126 [===================>..........] - ETA: 6:42 - loss: 0.0254 - accuracy: 0.9943 88/126 [===================>..........] - ETA: 6:32 - loss: 0.0252 - accuracy: 0.9943 89/126 [====================>.........] - ETA: 6:21 - loss: 0.0262 - accuracy: 0.9942 90/126 [====================>.........] - ETA: 6:11 - loss: 0.0260 - accuracy: 0.9943 91/126 [====================>.........] - ETA: 6:01 - loss: 0.0260 - accuracy: 0.9943 92/126 [====================>.........] - ETA: 5:51 - loss: 0.0259 - accuracy: 0.9943 93/126 [=====================>........] - ETA: 5:40 - loss: 0.0258 - accuracy: 0.9944 94/126 [=====================>........] - ETA: 5:30 - loss: 0.0257 - accuracy: 0.9944 95/126 [=====================>........] - ETA: 5:20 - loss: 0.0259 - accuracy: 0.9943 96/126 [=====================>........] - ETA: 5:09 - loss: 0.0258 - accuracy: 0.9944 97/126 [======================>.......] - ETA: 4:59 - loss: 0.0257 - accuracy: 0.9944 98/126 [======================>.......] - ETA: 4:49 - loss: 0.0256 - accuracy: 0.9945 99/126 [======================>.......] - ETA: 4:38 - loss: 0.0256 - accuracy: 0.9945100/126 [======================>.......] - ETA: 4:28 - loss: 0.0256 - accuracy: 0.9945101/126 [=======================>......] - ETA: 4:18 - loss: 0.0257 - accuracy: 0.9944102/126 [=======================>......] - ETA: 4:07 - loss: 0.0260 - accuracy: 0.9942103/126 [=======================>......] - ETA: 3:57 - loss: 0.0265 - accuracy: 0.9940104/126 [=======================>......] - ETA: 3:47 - loss: 0.0263 - accuracy: 0.9941105/126 [========================>.....] - ETA: 3:36 - loss: 0.0262 - accuracy: 0.9941106/126 [========================>.....] - ETA: 3:26 - loss: 0.0261 - accuracy: 0.9942107/126 [========================>.....] - ETA: 3:16 - loss: 0.0260 - accuracy: 0.9942108/126 [========================>.....] - ETA: 3:05 - loss: 0.0259 - accuracy: 0.9943109/126 [========================>.....] - ETA: 2:55 - loss: 0.0260 - accuracy: 0.9942110/126 [=========================>....] - ETA: 2:45 - loss: 0.0259 - accuracy: 0.9942111/126 [=========================>....] - ETA: 2:34 - loss: 0.0259 - accuracy: 0.9943112/126 [=========================>....] - ETA: 2:24 - loss: 0.0259 - accuracy: 0.9943113/126 [=========================>....] - ETA: 2:14 - loss: 0.0261 - accuracy: 0.9942114/126 [==========================>...] - ETA: 2:03 - loss: 0.0260 - accuracy: 0.9942115/126 [==========================>...] - ETA: 1:53 - loss: 0.0259 - accuracy: 0.9943116/126 [==========================>...] - ETA: 1:43 - loss: 0.0259 - accuracy: 0.9943117/126 [==========================>...] - ETA: 1:32 - loss: 0.0258 - accuracy: 0.9943118/126 [===========================>..] - ETA: 1:22 - loss: 0.0258 - accuracy: 0.9943119/126 [===========================>..] - ETA: 1:11 - loss: 0.0257 - accuracy: 0.9943120/126 [===========================>..] - ETA: 1:01 - loss: 0.0256 - accuracy: 0.9944121/126 [===========================>..] - ETA: 51s - loss: 0.0258 - accuracy: 0.9942 122/126 [============================>.] - ETA: 41s - loss: 0.0258 - accuracy: 0.9943123/126 [============================>.] - ETA: 30s - loss: 0.0258 - accuracy: 0.9943124/126 [============================>.] - ETA: 20s - loss: 0.0257 - accuracy: 0.9943125/126 [============================>.] - ETA: 10s - loss: 0.0258 - accuracy: 0.9943126/126 [==============================] - ETA: 0s - loss: 0.0257 - accuracy: 0.9943 
Epoch 00029: val_loss did not improve from 0.52026
126/126 [==============================] - 1378s 11s/step - loss: 0.0257 - accuracy: 0.9943 - val_loss: 0.7079 - val_accuracy: 0.5759
Epoch 30/30
  1/126 [..............................] - ETA: 25:06 - loss: 0.0109 - accuracy: 1.0000  2/126 [..............................] - ETA: 21:09 - loss: 0.0120 - accuracy: 1.0000  3/126 [..............................] - ETA: 20:27 - loss: 0.0201 - accuracy: 0.9974  4/126 [..............................] - ETA: 20:32 - loss: 0.0182 - accuracy: 0.9980  5/126 [>.............................] - ETA: 20:27 - loss: 0.0246 - accuracy: 0.9969  6/126 [>.............................] - ETA: 20:26 - loss: 0.0223 - accuracy: 0.9974  7/126 [>.............................] - ETA: 20:21 - loss: 0.0271 - accuracy: 0.9967  8/126 [>.............................] - ETA: 20:08 - loss: 0.0298 - accuracy: 0.9961  9/126 [=>............................] - ETA: 20:03 - loss: 0.0278 - accuracy: 0.9965 10/126 [=>............................] - ETA: 19:53 - loss: 0.0272 - accuracy: 0.9961 11/126 [=>............................] - ETA: 19:44 - loss: 0.0279 - accuracy: 0.9950 12/126 [=>............................] - ETA: 19:32 - loss: 0.0270 - accuracy: 0.9954 13/126 [==>...........................] - ETA: 19:20 - loss: 0.0282 - accuracy: 0.9946 14/126 [==>...........................] - ETA: 19:10 - loss: 0.0301 - accuracy: 0.9939 15/126 [==>...........................] - ETA: 19:01 - loss: 0.0290 - accuracy: 0.9943 16/126 [==>...........................] - ETA: 18:50 - loss: 0.0288 - accuracy: 0.9941 17/126 [===>..........................] - ETA: 18:39 - loss: 0.0280 - accuracy: 0.9945 18/126 [===>..........................] - ETA: 18:32 - loss: 0.0274 - accuracy: 0.9948 19/126 [===>..........................] - ETA: 18:20 - loss: 0.0272 - accuracy: 0.9947 20/126 [===>..........................] - ETA: 18:10 - loss: 0.0264 - accuracy: 0.9949 21/126 [====>.........................] - ETA: 17:59 - loss: 0.0265 - accuracy: 0.9948 22/126 [====>.........................] - ETA: 17:49 - loss: 0.0264 - accuracy: 0.9947 23/126 [====>.........................] - ETA: 17:39 - loss: 0.0264 - accuracy: 0.9949 24/126 [====>.........................] - ETA: 17:30 - loss: 0.0258 - accuracy: 0.9951 25/126 [====>.........................] - ETA: 17:19 - loss: 0.0264 - accuracy: 0.9950 26/126 [=====>........................] - ETA: 17:10 - loss: 0.0260 - accuracy: 0.9952 27/126 [=====>........................] - ETA: 16:59 - loss: 0.0256 - accuracy: 0.9954 28/126 [=====>........................] - ETA: 16:48 - loss: 0.0254 - accuracy: 0.9953 29/126 [=====>........................] - ETA: 16:36 - loss: 0.0250 - accuracy: 0.9954 30/126 [======>.......................] - ETA: 16:25 - loss: 0.0249 - accuracy: 0.9953 31/126 [======>.......................] - ETA: 16:14 - loss: 0.0253 - accuracy: 0.9947 32/126 [======>.......................] - ETA: 16:03 - loss: 0.0253 - accuracy: 0.9946 33/126 [======>.......................] - ETA: 15:53 - loss: 0.0256 - accuracy: 0.9943 34/126 [=======>......................] - ETA: 15:42 - loss: 0.0275 - accuracy: 0.9938 35/126 [=======>......................] - ETA: 15:32 - loss: 0.0278 - accuracy: 0.9937 36/126 [=======>......................] - ETA: 15:22 - loss: 0.0277 - accuracy: 0.9937 37/126 [=======>......................] - ETA: 15:12 - loss: 0.0274 - accuracy: 0.9937 38/126 [========>.....................] - ETA: 15:01 - loss: 0.0273 - accuracy: 0.9938 39/126 [========>.....................] - ETA: 14:52 - loss: 0.0272 - accuracy: 0.9938 40/126 [========>.....................] - ETA: 14:42 - loss: 0.0268 - accuracy: 0.9939 41/126 [========>.....................] - ETA: 14:32 - loss: 0.0268 - accuracy: 0.9941 42/126 [=========>....................] - ETA: 14:22 - loss: 0.0272 - accuracy: 0.9939 43/126 [=========>....................] - ETA: 14:11 - loss: 0.0268 - accuracy: 0.9940 44/126 [=========>....................] - ETA: 14:02 - loss: 0.0266 - accuracy: 0.9941 45/126 [=========>....................] - ETA: 13:52 - loss: 0.0272 - accuracy: 0.9941 46/126 [=========>....................] - ETA: 13:41 - loss: 0.0270 - accuracy: 0.9942 47/126 [==========>...................] - ETA: 13:31 - loss: 0.0267 - accuracy: 0.9943 48/126 [==========>...................] - ETA: 13:21 - loss: 0.0266 - accuracy: 0.9943 49/126 [==========>...................] - ETA: 13:11 - loss: 0.0263 - accuracy: 0.9944 50/126 [==========>...................] - ETA: 12:56 - loss: 0.0261 - accuracy: 0.9945 51/126 [===========>..................] - ETA: 12:46 - loss: 0.0261 - accuracy: 0.9945 52/126 [===========>..................] - ETA: 12:36 - loss: 0.0261 - accuracy: 0.9943 53/126 [===========>..................] - ETA: 12:26 - loss: 0.0260 - accuracy: 0.9942 54/126 [===========>..................] - ETA: 12:16 - loss: 0.0259 - accuracy: 0.9943 55/126 [============>.................] - ETA: 12:06 - loss: 0.0266 - accuracy: 0.9941 56/126 [============>.................] - ETA: 11:56 - loss: 0.0265 - accuracy: 0.9943 57/126 [============>.................] - ETA: 11:46 - loss: 0.0264 - accuracy: 0.9942 58/126 [============>.................] - ETA: 11:36 - loss: 0.0262 - accuracy: 0.9943 59/126 [=============>................] - ETA: 11:26 - loss: 0.0260 - accuracy: 0.9944 60/126 [=============>................] - ETA: 11:15 - loss: 0.0258 - accuracy: 0.9945 61/126 [=============>................] - ETA: 11:05 - loss: 0.0258 - accuracy: 0.9945 62/126 [=============>................] - ETA: 10:55 - loss: 0.0257 - accuracy: 0.9946 63/126 [==============>...............] - ETA: 10:45 - loss: 0.0257 - accuracy: 0.9945 64/126 [==============>...............] - ETA: 10:35 - loss: 0.0255 - accuracy: 0.9946 65/126 [==============>...............] - ETA: 10:24 - loss: 0.0259 - accuracy: 0.9946 66/126 [==============>...............] - ETA: 10:14 - loss: 0.0258 - accuracy: 0.9945 67/126 [==============>...............] - ETA: 10:03 - loss: 0.0259 - accuracy: 0.9945 68/126 [===============>..............] - ETA: 9:54 - loss: 0.0257 - accuracy: 0.9945  69/126 [===============>..............] - ETA: 9:43 - loss: 0.0256 - accuracy: 0.9945 70/126 [===============>..............] - ETA: 9:33 - loss: 0.0257 - accuracy: 0.9945 71/126 [===============>..............] - ETA: 9:23 - loss: 0.0256 - accuracy: 0.9946 72/126 [================>.............] - ETA: 9:13 - loss: 0.0256 - accuracy: 0.9946 73/126 [================>.............] - ETA: 9:03 - loss: 0.0254 - accuracy: 0.9946 74/126 [================>.............] - ETA: 8:53 - loss: 0.0260 - accuracy: 0.9945 75/126 [================>.............] - ETA: 8:43 - loss: 0.0262 - accuracy: 0.9944 76/126 [=================>............] - ETA: 8:33 - loss: 0.0261 - accuracy: 0.9944 77/126 [=================>............] - ETA: 8:23 - loss: 0.0260 - accuracy: 0.9944 78/126 [=================>............] - ETA: 8:12 - loss: 0.0260 - accuracy: 0.9943 79/126 [=================>............] - ETA: 8:03 - loss: 0.0259 - accuracy: 0.9943 80/126 [==================>...........] - ETA: 7:52 - loss: 0.0261 - accuracy: 0.9943 81/126 [==================>...........] - ETA: 7:42 - loss: 0.0266 - accuracy: 0.9943 82/126 [==================>...........] - ETA: 7:32 - loss: 0.0266 - accuracy: 0.9943 83/126 [==================>...........] - ETA: 7:22 - loss: 0.0272 - accuracy: 0.9940 84/126 [===================>..........] - ETA: 7:11 - loss: 0.0271 - accuracy: 0.9941 85/126 [===================>..........] - ETA: 7:01 - loss: 0.0271 - accuracy: 0.9940 86/126 [===================>..........] - ETA: 6:51 - loss: 0.0269 - accuracy: 0.9941 87/126 [===================>..........] - ETA: 6:41 - loss: 0.0269 - accuracy: 0.9941 88/126 [===================>..........] - ETA: 6:31 - loss: 0.0267 - accuracy: 0.9942 89/126 [====================>.........] - ETA: 6:20 - loss: 0.0266 - accuracy: 0.9943 90/126 [====================>.........] - ETA: 6:10 - loss: 0.0266 - accuracy: 0.9943 91/126 [====================>.........] - ETA: 6:00 - loss: 0.0269 - accuracy: 0.9941 92/126 [====================>.........] - ETA: 5:50 - loss: 0.0269 - accuracy: 0.9941 93/126 [=====================>........] - ETA: 5:39 - loss: 0.0270 - accuracy: 0.9941 94/126 [=====================>........] - ETA: 5:29 - loss: 0.0269 - accuracy: 0.9942 95/126 [=====================>........] - ETA: 5:19 - loss: 0.0271 - accuracy: 0.9941 96/126 [=====================>........] - ETA: 5:09 - loss: 0.0273 - accuracy: 0.9940 97/126 [======================>.......] - ETA: 4:58 - loss: 0.0275 - accuracy: 0.9939 98/126 [======================>.......] - ETA: 4:48 - loss: 0.0274 - accuracy: 0.9939 99/126 [======================>.......] - ETA: 4:38 - loss: 0.0273 - accuracy: 0.9940100/126 [======================>.......] - ETA: 4:27 - loss: 0.0272 - accuracy: 0.9940101/126 [=======================>......] - ETA: 4:17 - loss: 0.0272 - accuracy: 0.9941102/126 [=======================>......] - ETA: 4:07 - loss: 0.0270 - accuracy: 0.9942103/126 [=======================>......] - ETA: 3:56 - loss: 0.0269 - accuracy: 0.9942104/126 [=======================>......] - ETA: 3:46 - loss: 0.0271 - accuracy: 0.9942105/126 [========================>.....] - ETA: 3:36 - loss: 0.0270 - accuracy: 0.9943106/126 [========================>.....] - ETA: 3:26 - loss: 0.0269 - accuracy: 0.9943107/126 [========================>.....] - ETA: 3:15 - loss: 0.0271 - accuracy: 0.9942108/126 [========================>.....] - ETA: 3:05 - loss: 0.0271 - accuracy: 0.9942109/126 [========================>.....] - ETA: 2:55 - loss: 0.0271 - accuracy: 0.9943110/126 [=========================>....] - ETA: 2:44 - loss: 0.0270 - accuracy: 0.9942111/126 [=========================>....] - ETA: 2:34 - loss: 0.0275 - accuracy: 0.9942112/126 [=========================>....] - ETA: 2:24 - loss: 0.0275 - accuracy: 0.9941113/126 [=========================>....] - ETA: 2:13 - loss: 0.0274 - accuracy: 0.9942114/126 [==========================>...] - ETA: 2:03 - loss: 0.0275 - accuracy: 0.9941115/126 [==========================>...] - ETA: 1:53 - loss: 0.0274 - accuracy: 0.9941116/126 [==========================>...] - ETA: 1:43 - loss: 0.0273 - accuracy: 0.9942117/126 [==========================>...] - ETA: 1:32 - loss: 0.0272 - accuracy: 0.9942118/126 [===========================>..] - ETA: 1:22 - loss: 0.0270 - accuracy: 0.9943119/126 [===========================>..] - ETA: 1:12 - loss: 0.0272 - accuracy: 0.9942120/126 [===========================>..] - ETA: 1:01 - loss: 0.0271 - accuracy: 0.9943121/126 [===========================>..] - ETA: 51s - loss: 0.0270 - accuracy: 0.9943 122/126 [============================>.] - ETA: 41s - loss: 0.0271 - accuracy: 0.9942123/126 [============================>.] - ETA: 30s - loss: 0.0273 - accuracy: 0.9940124/126 [============================>.] - ETA: 20s - loss: 0.0273 - accuracy: 0.9941125/126 [============================>.] - ETA: 10s - loss: 0.0275 - accuracy: 0.9940126/126 [==============================] - ETA: 0s - loss: 0.0277 - accuracy: 0.9938 
Epoch 00030: val_loss improved from 0.52026 to 0.50329, saving model to Effi_checkpoint_best_0.5033.h5
126/126 [==============================] - 1379s 11s/step - loss: 0.0277 - accuracy: 0.9938 - val_loss: 0.5033 - val_accuracy: 0.7430
\The best validation loss so far
0.5033
[1, 0, 0, 0, 0, 0, 1, 0, 0, 0, 0, 0, 0, 1, 1, 0, 0, 1, 0, 1, 0, 1, 0, 1, 1, 0, 0, 0, 0, 0, 1, 0, 0, 0, 1, 0, 1, 0, 0, 0, 0, 0, 0, 0, 0, 1, 0, 1, 0, 0, 0, 1, 1, 0, 1, 0, 1, 1, 0, 0, 0, 1, 0, 0, 0, 1, 1, 1, 1, 0, 1, 0, 0, 0, 0, 0, 0, 1, 0, 0, 1, 0, 1, 1, 0, 0, 0, 0, 0, 1, 0, 0, 0, 0, 0, 1, 1, 1, 1, 0, 1, 0, 0, 0, 0, 1, 0, 1, 0, 1, 1, 0, 0, 1, 1, 1, 1, 1, 0, 1, 0, 0, 0, 0, 0, 0, 1, 0, 0, 1, 0, 0, 0, 1, 0, 1, 0, 1, 1, 1, 0, 1, 0, 0, 1, 0, 0, 1, 0, 0, 0, 0, 0, 0, 0, 0, 1, 0, 0, 1, 0, 0, 0, 0, 1, 0, 0, 1, 1, 1, 0, 0, 0, 0, 0, 0, 1, 0, 1, 0, 0, 1, 1, 0, 1, 1, 1, 0, 1, 1, 1, 1, 0, 0, 0, 1, 0, 0, 0, 0, 0, 0, 1, 0, 0, 0, 0, 0, 0, 1, 0, 0, 0, 0, 0, 0, 1, 1, 1, 1, 1, 1, 0, 0, 0, 0, 0, 0, 0, 0, 0, 0, 1, 0, 0, 0, 0, 0, 0, 0, 0, 0, 0, 0, 0, 0, 0, 1, 1, 1, 1, 1, 0, 0, 0, 0, 1, 0, 1, 0, 0, 0, 0, 1, 0, 0, 0, 0, 0, 0, 0, 0, 1, 0, 0, 0, 1, 0, 1, 1, 0, 0, 0, 0, 0, 0, 0, 0, 0, 0, 0, 0, 0, 0, 0, 0, 0, 0, 1, 0, 1, 0, 0, 1, 0, 0, 1, 0, 0, 0, 1, 0, 1, 0, 0, 1, 0, 0, 1, 1, 1, 1, 0, 0, 1, 1, 0, 0, 1, 0, 0, 0, 1, 1, 0, 1, 0, 1, 0, 1, 0, 1, 0, 1, 0, 0, 1, 0, 0, 1, 1, 0, 1, 0, 0, 0, 0, 0, 1, 1, 1, 1, 0, 0, 0, 0, 0, 0, 1, 0, 0, 1, 0, 1, 0, 0, 1, 1, 0, 1, 1, 1, 0, 1, 0, 0, 1, 0, 0, 0, 1, 1, 1, 0, 1, 0, 1, 0, 0, 0, 0, 0, 0, 1, 1, 0, 1, 1, 1, 1, 1, 0, 1, 1, 0, 0, 1, 0, 0, 1, 1, 1, 1, 1, 1, 1, 1, 1, 1, 1, 1, 1, 1, 1, 0, 1, 1, 1, 1, 1, 1, 1, 1, 1, 1, 1, 1, 1, 0, 0, 1, 1, 1, 1, 1, 1, 1, 1, 0, 0, 1, 0, 1, 1, 0, 1, 1, 1, 0, 1, 1, 1, 1, 0, 0, 1, 1, 1, 0, 1, 1, 1, 1, 1, 1, 0, 1, 1, 1, 1, 1, 1, 0, 1, 1, 1, 1, 1, 1, 1, 1, 1, 0, 0, 1, 1, 1, 1, 1, 1, 1, 1, 0, 1, 1, 1, 1, 0, 1, 0, 1, 1, 0, 0, 1, 1, 0, 1, 1, 1, 0, 0, 0, 0, 1, 1, 1, 1, 0, 1, 1, 0, 0, 1, 1, 1, 1, 1, 1, 1, 1, 0, 1, 0, 1, 1, 1, 1, 1, 1, 1, 0, 1, 1, 1, 1, 1, 1, 1, 1, 1, 1, 1, 0, 0, 1, 1, 1, 1, 1, 1, 1, 1, 1, 0, 1, 0, 1, 1, 1, 1, 0, 0, 1, 1, 0, 0, 1, 0, 1, 1, 1, 1, 1, 1, 0, 0, 1, 1, 0, 1, 1, 1, 1, 1, 1, 1, 1, 1, 1, 1, 1, 1, 0, 1, 1, 1, 1, 0, 1, 1, 0, 1, 0, 0, 1, 1, 1, 1, 0, 1, 1, 1, 1, 1, 1, 1, 1, 1, 1, 1, 1, 1, 1, 1, 0, 1, 1, 1, 1, 1, 1, 0, 1, 1, 0, 1, 0, 0, 1, 1, 1, 1, 1, 0, 1, 1, 1, 0, 1, 1, 1, 1, 1, 0, 1, 1, 1, 1, 1, 1, 1, 1, 1, 1, 1, 0, 1, 0, 1, 1, 1, 1, 0, 1, 1, 1, 1, 1, 1, 1, 1, 0, 1, 1, 1, 1, 1, 1, 1, 1, 1, 0, 1, 0, 0, 1, 1, 1, 1, 1, 0, 1, 1, 1, 1, 1, 1, 1, 1, 1, 1, 1, 0, 0, 1, 0, 0, 1, 0, 1, 1, 1, 1, 0, 1, 0, 0, 1, 1, 1, 1, 1, 1, 1, 0, 1, 1, 1, 1, 1, 1, 1, 1, 0, 0, 1, 1, 1, 1, 1, 0, 1, 1, 1, 1, 1, 1, 1, 1, 1, 1, 1, 1, 1, 0, 1, 1, 1, 1, 1, 1, 1, 1, 1, 1, 1, 1, 1, 1, 1, 0, 0, 1, 1, 1, 1, 1, 1, 1, 0, 0, 0, 0, 1, 0, 1, 1, 1, 1, 1, 0, 1, 1, 0, 0, 1, 1, 0, 1, 0, 1, 1, 1, 1, 1, 0, 1, 1, 1, 1, 1, 0, 1, 1, 1, 1, 0, 0, 1, 1, 0, 1, 1, 1, 1, 1, 1, 0, 1, 0, 1, 1, 1, 1, 1, 0, 1, 1, 1, 1, 1, 1, 0, 1, 1, 1, 1, 1, 1, 0, 0, 1, 1, 1, 0, 1, 1, 1, 1, 1, 0, 1, 1, 0, 1, 1, 1, 1, 1, 1, 1, 1, 1, 0, 0, 0, 1, 1, 1, 1, 1, 1, 1, 1, 1, 1, 1, 1, 1, 1, 1, 1, 1, 1, 0, 1, 1, 1, 1, 1, 1, 1, 1, 0, 1, 1, 1, 1, 1, 1, 1, 1, 1, 1, 1, 1, 1, 1, 1, 1, 1, 1, 1, 1, 0, 1, 0, 1, 0, 1, 1, 1, 0, 0, 1, 1, 1, 1, 1, 1, 1, 1, 1, 1, 1, 1, 0, 1, 1, 1, 1, 1, 0, 1, 0, 1, 1, 1, 1, 1, 0, 0, 1, 1, 1, 0, 1, 0, 1, 1, 1, 1, 1, 0, 1, 1, 1, 1, 0, 1, 1, 1, 0, 1, 1, 1, 0, 1, 1, 0, 1, 0, 0, 1, 1, 1, 1, 0, 1, 0, 1, 1, 0, 1, 1, 1, 1, 1, 1, 1, 1, 0, 1, 0, 1, 1, 1, 1, 1, 1, 0, 1, 1, 0, 1, 0, 1, 1, 0, 1, 1, 1, 1, 1, 1, 1, 1, 0, 1, 1, 1, 1, 1, 1, 1, 1, 1, 1, 1, 0, 1, 1, 1, 0, 1, 1, 1, 1, 1, 1, 1, 1, 1, 1, 1, 1, 1, 1, 1, 1, 1, 1, 1, 0, 1, 1, 1, 1, 1, 1, 0, 0, 1, 0, 0, 0, 0, 1, 1, 1, 0, 1, 1, 0]
[0 0 0 ... 1 1 1]
['stressed', 'healthy', 'healthy', 'healthy', 'healthy', 'healthy', 'stressed', 'healthy', 'healthy', 'healthy', 'healthy', 'healthy', 'healthy', 'stressed', 'stressed', 'healthy', 'healthy', 'stressed', 'healthy', 'stressed', 'healthy', 'stressed', 'healthy', 'stressed', 'stressed', 'healthy', 'healthy', 'healthy', 'healthy', 'healthy', 'stressed', 'healthy', 'healthy', 'healthy', 'stressed', 'healthy', 'stressed', 'healthy', 'healthy', 'healthy', 'healthy', 'healthy', 'healthy', 'healthy', 'healthy', 'stressed', 'healthy', 'stressed', 'healthy', 'healthy', 'healthy', 'stressed', 'stressed', 'healthy', 'stressed', 'healthy', 'stressed', 'stressed', 'healthy', 'healthy', 'healthy', 'stressed', 'healthy', 'healthy', 'healthy', 'stressed', 'stressed', 'stressed', 'stressed', 'healthy', 'stressed', 'healthy', 'healthy', 'healthy', 'healthy', 'healthy', 'healthy', 'stressed', 'healthy', 'healthy', 'stressed', 'healthy', 'stressed', 'stressed', 'healthy', 'healthy', 'healthy', 'healthy', 'healthy', 'stressed', 'healthy', 'healthy', 'healthy', 'healthy', 'healthy', 'stressed', 'stressed', 'stressed', 'stressed', 'healthy', 'stressed', 'healthy', 'healthy', 'healthy', 'healthy', 'stressed', 'healthy', 'stressed', 'healthy', 'stressed', 'stressed', 'healthy', 'healthy', 'stressed', 'stressed', 'stressed', 'stressed', 'stressed', 'healthy', 'stressed', 'healthy', 'healthy', 'healthy', 'healthy', 'healthy', 'healthy', 'stressed', 'healthy', 'healthy', 'stressed', 'healthy', 'healthy', 'healthy', 'stressed', 'healthy', 'stressed', 'healthy', 'stressed', 'stressed', 'stressed', 'healthy', 'stressed', 'healthy', 'healthy', 'stressed', 'healthy', 'healthy', 'stressed', 'healthy', 'healthy', 'healthy', 'healthy', 'healthy', 'healthy', 'healthy', 'healthy', 'stressed', 'healthy', 'healthy', 'stressed', 'healthy', 'healthy', 'healthy', 'healthy', 'stressed', 'healthy', 'healthy', 'stressed', 'stressed', 'stressed', 'healthy', 'healthy', 'healthy', 'healthy', 'healthy', 'healthy', 'stressed', 'healthy', 'stressed', 'healthy', 'healthy', 'stressed', 'stressed', 'healthy', 'stressed', 'stressed', 'stressed', 'healthy', 'stressed', 'stressed', 'stressed', 'stressed', 'healthy', 'healthy', 'healthy', 'stressed', 'healthy', 'healthy', 'healthy', 'healthy', 'healthy', 'healthy', 'stressed', 'healthy', 'healthy', 'healthy', 'healthy', 'healthy', 'healthy', 'stressed', 'healthy', 'healthy', 'healthy', 'healthy', 'healthy', 'healthy', 'stressed', 'stressed', 'stressed', 'stressed', 'stressed', 'stressed', 'healthy', 'healthy', 'healthy', 'healthy', 'healthy', 'healthy', 'healthy', 'healthy', 'healthy', 'healthy', 'stressed', 'healthy', 'healthy', 'healthy', 'healthy', 'healthy', 'healthy', 'healthy', 'healthy', 'healthy', 'healthy', 'healthy', 'healthy', 'healthy', 'healthy', 'stressed', 'stressed', 'stressed', 'stressed', 'stressed', 'healthy', 'healthy', 'healthy', 'healthy', 'stressed', 'healthy', 'stressed', 'healthy', 'healthy', 'healthy', 'healthy', 'stressed', 'healthy', 'healthy', 'healthy', 'healthy', 'healthy', 'healthy', 'healthy', 'healthy', 'stressed', 'healthy', 'healthy', 'healthy', 'stressed', 'healthy', 'stressed', 'stressed', 'healthy', 'healthy', 'healthy', 'healthy', 'healthy', 'healthy', 'healthy', 'healthy', 'healthy', 'healthy', 'healthy', 'healthy', 'healthy', 'healthy', 'healthy', 'healthy', 'healthy', 'healthy', 'stressed', 'healthy', 'stressed', 'healthy', 'healthy', 'stressed', 'healthy', 'healthy', 'stressed', 'healthy', 'healthy', 'healthy', 'stressed', 'healthy', 'stressed', 'healthy', 'healthy', 'stressed', 'healthy', 'healthy', 'stressed', 'stressed', 'stressed', 'stressed', 'healthy', 'healthy', 'stressed', 'stressed', 'healthy', 'healthy', 'stressed', 'healthy', 'healthy', 'healthy', 'stressed', 'stressed', 'healthy', 'stressed', 'healthy', 'stressed', 'healthy', 'stressed', 'healthy', 'stressed', 'healthy', 'stressed', 'healthy', 'healthy', 'stressed', 'healthy', 'healthy', 'stressed', 'stressed', 'healthy', 'stressed', 'healthy', 'healthy', 'healthy', 'healthy', 'healthy', 'stressed', 'stressed', 'stressed', 'stressed', 'healthy', 'healthy', 'healthy', 'healthy', 'healthy', 'healthy', 'stressed', 'healthy', 'healthy', 'stressed', 'healthy', 'stressed', 'healthy', 'healthy', 'stressed', 'stressed', 'healthy', 'stressed', 'stressed', 'stressed', 'healthy', 'stressed', 'healthy', 'healthy', 'stressed', 'healthy', 'healthy', 'healthy', 'stressed', 'stressed', 'stressed', 'healthy', 'stressed', 'healthy', 'stressed', 'healthy', 'healthy', 'healthy', 'healthy', 'healthy', 'healthy', 'stressed', 'stressed', 'healthy', 'stressed', 'stressed', 'stressed', 'stressed', 'stressed', 'healthy', 'stressed', 'stressed', 'healthy', 'healthy', 'stressed', 'healthy', 'healthy', 'stressed', 'stressed', 'stressed', 'stressed', 'stressed', 'stressed', 'stressed', 'stressed', 'stressed', 'stressed', 'stressed', 'stressed', 'stressed', 'stressed', 'stressed', 'healthy', 'stressed', 'stressed', 'stressed', 'stressed', 'stressed', 'stressed', 'stressed', 'stressed', 'stressed', 'stressed', 'stressed', 'stressed', 'stressed', 'healthy', 'healthy', 'stressed', 'stressed', 'stressed', 'stressed', 'stressed', 'stressed', 'stressed', 'stressed', 'healthy', 'healthy', 'stressed', 'healthy', 'stressed', 'stressed', 'healthy', 'stressed', 'stressed', 'stressed', 'healthy', 'stressed', 'stressed', 'stressed', 'stressed', 'healthy', 'healthy', 'stressed', 'stressed', 'stressed', 'healthy', 'stressed', 'stressed', 'stressed', 'stressed', 'stressed', 'stressed', 'healthy', 'stressed', 'stressed', 'stressed', 'stressed', 'stressed', 'stressed', 'healthy', 'stressed', 'stressed', 'stressed', 'stressed', 'stressed', 'stressed', 'stressed', 'stressed', 'stressed', 'healthy', 'healthy', 'stressed', 'stressed', 'stressed', 'stressed', 'stressed', 'stressed', 'stressed', 'stressed', 'healthy', 'stressed', 'stressed', 'stressed', 'stressed', 'healthy', 'stressed', 'healthy', 'stressed', 'stressed', 'healthy', 'healthy', 'stressed', 'stressed', 'healthy', 'stressed', 'stressed', 'stressed', 'healthy', 'healthy', 'healthy', 'healthy', 'stressed', 'stressed', 'stressed', 'stressed', 'healthy', 'stressed', 'stressed', 'healthy', 'healthy', 'stressed', 'stressed', 'stressed', 'stressed', 'stressed', 'stressed', 'stressed', 'stressed', 'healthy', 'stressed', 'healthy', 'stressed', 'stressed', 'stressed', 'stressed', 'stressed', 'stressed', 'stressed', 'healthy', 'stressed', 'stressed', 'stressed', 'stressed', 'stressed', 'stressed', 'stressed', 'stressed', 'stressed', 'stressed', 'stressed', 'healthy', 'healthy', 'stressed', 'stressed', 'stressed', 'stressed', 'stressed', 'stressed', 'stressed', 'stressed', 'stressed', 'healthy', 'stressed', 'healthy', 'stressed', 'stressed', 'stressed', 'stressed', 'healthy', 'healthy', 'stressed', 'stressed', 'healthy', 'healthy', 'stressed', 'healthy', 'stressed', 'stressed', 'stressed', 'stressed', 'stressed', 'stressed', 'healthy', 'healthy', 'stressed', 'stressed', 'healthy', 'stressed', 'stressed', 'stressed', 'stressed', 'stressed', 'stressed', 'stressed', 'stressed', 'stressed', 'stressed', 'stressed', 'stressed', 'stressed', 'healthy', 'stressed', 'stressed', 'stressed', 'stressed', 'healthy', 'stressed', 'stressed', 'healthy', 'stressed', 'healthy', 'healthy', 'stressed', 'stressed', 'stressed', 'stressed', 'healthy', 'stressed', 'stressed', 'stressed', 'stressed', 'stressed', 'stressed', 'stressed', 'stressed', 'stressed', 'stressed', 'stressed', 'stressed', 'stressed', 'stressed', 'stressed', 'healthy', 'stressed', 'stressed', 'stressed', 'stressed', 'stressed', 'stressed', 'healthy', 'stressed', 'stressed', 'healthy', 'stressed', 'healthy', 'healthy', 'stressed', 'stressed', 'stressed', 'stressed', 'stressed', 'healthy', 'stressed', 'stressed', 'stressed', 'healthy', 'stressed', 'stressed', 'stressed', 'stressed', 'stressed', 'healthy', 'stressed', 'stressed', 'stressed', 'stressed', 'stressed', 'stressed', 'stressed', 'stressed', 'stressed', 'stressed', 'stressed', 'healthy', 'stressed', 'healthy', 'stressed', 'stressed', 'stressed', 'stressed', 'healthy', 'stressed', 'stressed', 'stressed', 'stressed', 'stressed', 'stressed', 'stressed', 'stressed', 'healthy', 'stressed', 'stressed', 'stressed', 'stressed', 'stressed', 'stressed', 'stressed', 'stressed', 'stressed', 'healthy', 'stressed', 'healthy', 'healthy', 'stressed', 'stressed', 'stressed', 'stressed', 'stressed', 'healthy', 'stressed', 'stressed', 'stressed', 'stressed', 'stressed', 'stressed', 'stressed', 'stressed', 'stressed', 'stressed', 'stressed', 'healthy', 'healthy', 'stressed', 'healthy', 'healthy', 'stressed', 'healthy', 'stressed', 'stressed', 'stressed', 'stressed', 'healthy', 'stressed', 'healthy', 'healthy', 'stressed', 'stressed', 'stressed', 'stressed', 'stressed', 'stressed', 'stressed', 'healthy', 'stressed', 'stressed', 'stressed', 'stressed', 'stressed', 'stressed', 'stressed', 'stressed', 'healthy', 'healthy', 'stressed', 'stressed', 'stressed', 'stressed', 'stressed', 'healthy', 'stressed', 'stressed', 'stressed', 'stressed', 'stressed', 'stressed', 'stressed', 'stressed', 'stressed', 'stressed', 'stressed', 'stressed', 'stressed', 'healthy', 'stressed', 'stressed', 'stressed', 'stressed', 'stressed', 'stressed', 'stressed', 'stressed', 'stressed', 'stressed', 'stressed', 'stressed', 'stressed', 'stressed', 'stressed', 'healthy', 'healthy', 'stressed', 'stressed', 'stressed', 'stressed', 'stressed', 'stressed', 'stressed', 'healthy', 'healthy', 'healthy', 'healthy', 'stressed', 'healthy', 'stressed', 'stressed', 'stressed', 'stressed', 'stressed', 'healthy', 'stressed', 'stressed', 'healthy', 'healthy', 'stressed', 'stressed', 'healthy', 'stressed', 'healthy', 'stressed', 'stressed', 'stressed', 'stressed', 'stressed', 'healthy', 'stressed', 'stressed', 'stressed', 'stressed', 'stressed', 'healthy', 'stressed', 'stressed', 'stressed', 'stressed', 'healthy', 'healthy', 'stressed', 'stressed', 'healthy', 'stressed', 'stressed', 'stressed', 'stressed', 'stressed', 'stressed', 'healthy', 'stressed', 'healthy', 'stressed', 'stressed', 'stressed', 'stressed', 'stressed', 'healthy', 'stressed', 'stressed', 'stressed', 'stressed', 'stressed', 'stressed', 'healthy', 'stressed', 'stressed', 'stressed', 'stressed', 'stressed', 'stressed', 'healthy', 'healthy', 'stressed', 'stressed', 'stressed', 'healthy', 'stressed', 'stressed', 'stressed', 'stressed', 'stressed', 'healthy', 'stressed', 'stressed', 'healthy', 'stressed', 'stressed', 'stressed', 'stressed', 'stressed', 'stressed', 'stressed', 'stressed', 'stressed', 'healthy', 'healthy', 'healthy', 'stressed', 'stressed', 'stressed', 'stressed', 'stressed', 'stressed', 'stressed', 'stressed', 'stressed', 'stressed', 'stressed', 'stressed', 'stressed', 'stressed', 'stressed', 'stressed', 'stressed', 'stressed', 'healthy', 'stressed', 'stressed', 'stressed', 'stressed', 'stressed', 'stressed', 'stressed', 'stressed', 'healthy', 'stressed', 'stressed', 'stressed', 'stressed', 'stressed', 'stressed', 'stressed', 'stressed', 'stressed', 'stressed', 'stressed', 'stressed', 'stressed', 'stressed', 'stressed', 'stressed', 'stressed', 'stressed', 'stressed', 'stressed', 'healthy', 'stressed', 'healthy', 'stressed', 'healthy', 'stressed', 'stressed', 'stressed', 'healthy', 'healthy', 'stressed', 'stressed', 'stressed', 'stressed', 'stressed', 'stressed', 'stressed', 'stressed', 'stressed', 'stressed', 'stressed', 'stressed', 'healthy', 'stressed', 'stressed', 'stressed', 'stressed', 'stressed', 'healthy', 'stressed', 'healthy', 'stressed', 'stressed', 'stressed', 'stressed', 'stressed', 'healthy', 'healthy', 'stressed', 'stressed', 'stressed', 'healthy', 'stressed', 'healthy', 'stressed', 'stressed', 'stressed', 'stressed', 'stressed', 'healthy', 'stressed', 'stressed', 'stressed', 'stressed', 'healthy', 'stressed', 'stressed', 'stressed', 'healthy', 'stressed', 'stressed', 'stressed', 'healthy', 'stressed', 'stressed', 'healthy', 'stressed', 'healthy', 'healthy', 'stressed', 'stressed', 'stressed', 'stressed', 'healthy', 'stressed', 'healthy', 'stressed', 'stressed', 'healthy', 'stressed', 'stressed', 'stressed', 'stressed', 'stressed', 'stressed', 'stressed', 'stressed', 'healthy', 'stressed', 'healthy', 'stressed', 'stressed', 'stressed', 'stressed', 'stressed', 'stressed', 'healthy', 'stressed', 'stressed', 'healthy', 'stressed', 'healthy', 'stressed', 'stressed', 'healthy', 'stressed', 'stressed', 'stressed', 'stressed', 'stressed', 'stressed', 'stressed', 'stressed', 'healthy', 'stressed', 'stressed', 'stressed', 'stressed', 'stressed', 'stressed', 'stressed', 'stressed', 'stressed', 'stressed', 'stressed', 'healthy', 'stressed', 'stressed', 'stressed', 'healthy', 'stressed', 'stressed', 'stressed', 'stressed', 'stressed', 'stressed', 'stressed', 'stressed', 'stressed', 'stressed', 'stressed', 'stressed', 'stressed', 'stressed', 'stressed', 'stressed', 'stressed', 'stressed', 'stressed', 'healthy', 'stressed', 'stressed', 'stressed', 'stressed', 'stressed', 'stressed', 'healthy', 'healthy', 'stressed', 'healthy', 'healthy', 'healthy', 'healthy', 'stressed', 'stressed', 'stressed', 'healthy', 'stressed', 'stressed', 'healthy']
['healthy', 'healthy', 'healthy', 'healthy', 'healthy', 'healthy', 'healthy', 'healthy', 'healthy', 'healthy', 'healthy', 'healthy', 'healthy', 'healthy', 'healthy', 'healthy', 'healthy', 'healthy', 'healthy', 'healthy', 'healthy', 'healthy', 'healthy', 'healthy', 'healthy', 'healthy', 'healthy', 'healthy', 'healthy', 'healthy', 'healthy', 'healthy', 'healthy', 'healthy', 'healthy', 'healthy', 'healthy', 'healthy', 'healthy', 'healthy', 'healthy', 'healthy', 'healthy', 'healthy', 'healthy', 'healthy', 'healthy', 'healthy', 'healthy', 'healthy', 'healthy', 'healthy', 'healthy', 'healthy', 'healthy', 'healthy', 'healthy', 'healthy', 'healthy', 'healthy', 'healthy', 'healthy', 'healthy', 'healthy', 'healthy', 'healthy', 'healthy', 'healthy', 'healthy', 'healthy', 'healthy', 'healthy', 'healthy', 'healthy', 'healthy', 'healthy', 'healthy', 'healthy', 'healthy', 'healthy', 'healthy', 'healthy', 'healthy', 'healthy', 'healthy', 'healthy', 'healthy', 'healthy', 'healthy', 'healthy', 'healthy', 'healthy', 'healthy', 'healthy', 'healthy', 'healthy', 'healthy', 'healthy', 'healthy', 'healthy', 'healthy', 'healthy', 'healthy', 'healthy', 'healthy', 'healthy', 'healthy', 'healthy', 'healthy', 'healthy', 'healthy', 'healthy', 'healthy', 'healthy', 'healthy', 'healthy', 'healthy', 'healthy', 'healthy', 'healthy', 'healthy', 'healthy', 'healthy', 'healthy', 'healthy', 'healthy', 'healthy', 'healthy', 'healthy', 'healthy', 'healthy', 'healthy', 'healthy', 'healthy', 'healthy', 'healthy', 'healthy', 'healthy', 'healthy', 'healthy', 'healthy', 'healthy', 'healthy', 'healthy', 'healthy', 'healthy', 'healthy', 'healthy', 'healthy', 'healthy', 'healthy', 'healthy', 'healthy', 'healthy', 'healthy', 'healthy', 'healthy', 'healthy', 'healthy', 'healthy', 'healthy', 'healthy', 'healthy', 'healthy', 'healthy', 'healthy', 'healthy', 'healthy', 'healthy', 'healthy', 'healthy', 'healthy', 'healthy', 'healthy', 'healthy', 'healthy', 'healthy', 'healthy', 'healthy', 'healthy', 'healthy', 'healthy', 'healthy', 'healthy', 'healthy', 'healthy', 'healthy', 'healthy', 'healthy', 'healthy', 'healthy', 'healthy', 'healthy', 'healthy', 'healthy', 'healthy', 'healthy', 'healthy', 'healthy', 'healthy', 'healthy', 'healthy', 'healthy', 'healthy', 'healthy', 'healthy', 'healthy', 'healthy', 'healthy', 'healthy', 'healthy', 'healthy', 'healthy', 'healthy', 'healthy', 'healthy', 'healthy', 'healthy', 'healthy', 'healthy', 'healthy', 'healthy', 'healthy', 'healthy', 'healthy', 'healthy', 'healthy', 'healthy', 'healthy', 'healthy', 'healthy', 'healthy', 'healthy', 'healthy', 'healthy', 'healthy', 'healthy', 'healthy', 'healthy', 'healthy', 'healthy', 'healthy', 'healthy', 'healthy', 'healthy', 'healthy', 'healthy', 'healthy', 'healthy', 'healthy', 'healthy', 'healthy', 'healthy', 'healthy', 'healthy', 'healthy', 'healthy', 'healthy', 'healthy', 'healthy', 'healthy', 'healthy', 'healthy', 'healthy', 'healthy', 'healthy', 'healthy', 'healthy', 'healthy', 'healthy', 'healthy', 'healthy', 'healthy', 'healthy', 'healthy', 'healthy', 'healthy', 'healthy', 'healthy', 'healthy', 'healthy', 'healthy', 'healthy', 'healthy', 'healthy', 'healthy', 'healthy', 'healthy', 'healthy', 'healthy', 'healthy', 'healthy', 'healthy', 'healthy', 'healthy', 'healthy', 'healthy', 'healthy', 'healthy', 'healthy', 'healthy', 'healthy', 'healthy', 'healthy', 'healthy', 'healthy', 'healthy', 'healthy', 'healthy', 'healthy', 'healthy', 'healthy', 'healthy', 'healthy', 'healthy', 'healthy', 'healthy', 'healthy', 'healthy', 'healthy', 'healthy', 'healthy', 'healthy', 'healthy', 'healthy', 'healthy', 'healthy', 'healthy', 'healthy', 'healthy', 'healthy', 'healthy', 'healthy', 'healthy', 'healthy', 'healthy', 'healthy', 'healthy', 'healthy', 'healthy', 'healthy', 'healthy', 'healthy', 'healthy', 'healthy', 'healthy', 'healthy', 'healthy', 'healthy', 'healthy', 'healthy', 'healthy', 'healthy', 'healthy', 'healthy', 'healthy', 'healthy', 'healthy', 'healthy', 'healthy', 'healthy', 'healthy', 'healthy', 'healthy', 'healthy', 'healthy', 'healthy', 'healthy', 'healthy', 'healthy', 'healthy', 'healthy', 'healthy', 'healthy', 'healthy', 'healthy', 'healthy', 'healthy', 'healthy', 'healthy', 'healthy', 'healthy', 'healthy', 'healthy', 'healthy', 'healthy', 'healthy', 'healthy', 'healthy', 'healthy', 'healthy', 'healthy', 'healthy', 'healthy', 'healthy', 'healthy', 'healthy', 'healthy', 'healthy', 'healthy', 'healthy', 'stressed', 'stressed', 'stressed', 'stressed', 'stressed', 'stressed', 'stressed', 'stressed', 'stressed', 'stressed', 'stressed', 'stressed', 'stressed', 'stressed', 'stressed', 'stressed', 'stressed', 'stressed', 'stressed', 'stressed', 'stressed', 'stressed', 'stressed', 'stressed', 'stressed', 'stressed', 'stressed', 'stressed', 'stressed', 'stressed', 'stressed', 'stressed', 'stressed', 'stressed', 'stressed', 'stressed', 'stressed', 'stressed', 'stressed', 'stressed', 'stressed', 'stressed', 'stressed', 'stressed', 'stressed', 'stressed', 'stressed', 'stressed', 'stressed', 'stressed', 'stressed', 'stressed', 'stressed', 'stressed', 'stressed', 'stressed', 'stressed', 'stressed', 'stressed', 'stressed', 'stressed', 'stressed', 'stressed', 'stressed', 'stressed', 'stressed', 'stressed', 'stressed', 'stressed', 'stressed', 'stressed', 'stressed', 'stressed', 'stressed', 'stressed', 'stressed', 'stressed', 'stressed', 'stressed', 'stressed', 'stressed', 'stressed', 'stressed', 'stressed', 'stressed', 'stressed', 'stressed', 'stressed', 'stressed', 'stressed', 'stressed', 'stressed', 'stressed', 'stressed', 'stressed', 'stressed', 'stressed', 'stressed', 'stressed', 'stressed', 'stressed', 'stressed', 'stressed', 'stressed', 'stressed', 'stressed', 'stressed', 'stressed', 'stressed', 'stressed', 'stressed', 'stressed', 'stressed', 'stressed', 'stressed', 'stressed', 'stressed', 'stressed', 'stressed', 'stressed', 'stressed', 'stressed', 'stressed', 'stressed', 'stressed', 'stressed', 'stressed', 'stressed', 'stressed', 'stressed', 'stressed', 'stressed', 'stressed', 'stressed', 'stressed', 'stressed', 'stressed', 'stressed', 'stressed', 'stressed', 'stressed', 'stressed', 'stressed', 'stressed', 'stressed', 'stressed', 'stressed', 'stressed', 'stressed', 'stressed', 'stressed', 'stressed', 'stressed', 'stressed', 'stressed', 'stressed', 'stressed', 'stressed', 'stressed', 'stressed', 'stressed', 'stressed', 'stressed', 'stressed', 'stressed', 'stressed', 'stressed', 'stressed', 'stressed', 'stressed', 'stressed', 'stressed', 'stressed', 'stressed', 'stressed', 'stressed', 'stressed', 'stressed', 'stressed', 'stressed', 'stressed', 'stressed', 'stressed', 'stressed', 'stressed', 'stressed', 'stressed', 'stressed', 'stressed', 'stressed', 'stressed', 'stressed', 'stressed', 'stressed', 'stressed', 'stressed', 'stressed', 'stressed', 'stressed', 'stressed', 'stressed', 'stressed', 'stressed', 'stressed', 'stressed', 'stressed', 'stressed', 'stressed', 'stressed', 'stressed', 'stressed', 'stressed', 'stressed', 'stressed', 'stressed', 'stressed', 'stressed', 'stressed', 'stressed', 'stressed', 'stressed', 'stressed', 'stressed', 'stressed', 'stressed', 'stressed', 'stressed', 'stressed', 'stressed', 'stressed', 'stressed', 'stressed', 'stressed', 'stressed', 'stressed', 'stressed', 'stressed', 'stressed', 'stressed', 'stressed', 'stressed', 'stressed', 'stressed', 'stressed', 'stressed', 'stressed', 'stressed', 'stressed', 'stressed', 'stressed', 'stressed', 'stressed', 'stressed', 'stressed', 'stressed', 'stressed', 'stressed', 'stressed', 'stressed', 'stressed', 'stressed', 'stressed', 'stressed', 'stressed', 'stressed', 'stressed', 'stressed', 'stressed', 'stressed', 'stressed', 'stressed', 'stressed', 'stressed', 'stressed', 'stressed', 'stressed', 'stressed', 'stressed', 'stressed', 'stressed', 'stressed', 'stressed', 'stressed', 'stressed', 'stressed', 'stressed', 'stressed', 'stressed', 'stressed', 'stressed', 'stressed', 'stressed', 'stressed', 'stressed', 'stressed', 'stressed', 'stressed', 'stressed', 'stressed', 'stressed', 'stressed', 'stressed', 'stressed', 'stressed', 'stressed', 'stressed', 'stressed', 'stressed', 'stressed', 'stressed', 'stressed', 'stressed', 'stressed', 'stressed', 'stressed', 'stressed', 'stressed', 'stressed', 'stressed', 'stressed', 'stressed', 'stressed', 'stressed', 'stressed', 'stressed', 'stressed', 'stressed', 'stressed', 'stressed', 'stressed', 'stressed', 'stressed', 'stressed', 'stressed', 'stressed', 'stressed', 'stressed', 'stressed', 'stressed', 'stressed', 'stressed', 'stressed', 'stressed', 'stressed', 'stressed', 'stressed', 'stressed', 'stressed', 'stressed', 'stressed', 'stressed', 'stressed', 'stressed', 'stressed', 'stressed', 'stressed', 'stressed', 'stressed', 'stressed', 'stressed', 'stressed', 'stressed', 'stressed', 'stressed', 'stressed', 'stressed', 'stressed', 'stressed', 'stressed', 'stressed', 'stressed', 'stressed', 'stressed', 'stressed', 'stressed', 'stressed', 'stressed', 'stressed', 'stressed', 'stressed', 'stressed', 'stressed', 'stressed', 'stressed', 'stressed', 'stressed', 'stressed', 'stressed', 'stressed', 'stressed', 'stressed', 'stressed', 'stressed', 'stressed', 'stressed', 'stressed', 'stressed', 'stressed', 'stressed', 'stressed', 'stressed', 'stressed', 'stressed', 'stressed', 'stressed', 'stressed', 'stressed', 'stressed', 'stressed', 'stressed', 'stressed', 'stressed', 'stressed', 'stressed', 'stressed', 'stressed', 'stressed', 'stressed', 'stressed', 'stressed', 'stressed', 'stressed', 'stressed', 'stressed', 'stressed', 'stressed', 'stressed', 'stressed', 'stressed', 'stressed', 'stressed', 'stressed', 'stressed', 'stressed', 'stressed', 'stressed', 'stressed', 'stressed', 'stressed', 'stressed', 'stressed', 'stressed', 'stressed', 'stressed', 'stressed', 'stressed', 'stressed', 'stressed', 'stressed', 'stressed', 'stressed', 'stressed', 'stressed', 'stressed', 'stressed', 'stressed', 'stressed', 'stressed', 'stressed', 'stressed', 'stressed', 'stressed', 'stressed', 'stressed', 'stressed', 'stressed', 'stressed', 'stressed', 'stressed', 'stressed', 'stressed', 'stressed', 'stressed', 'stressed', 'stressed', 'stressed', 'stressed', 'stressed', 'stressed', 'stressed', 'stressed', 'stressed', 'stressed', 'stressed', 'stressed', 'stressed', 'stressed', 'stressed', 'stressed', 'stressed', 'stressed', 'stressed', 'stressed', 'stressed', 'stressed', 'stressed', 'stressed', 'stressed', 'stressed', 'stressed', 'stressed', 'stressed', 'stressed', 'stressed', 'stressed', 'stressed', 'stressed', 'stressed', 'stressed', 'stressed', 'stressed', 'stressed', 'stressed', 'stressed', 'stressed', 'stressed', 'stressed', 'stressed', 'stressed', 'stressed', 'stressed', 'stressed', 'stressed', 'stressed', 'stressed', 'stressed', 'stressed', 'stressed', 'stressed', 'stressed', 'stressed', 'stressed', 'stressed', 'stressed', 'stressed', 'stressed', 'stressed', 'stressed', 'stressed', 'stressed', 'stressed', 'stressed', 'stressed', 'stressed', 'stressed', 'stressed', 'stressed', 'stressed', 'stressed', 'stressed', 'stressed', 'stressed', 'stressed', 'stressed', 'stressed', 'stressed', 'stressed', 'stressed', 'stressed', 'stressed', 'stressed', 'stressed', 'stressed', 'stressed', 'stressed', 'stressed', 'stressed', 'stressed', 'stressed', 'stressed', 'stressed', 'stressed', 'stressed', 'stressed', 'stressed', 'stressed', 'stressed', 'stressed', 'stressed', 'stressed', 'stressed', 'stressed', 'stressed', 'stressed', 'stressed', 'stressed', 'stressed', 'stressed', 'stressed', 'stressed', 'stressed', 'stressed', 'stressed', 'stressed', 'stressed', 'stressed', 'stressed', 'stressed', 'stressed', 'stressed', 'stressed', 'stressed', 'stressed', 'stressed', 'stressed', 'stressed', 'stressed', 'stressed', 'stressed', 'stressed', 'stressed', 'stressed', 'stressed', 'stressed', 'stressed', 'stressed', 'stressed', 'stressed', 'stressed', 'stressed', 'stressed', 'stressed', 'stressed', 'stressed', 'stressed', 'stressed', 'stressed', 'stressed', 'stressed', 'stressed', 'stressed', 'stressed', 'stressed', 'stressed', 'stressed', 'stressed', 'stressed', 'stressed', 'stressed', 'stressed', 'stressed', 'stressed', 'stressed', 'stressed', 'stressed', 'stressed', 'stressed', 'stressed', 'stressed', 'stressed', 'stressed', 'stressed', 'stressed', 'stressed', 'stressed', 'stressed', 'stressed', 'stressed', 'stressed', 'stressed', 'stressed', 'stressed', 'stressed', 'stressed', 'stressed', 'stressed', 'stressed', 'stressed', 'stressed', 'stressed', 'stressed', 'stressed', 'stressed', 'stressed', 'stressed', 'stressed', 'stressed', 'stressed', 'stressed', 'stressed', 'stressed', 'stressed', 'stressed', 'stressed', 'stressed', 'stressed', 'stressed', 'stressed', 'stressed', 'stressed', 'stressed', 'stressed', 'stressed', 'stressed', 'stressed', 'stressed', 'stressed', 'stressed', 'stressed', 'stressed', 'stressed', 'stressed', 'stressed', 'stressed', 'stressed', 'stressed', 'stressed', 'stressed', 'stressed', 'stressed', 'stressed', 'stressed', 'stressed', 'stressed', 'stressed', 'stressed', 'stressed', 'stressed', 'stressed', 'stressed', 'stressed', 'stressed', 'stressed', 'stressed', 'stressed', 'stressed', 'stressed', 'stressed', 'stressed', 'stressed', 'stressed', 'stressed', 'stressed', 'stressed']
Confusion Matrix (Xception):
[[263 138]
 [157 577]]

Classification Acc (Xception):
0.7400881057268722

Classification Report (Xception):
              precision    recall  f1-score   support

     healthy       0.63      0.66      0.64       401
    stressed       0.81      0.79      0.80       734

    accuracy                           0.74      1135
   macro avg       0.72      0.72      0.72      1135
weighted avg       0.74      0.74      0.74      1135

Val Loss:
[0.9737144708633423, 0.7103421688079834, 0.8850105404853821, 4.247393608093262, 0.9737406969070435, 0.799855649471283, 5.8550639152526855, 0.7446589469909668, 0.7499470114707947, 1.6117266416549683, 1.1248774528503418, 0.6928189992904663, 0.8866780996322632, 0.7872664928436279, 27.795207977294922, 0.6924993991851807, 6.048030376434326, 0.9479095935821533, 4.87594747543335, 0.8187262415885925, 0.6932871341705322, 0.9151467680931091, 4.200592517852783, 0.5202629566192627, 3.968604564666748, 13.326960563659668, 3.9191291332244873, 1.5842434167861938, 0.7078717350959778, 0.5032875537872314]

Training Loss:
[1.3327487707138062, 0.28138354420661926, 0.2001720666885376, 0.1744675487279892, 0.1602596789598465, 0.14787591993808746, 0.13751950860023499, 0.13006411492824554, 0.10800623893737793, 0.10607936233282089, 0.09533537179231644, 0.08407518267631531, 0.09001025557518005, 0.07686760276556015, 0.06811954826116562, 0.059967584908008575, 0.061457615345716476, 0.060852810740470886, 0.04657723009586334, 0.04417773708701134, 0.04121771454811096, 0.042647454887628555, 0.036945756524801254, 0.03241794556379318, 0.0323321707546711, 0.030389614403247833, 0.028598235920071602, 0.024665148928761482, 0.025686414912343025, 0.027689630165696144]
\Val Acc:
[0.40193885564804077, 0.5980611443519592, 0.40193885564804077, 0.40193885564804077, 0.40193885564804077, 0.2657220959663391, 0.41710165143013, 0.4121302366256714, 0.5821526050567627, 0.43549591302871704, 0.37211036682128906, 0.6010439991950989, 0.5471041798591614, 0.5980611443519592, 0.5316927433013916, 0.5980611443519592, 0.4297787845134735, 0.5669897794723511, 0.40218743681907654, 0.40541884303092957, 0.4369873106479645, 0.5980611443519592, 0.43649017810821533, 0.866766095161438, 0.40193885564804077, 0.41063883900642395, 0.4504101276397705, 0.6477752923965454, 0.57593834400177, 0.7429778575897217]
\Train Acc:
[0.8707432150840759, 0.9258638024330139, 0.9346259236335754, 0.9399701952934265, 0.9425801634788513, 0.9496023058891296, 0.9514665603637695, 0.9573079943656921, 0.9656972289085388, 0.9646407961845398, 0.970233678817749, 0.9735893607139587, 0.9724708199501038, 0.9757643342018127, 0.9819164872169495, 0.9834079146385193, 0.981357216835022, 0.9834079146385193, 0.987820029258728, 0.9876335859298706, 0.989995002746582, 0.9895600080490112, 0.989995002746582, 0.9925428628921509, 0.991797149181366, 0.9924807548522949, 0.9935992956161499, 0.9951528906822205, 0.9943450093269348, 0.9938478469848633]
