Found 16092 validated image filenames belonging to 2 classes.
Found 4023 validated image filenames belonging to 2 classes.
Found 1135 images belonging to 2 classes.
Model: "model"
__________________________________________________________________________________________________
 Layer (type)                   Output Shape         Param #     Connected to                     
==================================================================================================
 input_1 (InputLayer)           [(None, 224, 224, 3  0           []                               
                                )]                                                                
                                                                                                  
 stem_conv1 (Conv2D)            (None, 111, 111, 32  864         ['input_1[0][0]']                
                                )                                                                 
                                                                                                  
 stem_bn1 (BatchNormalization)  (None, 111, 111, 32  128         ['stem_conv1[0][0]']             
                                )                                                                 
                                                                                                  
 activation (Activation)        (None, 111, 111, 32  0           ['stem_bn1[0][0]']               
                                )                                                                 
                                                                                                  
 reduction_conv_1_stem_1 (Conv2  (None, 111, 111, 11  352        ['activation[0][0]']             
 D)                             )                                                                 
                                                                                                  
 reduction_bn_1_stem_1 (BatchNo  (None, 111, 111, 11  44         ['reduction_conv_1_stem_1[0][0]']
 rmalization)                   )                                                                 
                                                                                                  
 activation_1 (Activation)      (None, 111, 111, 11  0           ['reduction_bn_1_stem_1[0][0]']  
                                )                                                                 
                                                                                                  
 activation_3 (Activation)      (None, 111, 111, 32  0           ['stem_bn1[0][0]']               
                                )                                                                 
                                                                                                  
 separable_conv_1_pad_reduction  (None, 115, 115, 11  0          ['activation_1[0][0]']           
 _left1_stem_1 (ZeroPadding2D)  )                                                                 
                                                                                                  
 separable_conv_1_pad_reduction  (None, 117, 117, 32  0          ['activation_3[0][0]']           
 _right1_stem_1 (ZeroPadding2D)  )                                                                
                                                                                                  
 separable_conv_1_reduction_lef  (None, 56, 56, 11)  396         ['separable_conv_1_pad_reduction_
 t1_stem_1 (SeparableConv2D)                                     left1_stem_1[0][0]']             
                                                                                                  
 separable_conv_1_reduction_rig  (None, 56, 56, 11)  1920        ['separable_conv_1_pad_reduction_
 ht1_stem_1 (SeparableConv2D)                                    right1_stem_1[0][0]']            
                                                                                                  
 separable_conv_1_bn_reduction_  (None, 56, 56, 11)  44          ['separable_conv_1_reduction_left
 left1_stem_1 (BatchNormalizati                                  1_stem_1[0][0]']                 
 on)                                                                                              
                                                                                                  
 separable_conv_1_bn_reduction_  (None, 56, 56, 11)  44          ['separable_conv_1_reduction_righ
 right1_stem_1 (BatchNormalizat                                  t1_stem_1[0][0]']                
 ion)                                                                                             
                                                                                                  
 activation_2 (Activation)      (None, 56, 56, 11)   0           ['separable_conv_1_bn_reduction_l
                                                                 eft1_stem_1[0][0]']              
                                                                                                  
 activation_4 (Activation)      (None, 56, 56, 11)   0           ['separable_conv_1_bn_reduction_r
                                                                 ight1_stem_1[0][0]']             
                                                                                                  
 separable_conv_2_reduction_lef  (None, 56, 56, 11)  396         ['activation_2[0][0]']           
 t1_stem_1 (SeparableConv2D)                                                                      
                                                                                                  
 separable_conv_2_reduction_rig  (None, 56, 56, 11)  660         ['activation_4[0][0]']           
 ht1_stem_1 (SeparableConv2D)                                                                     
                                                                                                  
 activation_5 (Activation)      (None, 111, 111, 32  0           ['stem_bn1[0][0]']               
                                )                                                                 
                                                                                                  
 separable_conv_2_bn_reduction_  (None, 56, 56, 11)  44          ['separable_conv_2_reduction_left
 left1_stem_1 (BatchNormalizati                                  1_stem_1[0][0]']                 
 on)                                                                                              
                                                                                                  
 separable_conv_2_bn_reduction_  (None, 56, 56, 11)  44          ['separable_conv_2_reduction_righ
 right1_stem_1 (BatchNormalizat                                  t1_stem_1[0][0]']                
 ion)                                                                                             
                                                                                                  
 separable_conv_1_pad_reduction  (None, 117, 117, 32  0          ['activation_5[0][0]']           
 _right2_stem_1 (ZeroPadding2D)  )                                                                
                                                                                                  
 activation_7 (Activation)      (None, 111, 111, 32  0           ['stem_bn1[0][0]']               
                                )                                                                 
                                                                                                  
 reduction_add_1_stem_1 (Add)   (None, 56, 56, 11)   0           ['separable_conv_2_bn_reduction_l
                                                                 eft1_stem_1[0][0]',              
                                                                  'separable_conv_2_bn_reduction_r
                                                                 ight1_stem_1[0][0]']             
                                                                                                  
 separable_conv_1_reduction_rig  (None, 56, 56, 11)  1920        ['separable_conv_1_pad_reduction_
 ht2_stem_1 (SeparableConv2D)                                    right2_stem_1[0][0]']            
                                                                                                  
 separable_conv_1_pad_reduction  (None, 115, 115, 32  0          ['activation_7[0][0]']           
 _right3_stem_1 (ZeroPadding2D)  )                                                                
                                                                                                  
 activation_9 (Activation)      (None, 56, 56, 11)   0           ['reduction_add_1_stem_1[0][0]'] 
                                                                                                  
 separable_conv_1_bn_reduction_  (None, 56, 56, 11)  44          ['separable_conv_1_reduction_righ
 right2_stem_1 (BatchNormalizat                                  t2_stem_1[0][0]']                
 ion)                                                                                             
                                                                                                  
 separable_conv_1_reduction_rig  (None, 56, 56, 11)  1152        ['separable_conv_1_pad_reduction_
 ht3_stem_1 (SeparableConv2D)                                    right3_stem_1[0][0]']            
                                                                                                  
 separable_conv_1_reduction_lef  (None, 56, 56, 11)  220         ['activation_9[0][0]']           
 t4_stem_1 (SeparableConv2D)                                                                      
                                                                                                  
 activation_6 (Activation)      (None, 56, 56, 11)   0           ['separable_conv_1_bn_reduction_r
                                                                 ight2_stem_1[0][0]']             
                                                                                                  
 separable_conv_1_bn_reduction_  (None, 56, 56, 11)  44          ['separable_conv_1_reduction_righ
 right3_stem_1 (BatchNormalizat                                  t3_stem_1[0][0]']                
 ion)                                                                                             
                                                                                                  
 separable_conv_1_bn_reduction_  (None, 56, 56, 11)  44          ['separable_conv_1_reduction_left
 left4_stem_1 (BatchNormalizati                                  4_stem_1[0][0]']                 
 on)                                                                                              
                                                                                                  
 reduction_pad_1_stem_1 (ZeroPa  (None, 113, 113, 11  0          ['reduction_bn_1_stem_1[0][0]']  
 dding2D)                       )                                                                 
                                                                                                  
 separable_conv_2_reduction_rig  (None, 56, 56, 11)  660         ['activation_6[0][0]']           
 ht2_stem_1 (SeparableConv2D)                                                                     
                                                                                                  
 activation_8 (Activation)      (None, 56, 56, 11)   0           ['separable_conv_1_bn_reduction_r
                                                                 ight3_stem_1[0][0]']             
                                                                                                  
 activation_10 (Activation)     (None, 56, 56, 11)   0           ['separable_conv_1_bn_reduction_l
                                                                 eft4_stem_1[0][0]']              
                                                                                                  
 reduction_left2_stem_1 (MaxPoo  (None, 56, 56, 11)  0           ['reduction_pad_1_stem_1[0][0]'] 
 ling2D)                                                                                          
                                                                                                  
 separable_conv_2_bn_reduction_  (None, 56, 56, 11)  44          ['separable_conv_2_reduction_righ
 right2_stem_1 (BatchNormalizat                                  t2_stem_1[0][0]']                
 ion)                                                                                             
                                                                                                  
 separable_conv_2_reduction_rig  (None, 56, 56, 11)  396         ['activation_8[0][0]']           
 ht3_stem_1 (SeparableConv2D)                                                                     
                                                                                                  
 separable_conv_2_reduction_lef  (None, 56, 56, 11)  220         ['activation_10[0][0]']          
 t4_stem_1 (SeparableConv2D)                                                                      
                                                                                                  
 adjust_relu_1_stem_2 (Activati  (None, 111, 111, 32  0          ['stem_bn1[0][0]']               
 on)                            )                                                                 
                                                                                                  
 reduction_add_2_stem_1 (Add)   (None, 56, 56, 11)   0           ['reduction_left2_stem_1[0][0]', 
                                                                  'separable_conv_2_bn_reduction_r
                                                                 ight2_stem_1[0][0]']             
                                                                                                  
 reduction_left3_stem_1 (Averag  (None, 56, 56, 11)  0           ['reduction_pad_1_stem_1[0][0]'] 
 ePooling2D)                                                                                      
                                                                                                  
 separable_conv_2_bn_reduction_  (None, 56, 56, 11)  44          ['separable_conv_2_reduction_righ
 right3_stem_1 (BatchNormalizat                                  t3_stem_1[0][0]']                
 ion)                                                                                             
                                                                                                  
 reduction_left4_stem_1 (Averag  (None, 56, 56, 11)  0           ['reduction_add_1_stem_1[0][0]'] 
 ePooling2D)                                                                                      
                                                                                                  
 separable_conv_2_bn_reduction_  (None, 56, 56, 11)  44          ['separable_conv_2_reduction_left
 left4_stem_1 (BatchNormalizati                                  4_stem_1[0][0]']                 
 on)                                                                                              
                                                                                                  
 reduction_right5_stem_1 (MaxPo  (None, 56, 56, 11)  0           ['reduction_pad_1_stem_1[0][0]'] 
 oling2D)                                                                                         
                                                                                                  
 zero_padding2d (ZeroPadding2D)  (None, 112, 112, 32  0          ['adjust_relu_1_stem_2[0][0]']   
                                )                                                                 
                                                                                                  
 reduction_add3_stem_1 (Add)    (None, 56, 56, 11)   0           ['reduction_left3_stem_1[0][0]', 
                                                                  'separable_conv_2_bn_reduction_r
                                                                 ight3_stem_1[0][0]']             
                                                                                                  
 add (Add)                      (None, 56, 56, 11)   0           ['reduction_add_2_stem_1[0][0]', 
                                                                  'reduction_left4_stem_1[0][0]'] 
                                                                                                  
 reduction_add4_stem_1 (Add)    (None, 56, 56, 11)   0           ['separable_conv_2_bn_reduction_l
                                                                 eft4_stem_1[0][0]',              
                                                                  'reduction_right5_stem_1[0][0]']
                                                                                                  
 cropping2d (Cropping2D)        (None, 111, 111, 32  0           ['zero_padding2d[0][0]']         
                                )                                                                 
                                                                                                  
 reduction_concat_stem_1 (Conca  (None, 56, 56, 44)  0           ['reduction_add_2_stem_1[0][0]', 
 tenate)                                                          'reduction_add3_stem_1[0][0]',  
                                                                  'add[0][0]',                    
                                                                  'reduction_add4_stem_1[0][0]']  
                                                                                                  
 adjust_avg_pool_1_stem_2 (Aver  (None, 56, 56, 32)  0           ['adjust_relu_1_stem_2[0][0]']   
 agePooling2D)                                                                                    
                                                                                                  
 adjust_avg_pool_2_stem_2 (Aver  (None, 56, 56, 32)  0           ['cropping2d[0][0]']             
 agePooling2D)                                                                                    
                                                                                                  
 activation_11 (Activation)     (None, 56, 56, 44)   0           ['reduction_concat_stem_1[0][0]']
                                                                                                  
 adjust_conv_1_stem_2 (Conv2D)  (None, 56, 56, 11)   352         ['adjust_avg_pool_1_stem_2[0][0]'
                                                                 ]                                
                                                                                                  
 adjust_conv_2_stem_2 (Conv2D)  (None, 56, 56, 11)   352         ['adjust_avg_pool_2_stem_2[0][0]'
                                                                 ]                                
                                                                                                  
 reduction_conv_1_stem_2 (Conv2  (None, 56, 56, 22)  968         ['activation_11[0][0]']          
 D)                                                                                               
                                                                                                  
 concatenate (Concatenate)      (None, 56, 56, 22)   0           ['adjust_conv_1_stem_2[0][0]',   
                                                                  'adjust_conv_2_stem_2[0][0]']   
                                                                                                  
 reduction_bn_1_stem_2 (BatchNo  (None, 56, 56, 22)  88          ['reduction_conv_1_stem_2[0][0]']
 rmalization)                                                                                     
                                                                                                  
 adjust_bn_stem_2 (BatchNormali  (None, 56, 56, 22)  88          ['concatenate[0][0]']            
 zation)                                                                                          
                                                                                                  
 activation_12 (Activation)     (None, 56, 56, 22)   0           ['reduction_bn_1_stem_2[0][0]']  
                                                                                                  
 activation_14 (Activation)     (None, 56, 56, 22)   0           ['adjust_bn_stem_2[0][0]']       
                                                                                                  
 separable_conv_1_pad_reduction  (None, 59, 59, 22)  0           ['activation_12[0][0]']          
 _left1_stem_2 (ZeroPadding2D)                                                                    
                                                                                                  
 separable_conv_1_pad_reduction  (None, 61, 61, 22)  0           ['activation_14[0][0]']          
 _right1_stem_2 (ZeroPadding2D)                                                                   
                                                                                                  
 separable_conv_1_reduction_lef  (None, 28, 28, 22)  1034        ['separable_conv_1_pad_reduction_
 t1_stem_2 (SeparableConv2D)                                     left1_stem_2[0][0]']             
                                                                                                  
 separable_conv_1_reduction_rig  (None, 28, 28, 22)  1562        ['separable_conv_1_pad_reduction_
 ht1_stem_2 (SeparableConv2D)                                    right1_stem_2[0][0]']            
                                                                                                  
 separable_conv_1_bn_reduction_  (None, 28, 28, 22)  88          ['separable_conv_1_reduction_left
 left1_stem_2 (BatchNormalizati                                  1_stem_2[0][0]']                 
 on)                                                                                              
                                                                                                  
 separable_conv_1_bn_reduction_  (None, 28, 28, 22)  88          ['separable_conv_1_reduction_righ
 right1_stem_2 (BatchNormalizat                                  t1_stem_2[0][0]']                
 ion)                                                                                             
                                                                                                  
 activation_13 (Activation)     (None, 28, 28, 22)   0           ['separable_conv_1_bn_reduction_l
                                                                 eft1_stem_2[0][0]']              
                                                                                                  
 activation_15 (Activation)     (None, 28, 28, 22)   0           ['separable_conv_1_bn_reduction_r
                                                                 ight1_stem_2[0][0]']             
                                                                                                  
 separable_conv_2_reduction_lef  (None, 28, 28, 22)  1034        ['activation_13[0][0]']          
 t1_stem_2 (SeparableConv2D)                                                                      
                                                                                                  
 separable_conv_2_reduction_rig  (None, 28, 28, 22)  1562        ['activation_15[0][0]']          
 ht1_stem_2 (SeparableConv2D)                                                                     
                                                                                                  
 activation_16 (Activation)     (None, 56, 56, 22)   0           ['adjust_bn_stem_2[0][0]']       
                                                                                                  
 separable_conv_2_bn_reduction_  (None, 28, 28, 22)  88          ['separable_conv_2_reduction_left
 left1_stem_2 (BatchNormalizati                                  1_stem_2[0][0]']                 
 on)                                                                                              
                                                                                                  
 separable_conv_2_bn_reduction_  (None, 28, 28, 22)  88          ['separable_conv_2_reduction_righ
 right1_stem_2 (BatchNormalizat                                  t1_stem_2[0][0]']                
 ion)                                                                                             
                                                                                                  
 separable_conv_1_pad_reduction  (None, 61, 61, 22)  0           ['activation_16[0][0]']          
 _right2_stem_2 (ZeroPadding2D)                                                                   
                                                                                                  
 activation_18 (Activation)     (None, 56, 56, 22)   0           ['adjust_bn_stem_2[0][0]']       
                                                                                                  
 reduction_add_1_stem_2 (Add)   (None, 28, 28, 22)   0           ['separable_conv_2_bn_reduction_l
                                                                 eft1_stem_2[0][0]',              
                                                                  'separable_conv_2_bn_reduction_r
                                                                 ight1_stem_2[0][0]']             
                                                                                                  
 separable_conv_1_reduction_rig  (None, 28, 28, 22)  1562        ['separable_conv_1_pad_reduction_
 ht2_stem_2 (SeparableConv2D)                                    right2_stem_2[0][0]']            
                                                                                                  
 separable_conv_1_pad_reduction  (None, 59, 59, 22)  0           ['activation_18[0][0]']          
 _right3_stem_2 (ZeroPadding2D)                                                                   
                                                                                                  
 activation_20 (Activation)     (None, 28, 28, 22)   0           ['reduction_add_1_stem_2[0][0]'] 
                                                                                                  
 separable_conv_1_bn_reduction_  (None, 28, 28, 22)  88          ['separable_conv_1_reduction_righ
 right2_stem_2 (BatchNormalizat                                  t2_stem_2[0][0]']                
 ion)                                                                                             
                                                                                                  
 separable_conv_1_reduction_rig  (None, 28, 28, 22)  1034        ['separable_conv_1_pad_reduction_
 ht3_stem_2 (SeparableConv2D)                                    right3_stem_2[0][0]']            
                                                                                                  
 separable_conv_1_reduction_lef  (None, 28, 28, 22)  682         ['activation_20[0][0]']          
 t4_stem_2 (SeparableConv2D)                                                                      
                                                                                                  
 activation_17 (Activation)     (None, 28, 28, 22)   0           ['separable_conv_1_bn_reduction_r
                                                                 ight2_stem_2[0][0]']             
                                                                                                  
 separable_conv_1_bn_reduction_  (None, 28, 28, 22)  88          ['separable_conv_1_reduction_righ
 right3_stem_2 (BatchNormalizat                                  t3_stem_2[0][0]']                
 ion)                                                                                             
                                                                                                  
 separable_conv_1_bn_reduction_  (None, 28, 28, 22)  88          ['separable_conv_1_reduction_left
 left4_stem_2 (BatchNormalizati                                  4_stem_2[0][0]']                 
 on)                                                                                              
                                                                                                  
 reduction_pad_1_stem_2 (ZeroPa  (None, 57, 57, 22)  0           ['reduction_bn_1_stem_2[0][0]']  
 dding2D)                                                                                         
                                                                                                  
 separable_conv_2_reduction_rig  (None, 28, 28, 22)  1562        ['activation_17[0][0]']          
 ht2_stem_2 (SeparableConv2D)                                                                     
                                                                                                  
 activation_19 (Activation)     (None, 28, 28, 22)   0           ['separable_conv_1_bn_reduction_r
                                                                 ight3_stem_2[0][0]']             
                                                                                                  
 activation_21 (Activation)     (None, 28, 28, 22)   0           ['separable_conv_1_bn_reduction_l
                                                                 eft4_stem_2[0][0]']              
                                                                                                  
 reduction_left2_stem_2 (MaxPoo  (None, 28, 28, 22)  0           ['reduction_pad_1_stem_2[0][0]'] 
 ling2D)                                                                                          
                                                                                                  
 separable_conv_2_bn_reduction_  (None, 28, 28, 22)  88          ['separable_conv_2_reduction_righ
 right2_stem_2 (BatchNormalizat                                  t2_stem_2[0][0]']                
 ion)                                                                                             
                                                                                                  
 separable_conv_2_reduction_rig  (None, 28, 28, 22)  1034        ['activation_19[0][0]']          
 ht3_stem_2 (SeparableConv2D)                                                                     
                                                                                                  
 separable_conv_2_reduction_lef  (None, 28, 28, 22)  682         ['activation_21[0][0]']          
 t4_stem_2 (SeparableConv2D)                                                                      
                                                                                                  
 adjust_relu_1_0 (Activation)   (None, 56, 56, 44)   0           ['reduction_concat_stem_1[0][0]']
                                                                                                  
 reduction_add_2_stem_2 (Add)   (None, 28, 28, 22)   0           ['reduction_left2_stem_2[0][0]', 
                                                                  'separable_conv_2_bn_reduction_r
                                                                 ight2_stem_2[0][0]']             
                                                                                                  
 reduction_left3_stem_2 (Averag  (None, 28, 28, 22)  0           ['reduction_pad_1_stem_2[0][0]'] 
 ePooling2D)                                                                                      
                                                                                                  
 separable_conv_2_bn_reduction_  (None, 28, 28, 22)  88          ['separable_conv_2_reduction_righ
 right3_stem_2 (BatchNormalizat                                  t3_stem_2[0][0]']                
 ion)                                                                                             
                                                                                                  
 reduction_left4_stem_2 (Averag  (None, 28, 28, 22)  0           ['reduction_add_1_stem_2[0][0]'] 
 ePooling2D)                                                                                      
                                                                                                  
 separable_conv_2_bn_reduction_  (None, 28, 28, 22)  88          ['separable_conv_2_reduction_left
 left4_stem_2 (BatchNormalizati                                  4_stem_2[0][0]']                 
 on)                                                                                              
                                                                                                  
 reduction_right5_stem_2 (MaxPo  (None, 28, 28, 22)  0           ['reduction_pad_1_stem_2[0][0]'] 
 oling2D)                                                                                         
                                                                                                  
 zero_padding2d_1 (ZeroPadding2  (None, 57, 57, 44)  0           ['adjust_relu_1_0[0][0]']        
 D)                                                                                               
                                                                                                  
 reduction_add3_stem_2 (Add)    (None, 28, 28, 22)   0           ['reduction_left3_stem_2[0][0]', 
                                                                  'separable_conv_2_bn_reduction_r
                                                                 ight3_stem_2[0][0]']             
                                                                                                  
 add_1 (Add)                    (None, 28, 28, 22)   0           ['reduction_add_2_stem_2[0][0]', 
                                                                  'reduction_left4_stem_2[0][0]'] 
                                                                                                  
 reduction_add4_stem_2 (Add)    (None, 28, 28, 22)   0           ['separable_conv_2_bn_reduction_l
                                                                 eft4_stem_2[0][0]',              
                                                                  'reduction_right5_stem_2[0][0]']
                                                                                                  
 cropping2d_1 (Cropping2D)      (None, 56, 56, 44)   0           ['zero_padding2d_1[0][0]']       
                                                                                                  
 reduction_concat_stem_2 (Conca  (None, 28, 28, 88)  0           ['reduction_add_2_stem_2[0][0]', 
 tenate)                                                          'reduction_add3_stem_2[0][0]',  
                                                                  'add_1[0][0]',                  
                                                                  'reduction_add4_stem_2[0][0]']  
                                                                                                  
 adjust_avg_pool_1_0 (AveragePo  (None, 28, 28, 44)  0           ['adjust_relu_1_0[0][0]']        
 oling2D)                                                                                         
                                                                                                  
 adjust_avg_pool_2_0 (AveragePo  (None, 28, 28, 44)  0           ['cropping2d_1[0][0]']           
 oling2D)                                                                                         
                                                                                                  
 adjust_conv_1_0 (Conv2D)       (None, 28, 28, 22)   968         ['adjust_avg_pool_1_0[0][0]']    
                                                                                                  
 adjust_conv_2_0 (Conv2D)       (None, 28, 28, 22)   968         ['adjust_avg_pool_2_0[0][0]']    
                                                                                                  
 activation_22 (Activation)     (None, 28, 28, 88)   0           ['reduction_concat_stem_2[0][0]']
                                                                                                  
 concatenate_1 (Concatenate)    (None, 28, 28, 44)   0           ['adjust_conv_1_0[0][0]',        
                                                                  'adjust_conv_2_0[0][0]']        
                                                                                                  
 normal_conv_1_0 (Conv2D)       (None, 28, 28, 44)   3872        ['activation_22[0][0]']          
                                                                                                  
 adjust_bn_0 (BatchNormalizatio  (None, 28, 28, 44)  176         ['concatenate_1[0][0]']          
 n)                                                                                               
                                                                                                  
 normal_bn_1_0 (BatchNormalizat  (None, 28, 28, 44)  176         ['normal_conv_1_0[0][0]']        
 ion)                                                                                             
                                                                                                  
 activation_23 (Activation)     (None, 28, 28, 44)   0           ['normal_bn_1_0[0][0]']          
                                                                                                  
 activation_25 (Activation)     (None, 28, 28, 44)   0           ['adjust_bn_0[0][0]']            
                                                                                                  
 activation_27 (Activation)     (None, 28, 28, 44)   0           ['adjust_bn_0[0][0]']            
                                                                                                  
 activation_29 (Activation)     (None, 28, 28, 44)   0           ['adjust_bn_0[0][0]']            
                                                                                                  
 activation_31 (Activation)     (None, 28, 28, 44)   0           ['normal_bn_1_0[0][0]']          
                                                                                                  
 separable_conv_1_normal_left1_  (None, 28, 28, 44)  3036        ['activation_23[0][0]']          
 0 (SeparableConv2D)                                                                              
                                                                                                  
 separable_conv_1_normal_right1  (None, 28, 28, 44)  2332        ['activation_25[0][0]']          
 _0 (SeparableConv2D)                                                                             
                                                                                                  
 separable_conv_1_normal_left2_  (None, 28, 28, 44)  3036        ['activation_27[0][0]']          
 0 (SeparableConv2D)                                                                              
                                                                                                  
 separable_conv_1_normal_right2  (None, 28, 28, 44)  2332        ['activation_29[0][0]']          
 _0 (SeparableConv2D)                                                                             
                                                                                                  
 separable_conv_1_normal_left5_  (None, 28, 28, 44)  2332        ['activation_31[0][0]']          
 0 (SeparableConv2D)                                                                              
                                                                                                  
 separable_conv_1_bn_normal_lef  (None, 28, 28, 44)  176         ['separable_conv_1_normal_left1_0
 t1_0 (BatchNormalization)                                       [0][0]']                         
                                                                                                  
 separable_conv_1_bn_normal_rig  (None, 28, 28, 44)  176         ['separable_conv_1_normal_right1_
 ht1_0 (BatchNormalization)                                      0[0][0]']                        
                                                                                                  
 separable_conv_1_bn_normal_lef  (None, 28, 28, 44)  176         ['separable_conv_1_normal_left2_0
 t2_0 (BatchNormalization)                                       [0][0]']                         
                                                                                                  
 separable_conv_1_bn_normal_rig  (None, 28, 28, 44)  176         ['separable_conv_1_normal_right2_
 ht2_0 (BatchNormalization)                                      0[0][0]']                        
                                                                                                  
 separable_conv_1_bn_normal_lef  (None, 28, 28, 44)  176         ['separable_conv_1_normal_left5_0
 t5_0 (BatchNormalization)                                       [0][0]']                         
                                                                                                  
 activation_24 (Activation)     (None, 28, 28, 44)   0           ['separable_conv_1_bn_normal_left
                                                                 1_0[0][0]']                      
                                                                                                  
 activation_26 (Activation)     (None, 28, 28, 44)   0           ['separable_conv_1_bn_normal_righ
                                                                 t1_0[0][0]']                     
                                                                                                  
 activation_28 (Activation)     (None, 28, 28, 44)   0           ['separable_conv_1_bn_normal_left
                                                                 2_0[0][0]']                      
                                                                                                  
 activation_30 (Activation)     (None, 28, 28, 44)   0           ['separable_conv_1_bn_normal_righ
                                                                 t2_0[0][0]']                     
                                                                                                  
 activation_32 (Activation)     (None, 28, 28, 44)   0           ['separable_conv_1_bn_normal_left
                                                                 5_0[0][0]']                      
                                                                                                  
 separable_conv_2_normal_left1_  (None, 28, 28, 44)  3036        ['activation_24[0][0]']          
 0 (SeparableConv2D)                                                                              
                                                                                                  
 separable_conv_2_normal_right1  (None, 28, 28, 44)  2332        ['activation_26[0][0]']          
 _0 (SeparableConv2D)                                                                             
                                                                                                  
 separable_conv_2_normal_left2_  (None, 28, 28, 44)  3036        ['activation_28[0][0]']          
 0 (SeparableConv2D)                                                                              
                                                                                                  
 separable_conv_2_normal_right2  (None, 28, 28, 44)  2332        ['activation_30[0][0]']          
 _0 (SeparableConv2D)                                                                             
                                                                                                  
 separable_conv_2_normal_left5_  (None, 28, 28, 44)  2332        ['activation_32[0][0]']          
 0 (SeparableConv2D)                                                                              
                                                                                                  
 separable_conv_2_bn_normal_lef  (None, 28, 28, 44)  176         ['separable_conv_2_normal_left1_0
 t1_0 (BatchNormalization)                                       [0][0]']                         
                                                                                                  
 separable_conv_2_bn_normal_rig  (None, 28, 28, 44)  176         ['separable_conv_2_normal_right1_
 ht1_0 (BatchNormalization)                                      0[0][0]']                        
                                                                                                  
 separable_conv_2_bn_normal_lef  (None, 28, 28, 44)  176         ['separable_conv_2_normal_left2_0
 t2_0 (BatchNormalization)                                       [0][0]']                         
                                                                                                  
 separable_conv_2_bn_normal_rig  (None, 28, 28, 44)  176         ['separable_conv_2_normal_right2_
 ht2_0 (BatchNormalization)                                      0[0][0]']                        
                                                                                                  
 normal_left3_0 (AveragePooling  (None, 28, 28, 44)  0           ['normal_bn_1_0[0][0]']          
 2D)                                                                                              
                                                                                                  
 normal_left4_0 (AveragePooling  (None, 28, 28, 44)  0           ['adjust_bn_0[0][0]']            
 2D)                                                                                              
                                                                                                  
 normal_right4_0 (AveragePoolin  (None, 28, 28, 44)  0           ['adjust_bn_0[0][0]']            
 g2D)                                                                                             
                                                                                                  
 separable_conv_2_bn_normal_lef  (None, 28, 28, 44)  176         ['separable_conv_2_normal_left5_0
 t5_0 (BatchNormalization)                                       [0][0]']                         
                                                                                                  
 normal_add_1_0 (Add)           (None, 28, 28, 44)   0           ['separable_conv_2_bn_normal_left
                                                                 1_0[0][0]',                      
                                                                  'separable_conv_2_bn_normal_righ
                                                                 t1_0[0][0]']                     
                                                                                                  
 normal_add_2_0 (Add)           (None, 28, 28, 44)   0           ['separable_conv_2_bn_normal_left
                                                                 2_0[0][0]',                      
                                                                  'separable_conv_2_bn_normal_righ
                                                                 t2_0[0][0]']                     
                                                                                                  
 normal_add_3_0 (Add)           (None, 28, 28, 44)   0           ['normal_left3_0[0][0]',         
                                                                  'adjust_bn_0[0][0]']            
                                                                                                  
 normal_add_4_0 (Add)           (None, 28, 28, 44)   0           ['normal_left4_0[0][0]',         
                                                                  'normal_right4_0[0][0]']        
                                                                                                  
 normal_add_5_0 (Add)           (None, 28, 28, 44)   0           ['separable_conv_2_bn_normal_left
                                                                 5_0[0][0]',                      
                                                                  'normal_bn_1_0[0][0]']          
                                                                                                  
 normal_concat_0 (Concatenate)  (None, 28, 28, 264)  0           ['adjust_bn_0[0][0]',            
                                                                  'normal_add_1_0[0][0]',         
                                                                  'normal_add_2_0[0][0]',         
                                                                  'normal_add_3_0[0][0]',         
                                                                  'normal_add_4_0[0][0]',         
                                                                  'normal_add_5_0[0][0]']         
                                                                                                  
 activation_33 (Activation)     (None, 28, 28, 88)   0           ['reduction_concat_stem_2[0][0]']
                                                                                                  
 activation_34 (Activation)     (None, 28, 28, 264)  0           ['normal_concat_0[0][0]']        
                                                                                                  
 adjust_conv_projection_1 (Conv  (None, 28, 28, 44)  3872        ['activation_33[0][0]']          
 2D)                                                                                              
                                                                                                  
 normal_conv_1_1 (Conv2D)       (None, 28, 28, 44)   11616       ['activation_34[0][0]']          
                                                                                                  
 adjust_bn_1 (BatchNormalizatio  (None, 28, 28, 44)  176         ['adjust_conv_projection_1[0][0]'
 n)                                                              ]                                
                                                                                                  
 normal_bn_1_1 (BatchNormalizat  (None, 28, 28, 44)  176         ['normal_conv_1_1[0][0]']        
 ion)                                                                                             
                                                                                                  
 activation_35 (Activation)     (None, 28, 28, 44)   0           ['normal_bn_1_1[0][0]']          
                                                                                                  
 activation_37 (Activation)     (None, 28, 28, 44)   0           ['adjust_bn_1[0][0]']            
                                                                                                  
 activation_39 (Activation)     (None, 28, 28, 44)   0           ['adjust_bn_1[0][0]']            
                                                                                                  
 activation_41 (Activation)     (None, 28, 28, 44)   0           ['adjust_bn_1[0][0]']            
                                                                                                  
 activation_43 (Activation)     (None, 28, 28, 44)   0           ['normal_bn_1_1[0][0]']          
                                                                                                  
 separable_conv_1_normal_left1_  (None, 28, 28, 44)  3036        ['activation_35[0][0]']          
 1 (SeparableConv2D)                                                                              
                                                                                                  
 separable_conv_1_normal_right1  (None, 28, 28, 44)  2332        ['activation_37[0][0]']          
 _1 (SeparableConv2D)                                                                             
                                                                                                  
 separable_conv_1_normal_left2_  (None, 28, 28, 44)  3036        ['activation_39[0][0]']          
 1 (SeparableConv2D)                                                                              
                                                                                                  
 separable_conv_1_normal_right2  (None, 28, 28, 44)  2332        ['activation_41[0][0]']          
 _1 (SeparableConv2D)                                                                             
                                                                                                  
 separable_conv_1_normal_left5_  (None, 28, 28, 44)  2332        ['activation_43[0][0]']          
 1 (SeparableConv2D)                                                                              
                                                                                                  
 separable_conv_1_bn_normal_lef  (None, 28, 28, 44)  176         ['separable_conv_1_normal_left1_1
 t1_1 (BatchNormalization)                                       [0][0]']                         
                                                                                                  
 separable_conv_1_bn_normal_rig  (None, 28, 28, 44)  176         ['separable_conv_1_normal_right1_
 ht1_1 (BatchNormalization)                                      1[0][0]']                        
                                                                                                  
 separable_conv_1_bn_normal_lef  (None, 28, 28, 44)  176         ['separable_conv_1_normal_left2_1
 t2_1 (BatchNormalization)                                       [0][0]']                         
                                                                                                  
 separable_conv_1_bn_normal_rig  (None, 28, 28, 44)  176         ['separable_conv_1_normal_right2_
 ht2_1 (BatchNormalization)                                      1[0][0]']                        
                                                                                                  
 separable_conv_1_bn_normal_lef  (None, 28, 28, 44)  176         ['separable_conv_1_normal_left5_1
 t5_1 (BatchNormalization)                                       [0][0]']                         
                                                                                                  
 activation_36 (Activation)     (None, 28, 28, 44)   0           ['separable_conv_1_bn_normal_left
                                                                 1_1[0][0]']                      
                                                                                                  
 activation_38 (Activation)     (None, 28, 28, 44)   0           ['separable_conv_1_bn_normal_righ
                                                                 t1_1[0][0]']                     
                                                                                                  
 activation_40 (Activation)     (None, 28, 28, 44)   0           ['separable_conv_1_bn_normal_left
                                                                 2_1[0][0]']                      
                                                                                                  
 activation_42 (Activation)     (None, 28, 28, 44)   0           ['separable_conv_1_bn_normal_righ
                                                                 t2_1[0][0]']                     
                                                                                                  
 activation_44 (Activation)     (None, 28, 28, 44)   0           ['separable_conv_1_bn_normal_left
                                                                 5_1[0][0]']                      
                                                                                                  
 separable_conv_2_normal_left1_  (None, 28, 28, 44)  3036        ['activation_36[0][0]']          
 1 (SeparableConv2D)                                                                              
                                                                                                  
 separable_conv_2_normal_right1  (None, 28, 28, 44)  2332        ['activation_38[0][0]']          
 _1 (SeparableConv2D)                                                                             
                                                                                                  
 separable_conv_2_normal_left2_  (None, 28, 28, 44)  3036        ['activation_40[0][0]']          
 1 (SeparableConv2D)                                                                              
                                                                                                  
 separable_conv_2_normal_right2  (None, 28, 28, 44)  2332        ['activation_42[0][0]']          
 _1 (SeparableConv2D)                                                                             
                                                                                                  
 separable_conv_2_normal_left5_  (None, 28, 28, 44)  2332        ['activation_44[0][0]']          
 1 (SeparableConv2D)                                                                              
                                                                                                  
 separable_conv_2_bn_normal_lef  (None, 28, 28, 44)  176         ['separable_conv_2_normal_left1_1
 t1_1 (BatchNormalization)                                       [0][0]']                         
                                                                                                  
 separable_conv_2_bn_normal_rig  (None, 28, 28, 44)  176         ['separable_conv_2_normal_right1_
 ht1_1 (BatchNormalization)                                      1[0][0]']                        
                                                                                                  
 separable_conv_2_bn_normal_lef  (None, 28, 28, 44)  176         ['separable_conv_2_normal_left2_1
 t2_1 (BatchNormalization)                                       [0][0]']                         
                                                                                                  
 separable_conv_2_bn_normal_rig  (None, 28, 28, 44)  176         ['separable_conv_2_normal_right2_
 ht2_1 (BatchNormalization)                                      1[0][0]']                        
                                                                                                  
 normal_left3_1 (AveragePooling  (None, 28, 28, 44)  0           ['normal_bn_1_1[0][0]']          
 2D)                                                                                              
                                                                                                  
 normal_left4_1 (AveragePooling  (None, 28, 28, 44)  0           ['adjust_bn_1[0][0]']            
 2D)                                                                                              
                                                                                                  
 normal_right4_1 (AveragePoolin  (None, 28, 28, 44)  0           ['adjust_bn_1[0][0]']            
 g2D)                                                                                             
                                                                                                  
 separable_conv_2_bn_normal_lef  (None, 28, 28, 44)  176         ['separable_conv_2_normal_left5_1
 t5_1 (BatchNormalization)                                       [0][0]']                         
                                                                                                  
 normal_add_1_1 (Add)           (None, 28, 28, 44)   0           ['separable_conv_2_bn_normal_left
                                                                 1_1[0][0]',                      
                                                                  'separable_conv_2_bn_normal_righ
                                                                 t1_1[0][0]']                     
                                                                                                  
 normal_add_2_1 (Add)           (None, 28, 28, 44)   0           ['separable_conv_2_bn_normal_left
                                                                 2_1[0][0]',                      
                                                                  'separable_conv_2_bn_normal_righ
                                                                 t2_1[0][0]']                     
                                                                                                  
 normal_add_3_1 (Add)           (None, 28, 28, 44)   0           ['normal_left3_1[0][0]',         
                                                                  'adjust_bn_1[0][0]']            
                                                                                                  
 normal_add_4_1 (Add)           (None, 28, 28, 44)   0           ['normal_left4_1[0][0]',         
                                                                  'normal_right4_1[0][0]']        
                                                                                                  
 normal_add_5_1 (Add)           (None, 28, 28, 44)   0           ['separable_conv_2_bn_normal_left
                                                                 5_1[0][0]',                      
                                                                  'normal_bn_1_1[0][0]']          
                                                                                                  
 normal_concat_1 (Concatenate)  (None, 28, 28, 264)  0           ['adjust_bn_1[0][0]',            
                                                                  'normal_add_1_1[0][0]',         
                                                                  'normal_add_2_1[0][0]',         
                                                                  'normal_add_3_1[0][0]',         
                                                                  'normal_add_4_1[0][0]',         
                                                                  'normal_add_5_1[0][0]']         
                                                                                                  
 activation_45 (Activation)     (None, 28, 28, 264)  0           ['normal_concat_0[0][0]']        
                                                                                                  
 activation_46 (Activation)     (None, 28, 28, 264)  0           ['normal_concat_1[0][0]']        
                                                                                                  
 adjust_conv_projection_2 (Conv  (None, 28, 28, 44)  11616       ['activation_45[0][0]']          
 2D)                                                                                              
                                                                                                  
 normal_conv_1_2 (Conv2D)       (None, 28, 28, 44)   11616       ['activation_46[0][0]']          
                                                                                                  
 adjust_bn_2 (BatchNormalizatio  (None, 28, 28, 44)  176         ['adjust_conv_projection_2[0][0]'
 n)                                                              ]                                
                                                                                                  
 normal_bn_1_2 (BatchNormalizat  (None, 28, 28, 44)  176         ['normal_conv_1_2[0][0]']        
 ion)                                                                                             
                                                                                                  
 activation_47 (Activation)     (None, 28, 28, 44)   0           ['normal_bn_1_2[0][0]']          
                                                                                                  
 activation_49 (Activation)     (None, 28, 28, 44)   0           ['adjust_bn_2[0][0]']            
                                                                                                  
 activation_51 (Activation)     (None, 28, 28, 44)   0           ['adjust_bn_2[0][0]']            
                                                                                                  
 activation_53 (Activation)     (None, 28, 28, 44)   0           ['adjust_bn_2[0][0]']            
                                                                                                  
 activation_55 (Activation)     (None, 28, 28, 44)   0           ['normal_bn_1_2[0][0]']          
                                                                                                  
 separable_conv_1_normal_left1_  (None, 28, 28, 44)  3036        ['activation_47[0][0]']          
 2 (SeparableConv2D)                                                                              
                                                                                                  
 separable_conv_1_normal_right1  (None, 28, 28, 44)  2332        ['activation_49[0][0]']          
 _2 (SeparableConv2D)                                                                             
                                                                                                  
 separable_conv_1_normal_left2_  (None, 28, 28, 44)  3036        ['activation_51[0][0]']          
 2 (SeparableConv2D)                                                                              
                                                                                                  
 separable_conv_1_normal_right2  (None, 28, 28, 44)  2332        ['activation_53[0][0]']          
 _2 (SeparableConv2D)                                                                             
                                                                                                  
 separable_conv_1_normal_left5_  (None, 28, 28, 44)  2332        ['activation_55[0][0]']          
 2 (SeparableConv2D)                                                                              
                                                                                                  
 separable_conv_1_bn_normal_lef  (None, 28, 28, 44)  176         ['separable_conv_1_normal_left1_2
 t1_2 (BatchNormalization)                                       [0][0]']                         
                                                                                                  
 separable_conv_1_bn_normal_rig  (None, 28, 28, 44)  176         ['separable_conv_1_normal_right1_
 ht1_2 (BatchNormalization)                                      2[0][0]']                        
                                                                                                  
 separable_conv_1_bn_normal_lef  (None, 28, 28, 44)  176         ['separable_conv_1_normal_left2_2
 t2_2 (BatchNormalization)                                       [0][0]']                         
                                                                                                  
 separable_conv_1_bn_normal_rig  (None, 28, 28, 44)  176         ['separable_conv_1_normal_right2_
 ht2_2 (BatchNormalization)                                      2[0][0]']                        
                                                                                                  
 separable_conv_1_bn_normal_lef  (None, 28, 28, 44)  176         ['separable_conv_1_normal_left5_2
 t5_2 (BatchNormalization)                                       [0][0]']                         
                                                                                                  
 activation_48 (Activation)     (None, 28, 28, 44)   0           ['separable_conv_1_bn_normal_left
                                                                 1_2[0][0]']                      
                                                                                                  
 activation_50 (Activation)     (None, 28, 28, 44)   0           ['separable_conv_1_bn_normal_righ
                                                                 t1_2[0][0]']                     
                                                                                                  
 activation_52 (Activation)     (None, 28, 28, 44)   0           ['separable_conv_1_bn_normal_left
                                                                 2_2[0][0]']                      
                                                                                                  
 activation_54 (Activation)     (None, 28, 28, 44)   0           ['separable_conv_1_bn_normal_righ
                                                                 t2_2[0][0]']                     
                                                                                                  
 activation_56 (Activation)     (None, 28, 28, 44)   0           ['separable_conv_1_bn_normal_left
                                                                 5_2[0][0]']                      
                                                                                                  
 separable_conv_2_normal_left1_  (None, 28, 28, 44)  3036        ['activation_48[0][0]']          
 2 (SeparableConv2D)                                                                              
                                                                                                  
 separable_conv_2_normal_right1  (None, 28, 28, 44)  2332        ['activation_50[0][0]']          
 _2 (SeparableConv2D)                                                                             
                                                                                                  
 separable_conv_2_normal_left2_  (None, 28, 28, 44)  3036        ['activation_52[0][0]']          
 2 (SeparableConv2D)                                                                              
                                                                                                  
 separable_conv_2_normal_right2  (None, 28, 28, 44)  2332        ['activation_54[0][0]']          
 _2 (SeparableConv2D)                                                                             
                                                                                                  
 separable_conv_2_normal_left5_  (None, 28, 28, 44)  2332        ['activation_56[0][0]']          
 2 (SeparableConv2D)                                                                              
                                                                                                  
 separable_conv_2_bn_normal_lef  (None, 28, 28, 44)  176         ['separable_conv_2_normal_left1_2
 t1_2 (BatchNormalization)                                       [0][0]']                         
                                                                                                  
 separable_conv_2_bn_normal_rig  (None, 28, 28, 44)  176         ['separable_conv_2_normal_right1_
 ht1_2 (BatchNormalization)                                      2[0][0]']                        
                                                                                                  
 separable_conv_2_bn_normal_lef  (None, 28, 28, 44)  176         ['separable_conv_2_normal_left2_2
 t2_2 (BatchNormalization)                                       [0][0]']                         
                                                                                                  
 separable_conv_2_bn_normal_rig  (None, 28, 28, 44)  176         ['separable_conv_2_normal_right2_
 ht2_2 (BatchNormalization)                                      2[0][0]']                        
                                                                                                  
 normal_left3_2 (AveragePooling  (None, 28, 28, 44)  0           ['normal_bn_1_2[0][0]']          
 2D)                                                                                              
                                                                                                  
 normal_left4_2 (AveragePooling  (None, 28, 28, 44)  0           ['adjust_bn_2[0][0]']            
 2D)                                                                                              
                                                                                                  
 normal_right4_2 (AveragePoolin  (None, 28, 28, 44)  0           ['adjust_bn_2[0][0]']            
 g2D)                                                                                             
                                                                                                  
 separable_conv_2_bn_normal_lef  (None, 28, 28, 44)  176         ['separable_conv_2_normal_left5_2
 t5_2 (BatchNormalization)                                       [0][0]']                         
                                                                                                  
 normal_add_1_2 (Add)           (None, 28, 28, 44)   0           ['separable_conv_2_bn_normal_left
                                                                 1_2[0][0]',                      
                                                                  'separable_conv_2_bn_normal_righ
                                                                 t1_2[0][0]']                     
                                                                                                  
 normal_add_2_2 (Add)           (None, 28, 28, 44)   0           ['separable_conv_2_bn_normal_left
                                                                 2_2[0][0]',                      
                                                                  'separable_conv_2_bn_normal_righ
                                                                 t2_2[0][0]']                     
                                                                                                  
 normal_add_3_2 (Add)           (None, 28, 28, 44)   0           ['normal_left3_2[0][0]',         
                                                                  'adjust_bn_2[0][0]']            
                                                                                                  
 normal_add_4_2 (Add)           (None, 28, 28, 44)   0           ['normal_left4_2[0][0]',         
                                                                  'normal_right4_2[0][0]']        
                                                                                                  
 normal_add_5_2 (Add)           (None, 28, 28, 44)   0           ['separable_conv_2_bn_normal_left
                                                                 5_2[0][0]',                      
                                                                  'normal_bn_1_2[0][0]']          
                                                                                                  
 normal_concat_2 (Concatenate)  (None, 28, 28, 264)  0           ['adjust_bn_2[0][0]',            
                                                                  'normal_add_1_2[0][0]',         
                                                                  'normal_add_2_2[0][0]',         
                                                                  'normal_add_3_2[0][0]',         
                                                                  'normal_add_4_2[0][0]',         
                                                                  'normal_add_5_2[0][0]']         
                                                                                                  
 activation_57 (Activation)     (None, 28, 28, 264)  0           ['normal_concat_1[0][0]']        
                                                                                                  
 activation_58 (Activation)     (None, 28, 28, 264)  0           ['normal_concat_2[0][0]']        
                                                                                                  
 adjust_conv_projection_3 (Conv  (None, 28, 28, 44)  11616       ['activation_57[0][0]']          
 2D)                                                                                              
                                                                                                  
 normal_conv_1_3 (Conv2D)       (None, 28, 28, 44)   11616       ['activation_58[0][0]']          
                                                                                                  
 adjust_bn_3 (BatchNormalizatio  (None, 28, 28, 44)  176         ['adjust_conv_projection_3[0][0]'
 n)                                                              ]                                
                                                                                                  
 normal_bn_1_3 (BatchNormalizat  (None, 28, 28, 44)  176         ['normal_conv_1_3[0][0]']        
 ion)                                                                                             
                                                                                                  
 activation_59 (Activation)     (None, 28, 28, 44)   0           ['normal_bn_1_3[0][0]']          
                                                                                                  
 activation_61 (Activation)     (None, 28, 28, 44)   0           ['adjust_bn_3[0][0]']            
                                                                                                  
 activation_63 (Activation)     (None, 28, 28, 44)   0           ['adjust_bn_3[0][0]']            
                                                                                                  
 activation_65 (Activation)     (None, 28, 28, 44)   0           ['adjust_bn_3[0][0]']            
                                                                                                  
 activation_67 (Activation)     (None, 28, 28, 44)   0           ['normal_bn_1_3[0][0]']          
                                                                                                  
 separable_conv_1_normal_left1_  (None, 28, 28, 44)  3036        ['activation_59[0][0]']          
 3 (SeparableConv2D)                                                                              
                                                                                                  
 separable_conv_1_normal_right1  (None, 28, 28, 44)  2332        ['activation_61[0][0]']          
 _3 (SeparableConv2D)                                                                             
                                                                                                  
 separable_conv_1_normal_left2_  (None, 28, 28, 44)  3036        ['activation_63[0][0]']          
 3 (SeparableConv2D)                                                                              
                                                                                                  
 separable_conv_1_normal_right2  (None, 28, 28, 44)  2332        ['activation_65[0][0]']          
 _3 (SeparableConv2D)                                                                             
                                                                                                  
 separable_conv_1_normal_left5_  (None, 28, 28, 44)  2332        ['activation_67[0][0]']          
 3 (SeparableConv2D)                                                                              
                                                                                                  
 separable_conv_1_bn_normal_lef  (None, 28, 28, 44)  176         ['separable_conv_1_normal_left1_3
 t1_3 (BatchNormalization)                                       [0][0]']                         
                                                                                                  
 separable_conv_1_bn_normal_rig  (None, 28, 28, 44)  176         ['separable_conv_1_normal_right1_
 ht1_3 (BatchNormalization)                                      3[0][0]']                        
                                                                                                  
 separable_conv_1_bn_normal_lef  (None, 28, 28, 44)  176         ['separable_conv_1_normal_left2_3
 t2_3 (BatchNormalization)                                       [0][0]']                         
                                                                                                  
 separable_conv_1_bn_normal_rig  (None, 28, 28, 44)  176         ['separable_conv_1_normal_right2_
 ht2_3 (BatchNormalization)                                      3[0][0]']                        
                                                                                                  
 separable_conv_1_bn_normal_lef  (None, 28, 28, 44)  176         ['separable_conv_1_normal_left5_3
 t5_3 (BatchNormalization)                                       [0][0]']                         
                                                                                                  
 activation_60 (Activation)     (None, 28, 28, 44)   0           ['separable_conv_1_bn_normal_left
                                                                 1_3[0][0]']                      
                                                                                                  
 activation_62 (Activation)     (None, 28, 28, 44)   0           ['separable_conv_1_bn_normal_righ
                                                                 t1_3[0][0]']                     
                                                                                                  
 activation_64 (Activation)     (None, 28, 28, 44)   0           ['separable_conv_1_bn_normal_left
                                                                 2_3[0][0]']                      
                                                                                                  
 activation_66 (Activation)     (None, 28, 28, 44)   0           ['separable_conv_1_bn_normal_righ
                                                                 t2_3[0][0]']                     
                                                                                                  
 activation_68 (Activation)     (None, 28, 28, 44)   0           ['separable_conv_1_bn_normal_left
                                                                 5_3[0][0]']                      
                                                                                                  
 separable_conv_2_normal_left1_  (None, 28, 28, 44)  3036        ['activation_60[0][0]']          
 3 (SeparableConv2D)                                                                              
                                                                                                  
 separable_conv_2_normal_right1  (None, 28, 28, 44)  2332        ['activation_62[0][0]']          
 _3 (SeparableConv2D)                                                                             
                                                                                                  
 separable_conv_2_normal_left2_  (None, 28, 28, 44)  3036        ['activation_64[0][0]']          
 3 (SeparableConv2D)                                                                              
                                                                                                  
 separable_conv_2_normal_right2  (None, 28, 28, 44)  2332        ['activation_66[0][0]']          
 _3 (SeparableConv2D)                                                                             
                                                                                                  
 separable_conv_2_normal_left5_  (None, 28, 28, 44)  2332        ['activation_68[0][0]']          
 3 (SeparableConv2D)                                                                              
                                                                                                  
 separable_conv_2_bn_normal_lef  (None, 28, 28, 44)  176         ['separable_conv_2_normal_left1_3
 t1_3 (BatchNormalization)                                       [0][0]']                         
                                                                                                  
 separable_conv_2_bn_normal_rig  (None, 28, 28, 44)  176         ['separable_conv_2_normal_right1_
 ht1_3 (BatchNormalization)                                      3[0][0]']                        
                                                                                                  
 separable_conv_2_bn_normal_lef  (None, 28, 28, 44)  176         ['separable_conv_2_normal_left2_3
 t2_3 (BatchNormalization)                                       [0][0]']                         
                                                                                                  
 separable_conv_2_bn_normal_rig  (None, 28, 28, 44)  176         ['separable_conv_2_normal_right2_
 ht2_3 (BatchNormalization)                                      3[0][0]']                        
                                                                                                  
 normal_left3_3 (AveragePooling  (None, 28, 28, 44)  0           ['normal_bn_1_3[0][0]']          
 2D)                                                                                              
                                                                                                  
 normal_left4_3 (AveragePooling  (None, 28, 28, 44)  0           ['adjust_bn_3[0][0]']            
 2D)                                                                                              
                                                                                                  
 normal_right4_3 (AveragePoolin  (None, 28, 28, 44)  0           ['adjust_bn_3[0][0]']            
 g2D)                                                                                             
                                                                                                  
 separable_conv_2_bn_normal_lef  (None, 28, 28, 44)  176         ['separable_conv_2_normal_left5_3
 t5_3 (BatchNormalization)                                       [0][0]']                         
                                                                                                  
 normal_add_1_3 (Add)           (None, 28, 28, 44)   0           ['separable_conv_2_bn_normal_left
                                                                 1_3[0][0]',                      
                                                                  'separable_conv_2_bn_normal_righ
                                                                 t1_3[0][0]']                     
                                                                                                  
 normal_add_2_3 (Add)           (None, 28, 28, 44)   0           ['separable_conv_2_bn_normal_left
                                                                 2_3[0][0]',                      
                                                                  'separable_conv_2_bn_normal_righ
                                                                 t2_3[0][0]']                     
                                                                                                  
 normal_add_3_3 (Add)           (None, 28, 28, 44)   0           ['normal_left3_3[0][0]',         
                                                                  'adjust_bn_3[0][0]']            
                                                                                                  
 normal_add_4_3 (Add)           (None, 28, 28, 44)   0           ['normal_left4_3[0][0]',         
                                                                  'normal_right4_3[0][0]']        
                                                                                                  
 normal_add_5_3 (Add)           (None, 28, 28, 44)   0           ['separable_conv_2_bn_normal_left
                                                                 5_3[0][0]',                      
                                                                  'normal_bn_1_3[0][0]']          
                                                                                                  
 normal_concat_3 (Concatenate)  (None, 28, 28, 264)  0           ['adjust_bn_3[0][0]',            
                                                                  'normal_add_1_3[0][0]',         
                                                                  'normal_add_2_3[0][0]',         
                                                                  'normal_add_3_3[0][0]',         
                                                                  'normal_add_4_3[0][0]',         
                                                                  'normal_add_5_3[0][0]']         
                                                                                                  
 activation_70 (Activation)     (None, 28, 28, 264)  0           ['normal_concat_3[0][0]']        
                                                                                                  
 activation_69 (Activation)     (None, 28, 28, 264)  0           ['normal_concat_2[0][0]']        
                                                                                                  
 reduction_conv_1_reduce_4 (Con  (None, 28, 28, 88)  23232       ['activation_70[0][0]']          
 v2D)                                                                                             
                                                                                                  
 adjust_conv_projection_reduce_  (None, 28, 28, 88)  23232       ['activation_69[0][0]']          
 4 (Conv2D)                                                                                       
                                                                                                  
 reduction_bn_1_reduce_4 (Batch  (None, 28, 28, 88)  352         ['reduction_conv_1_reduce_4[0][0]
 Normalization)                                                  ']                               
                                                                                                  
 adjust_bn_reduce_4 (BatchNorma  (None, 28, 28, 88)  352         ['adjust_conv_projection_reduce_4
 lization)                                                       [0][0]']                         
                                                                                                  
 activation_71 (Activation)     (None, 28, 28, 88)   0           ['reduction_bn_1_reduce_4[0][0]']
                                                                                                  
 activation_73 (Activation)     (None, 28, 28, 88)   0           ['adjust_bn_reduce_4[0][0]']     
                                                                                                  
 separable_conv_1_pad_reduction  (None, 31, 31, 88)  0           ['activation_71[0][0]']          
 _left1_reduce_4 (ZeroPadding2D                                                                   
 )                                                                                                
                                                                                                  
 separable_conv_1_pad_reduction  (None, 33, 33, 88)  0           ['activation_73[0][0]']          
 _right1_reduce_4 (ZeroPadding2                                                                   
 D)                                                                                               
                                                                                                  
 separable_conv_1_reduction_lef  (None, 14, 14, 88)  9944        ['separable_conv_1_pad_reduction_
 t1_reduce_4 (SeparableConv2D)                                   left1_reduce_4[0][0]']           
                                                                                                  
 separable_conv_1_reduction_rig  (None, 14, 14, 88)  12056       ['separable_conv_1_pad_reduction_
 ht1_reduce_4 (SeparableConv2D)                                  right1_reduce_4[0][0]']          
                                                                                                  
 separable_conv_1_bn_reduction_  (None, 14, 14, 88)  352         ['separable_conv_1_reduction_left
 left1_reduce_4 (BatchNormaliza                                  1_reduce_4[0][0]']               
 tion)                                                                                            
                                                                                                  
 separable_conv_1_bn_reduction_  (None, 14, 14, 88)  352         ['separable_conv_1_reduction_righ
 right1_reduce_4 (BatchNormaliz                                  t1_reduce_4[0][0]']              
 ation)                                                                                           
                                                                                                  
 activation_72 (Activation)     (None, 14, 14, 88)   0           ['separable_conv_1_bn_reduction_l
                                                                 eft1_reduce_4[0][0]']            
                                                                                                  
 activation_74 (Activation)     (None, 14, 14, 88)   0           ['separable_conv_1_bn_reduction_r
                                                                 ight1_reduce_4[0][0]']           
                                                                                                  
 separable_conv_2_reduction_lef  (None, 14, 14, 88)  9944        ['activation_72[0][0]']          
 t1_reduce_4 (SeparableConv2D)                                                                    
                                                                                                  
 separable_conv_2_reduction_rig  (None, 14, 14, 88)  12056       ['activation_74[0][0]']          
 ht1_reduce_4 (SeparableConv2D)                                                                   
                                                                                                  
 activation_75 (Activation)     (None, 28, 28, 88)   0           ['adjust_bn_reduce_4[0][0]']     
                                                                                                  
 separable_conv_2_bn_reduction_  (None, 14, 14, 88)  352         ['separable_conv_2_reduction_left
 left1_reduce_4 (BatchNormaliza                                  1_reduce_4[0][0]']               
 tion)                                                                                            
                                                                                                  
 separable_conv_2_bn_reduction_  (None, 14, 14, 88)  352         ['separable_conv_2_reduction_righ
 right1_reduce_4 (BatchNormaliz                                  t1_reduce_4[0][0]']              
 ation)                                                                                           
                                                                                                  
 separable_conv_1_pad_reduction  (None, 33, 33, 88)  0           ['activation_75[0][0]']          
 _right2_reduce_4 (ZeroPadding2                                                                   
 D)                                                                                               
                                                                                                  
 activation_77 (Activation)     (None, 28, 28, 88)   0           ['adjust_bn_reduce_4[0][0]']     
                                                                                                  
 reduction_add_1_reduce_4 (Add)  (None, 14, 14, 88)  0           ['separable_conv_2_bn_reduction_l
                                                                 eft1_reduce_4[0][0]',            
                                                                  'separable_conv_2_bn_reduction_r
                                                                 ight1_reduce_4[0][0]']           
                                                                                                  
 separable_conv_1_reduction_rig  (None, 14, 14, 88)  12056       ['separable_conv_1_pad_reduction_
 ht2_reduce_4 (SeparableConv2D)                                  right2_reduce_4[0][0]']          
                                                                                                  
 separable_conv_1_pad_reduction  (None, 31, 31, 88)  0           ['activation_77[0][0]']          
 _right3_reduce_4 (ZeroPadding2                                                                   
 D)                                                                                               
                                                                                                  
 activation_79 (Activation)     (None, 14, 14, 88)   0           ['reduction_add_1_reduce_4[0][0]'
                                                                 ]                                
                                                                                                  
 separable_conv_1_bn_reduction_  (None, 14, 14, 88)  352         ['separable_conv_1_reduction_righ
 right2_reduce_4 (BatchNormaliz                                  t2_reduce_4[0][0]']              
 ation)                                                                                           
                                                                                                  
 separable_conv_1_reduction_rig  (None, 14, 14, 88)  9944        ['separable_conv_1_pad_reduction_
 ht3_reduce_4 (SeparableConv2D)                                  right3_reduce_4[0][0]']          
                                                                                                  
 separable_conv_1_reduction_lef  (None, 14, 14, 88)  8536        ['activation_79[0][0]']          
 t4_reduce_4 (SeparableConv2D)                                                                    
                                                                                                  
 activation_76 (Activation)     (None, 14, 14, 88)   0           ['separable_conv_1_bn_reduction_r
                                                                 ight2_reduce_4[0][0]']           
                                                                                                  
 separable_conv_1_bn_reduction_  (None, 14, 14, 88)  352         ['separable_conv_1_reduction_righ
 right3_reduce_4 (BatchNormaliz                                  t3_reduce_4[0][0]']              
 ation)                                                                                           
                                                                                                  
 separable_conv_1_bn_reduction_  (None, 14, 14, 88)  352         ['separable_conv_1_reduction_left
 left4_reduce_4 (BatchNormaliza                                  4_reduce_4[0][0]']               
 tion)                                                                                            
                                                                                                  
 reduction_pad_1_reduce_4 (Zero  (None, 29, 29, 88)  0           ['reduction_bn_1_reduce_4[0][0]']
 Padding2D)                                                                                       
                                                                                                  
 separable_conv_2_reduction_rig  (None, 14, 14, 88)  12056       ['activation_76[0][0]']          
 ht2_reduce_4 (SeparableConv2D)                                                                   
                                                                                                  
 activation_78 (Activation)     (None, 14, 14, 88)   0           ['separable_conv_1_bn_reduction_r
                                                                 ight3_reduce_4[0][0]']           
                                                                                                  
 activation_80 (Activation)     (None, 14, 14, 88)   0           ['separable_conv_1_bn_reduction_l
                                                                 eft4_reduce_4[0][0]']            
                                                                                                  
 reduction_left2_reduce_4 (MaxP  (None, 14, 14, 88)  0           ['reduction_pad_1_reduce_4[0][0]'
 ooling2D)                                                       ]                                
                                                                                                  
 separable_conv_2_bn_reduction_  (None, 14, 14, 88)  352         ['separable_conv_2_reduction_righ
 right2_reduce_4 (BatchNormaliz                                  t2_reduce_4[0][0]']              
 ation)                                                                                           
                                                                                                  
 separable_conv_2_reduction_rig  (None, 14, 14, 88)  9944        ['activation_78[0][0]']          
 ht3_reduce_4 (SeparableConv2D)                                                                   
                                                                                                  
 separable_conv_2_reduction_lef  (None, 14, 14, 88)  8536        ['activation_80[0][0]']          
 t4_reduce_4 (SeparableConv2D)                                                                    
                                                                                                  
 adjust_relu_1_5 (Activation)   (None, 28, 28, 264)  0           ['normal_concat_3[0][0]']        
                                                                                                  
 reduction_add_2_reduce_4 (Add)  (None, 14, 14, 88)  0           ['reduction_left2_reduce_4[0][0]'
                                                                 , 'separable_conv_2_bn_reduction_
                                                                 right2_reduce_4[0][0]']          
                                                                                                  
 reduction_left3_reduce_4 (Aver  (None, 14, 14, 88)  0           ['reduction_pad_1_reduce_4[0][0]'
 agePooling2D)                                                   ]                                
                                                                                                  
 separable_conv_2_bn_reduction_  (None, 14, 14, 88)  352         ['separable_conv_2_reduction_righ
 right3_reduce_4 (BatchNormaliz                                  t3_reduce_4[0][0]']              
 ation)                                                                                           
                                                                                                  
 reduction_left4_reduce_4 (Aver  (None, 14, 14, 88)  0           ['reduction_add_1_reduce_4[0][0]'
 agePooling2D)                                                   ]                                
                                                                                                  
 separable_conv_2_bn_reduction_  (None, 14, 14, 88)  352         ['separable_conv_2_reduction_left
 left4_reduce_4 (BatchNormaliza                                  4_reduce_4[0][0]']               
 tion)                                                                                            
                                                                                                  
 reduction_right5_reduce_4 (Max  (None, 14, 14, 88)  0           ['reduction_pad_1_reduce_4[0][0]'
 Pooling2D)                                                      ]                                
                                                                                                  
 zero_padding2d_2 (ZeroPadding2  (None, 29, 29, 264)  0          ['adjust_relu_1_5[0][0]']        
 D)                                                                                               
                                                                                                  
 reduction_add3_reduce_4 (Add)  (None, 14, 14, 88)   0           ['reduction_left3_reduce_4[0][0]'
                                                                 , 'separable_conv_2_bn_reduction_
                                                                 right3_reduce_4[0][0]']          
                                                                                                  
 add_2 (Add)                    (None, 14, 14, 88)   0           ['reduction_add_2_reduce_4[0][0]'
                                                                 , 'reduction_left4_reduce_4[0][0]
                                                                 ']                               
                                                                                                  
 reduction_add4_reduce_4 (Add)  (None, 14, 14, 88)   0           ['separable_conv_2_bn_reduction_l
                                                                 eft4_reduce_4[0][0]',            
                                                                  'reduction_right5_reduce_4[0][0]
                                                                 ']                               
                                                                                                  
 cropping2d_2 (Cropping2D)      (None, 28, 28, 264)  0           ['zero_padding2d_2[0][0]']       
                                                                                                  
 reduction_concat_reduce_4 (Con  (None, 14, 14, 352)  0          ['reduction_add_2_reduce_4[0][0]'
 catenate)                                                       , 'reduction_add3_reduce_4[0][0]'
                                                                 , 'add_2[0][0]',                 
                                                                  'reduction_add4_reduce_4[0][0]']
                                                                                                  
 adjust_avg_pool_1_5 (AveragePo  (None, 14, 14, 264)  0          ['adjust_relu_1_5[0][0]']        
 oling2D)                                                                                         
                                                                                                  
 adjust_avg_pool_2_5 (AveragePo  (None, 14, 14, 264)  0          ['cropping2d_2[0][0]']           
 oling2D)                                                                                         
                                                                                                  
 adjust_conv_1_5 (Conv2D)       (None, 14, 14, 44)   11616       ['adjust_avg_pool_1_5[0][0]']    
                                                                                                  
 adjust_conv_2_5 (Conv2D)       (None, 14, 14, 44)   11616       ['adjust_avg_pool_2_5[0][0]']    
                                                                                                  
 activation_81 (Activation)     (None, 14, 14, 352)  0           ['reduction_concat_reduce_4[0][0]
                                                                 ']                               
                                                                                                  
 concatenate_2 (Concatenate)    (None, 14, 14, 88)   0           ['adjust_conv_1_5[0][0]',        
                                                                  'adjust_conv_2_5[0][0]']        
                                                                                                  
 normal_conv_1_5 (Conv2D)       (None, 14, 14, 88)   30976       ['activation_81[0][0]']          
                                                                                                  
 adjust_bn_5 (BatchNormalizatio  (None, 14, 14, 88)  352         ['concatenate_2[0][0]']          
 n)                                                                                               
                                                                                                  
 normal_bn_1_5 (BatchNormalizat  (None, 14, 14, 88)  352         ['normal_conv_1_5[0][0]']        
 ion)                                                                                             
                                                                                                  
 activation_82 (Activation)     (None, 14, 14, 88)   0           ['normal_bn_1_5[0][0]']          
                                                                                                  
 activation_84 (Activation)     (None, 14, 14, 88)   0           ['adjust_bn_5[0][0]']            
                                                                                                  
 activation_86 (Activation)     (None, 14, 14, 88)   0           ['adjust_bn_5[0][0]']            
                                                                                                  
 activation_88 (Activation)     (None, 14, 14, 88)   0           ['adjust_bn_5[0][0]']            
                                                                                                  
 activation_90 (Activation)     (None, 14, 14, 88)   0           ['normal_bn_1_5[0][0]']          
                                                                                                  
 separable_conv_1_normal_left1_  (None, 14, 14, 88)  9944        ['activation_82[0][0]']          
 5 (SeparableConv2D)                                                                              
                                                                                                  
 separable_conv_1_normal_right1  (None, 14, 14, 88)  8536        ['activation_84[0][0]']          
 _5 (SeparableConv2D)                                                                             
                                                                                                  
 separable_conv_1_normal_left2_  (None, 14, 14, 88)  9944        ['activation_86[0][0]']          
 5 (SeparableConv2D)                                                                              
                                                                                                  
 separable_conv_1_normal_right2  (None, 14, 14, 88)  8536        ['activation_88[0][0]']          
 _5 (SeparableConv2D)                                                                             
                                                                                                  
 separable_conv_1_normal_left5_  (None, 14, 14, 88)  8536        ['activation_90[0][0]']          
 5 (SeparableConv2D)                                                                              
                                                                                                  
 separable_conv_1_bn_normal_lef  (None, 14, 14, 88)  352         ['separable_conv_1_normal_left1_5
 t1_5 (BatchNormalization)                                       [0][0]']                         
                                                                                                  
 separable_conv_1_bn_normal_rig  (None, 14, 14, 88)  352         ['separable_conv_1_normal_right1_
 ht1_5 (BatchNormalization)                                      5[0][0]']                        
                                                                                                  
 separable_conv_1_bn_normal_lef  (None, 14, 14, 88)  352         ['separable_conv_1_normal_left2_5
 t2_5 (BatchNormalization)                                       [0][0]']                         
                                                                                                  
 separable_conv_1_bn_normal_rig  (None, 14, 14, 88)  352         ['separable_conv_1_normal_right2_
 ht2_5 (BatchNormalization)                                      5[0][0]']                        
                                                                                                  
 separable_conv_1_bn_normal_lef  (None, 14, 14, 88)  352         ['separable_conv_1_normal_left5_5
 t5_5 (BatchNormalization)                                       [0][0]']                         
                                                                                                  
 activation_83 (Activation)     (None, 14, 14, 88)   0           ['separable_conv_1_bn_normal_left
                                                                 1_5[0][0]']                      
                                                                                                  
 activation_85 (Activation)     (None, 14, 14, 88)   0           ['separable_conv_1_bn_normal_righ
                                                                 t1_5[0][0]']                     
                                                                                                  
 activation_87 (Activation)     (None, 14, 14, 88)   0           ['separable_conv_1_bn_normal_left
                                                                 2_5[0][0]']                      
                                                                                                  
 activation_89 (Activation)     (None, 14, 14, 88)   0           ['separable_conv_1_bn_normal_righ
                                                                 t2_5[0][0]']                     
                                                                                                  
 activation_91 (Activation)     (None, 14, 14, 88)   0           ['separable_conv_1_bn_normal_left
                                                                 5_5[0][0]']                      
                                                                                                  
 separable_conv_2_normal_left1_  (None, 14, 14, 88)  9944        ['activation_83[0][0]']          
 5 (SeparableConv2D)                                                                              
                                                                                                  
 separable_conv_2_normal_right1  (None, 14, 14, 88)  8536        ['activation_85[0][0]']          
 _5 (SeparableConv2D)                                                                             
                                                                                                  
 separable_conv_2_normal_left2_  (None, 14, 14, 88)  9944        ['activation_87[0][0]']          
 5 (SeparableConv2D)                                                                              
                                                                                                  
 separable_conv_2_normal_right2  (None, 14, 14, 88)  8536        ['activation_89[0][0]']          
 _5 (SeparableConv2D)                                                                             
                                                                                                  
 separable_conv_2_normal_left5_  (None, 14, 14, 88)  8536        ['activation_91[0][0]']          
 5 (SeparableConv2D)                                                                              
                                                                                                  
 separable_conv_2_bn_normal_lef  (None, 14, 14, 88)  352         ['separable_conv_2_normal_left1_5
 t1_5 (BatchNormalization)                                       [0][0]']                         
                                                                                                  
 separable_conv_2_bn_normal_rig  (None, 14, 14, 88)  352         ['separable_conv_2_normal_right1_
 ht1_5 (BatchNormalization)                                      5[0][0]']                        
                                                                                                  
 separable_conv_2_bn_normal_lef  (None, 14, 14, 88)  352         ['separable_conv_2_normal_left2_5
 t2_5 (BatchNormalization)                                       [0][0]']                         
                                                                                                  
 separable_conv_2_bn_normal_rig  (None, 14, 14, 88)  352         ['separable_conv_2_normal_right2_
 ht2_5 (BatchNormalization)                                      5[0][0]']                        
                                                                                                  
 normal_left3_5 (AveragePooling  (None, 14, 14, 88)  0           ['normal_bn_1_5[0][0]']          
 2D)                                                                                              
                                                                                                  
 normal_left4_5 (AveragePooling  (None, 14, 14, 88)  0           ['adjust_bn_5[0][0]']            
 2D)                                                                                              
                                                                                                  
 normal_right4_5 (AveragePoolin  (None, 14, 14, 88)  0           ['adjust_bn_5[0][0]']            
 g2D)                                                                                             
                                                                                                  
 separable_conv_2_bn_normal_lef  (None, 14, 14, 88)  352         ['separable_conv_2_normal_left5_5
 t5_5 (BatchNormalization)                                       [0][0]']                         
                                                                                                  
 normal_add_1_5 (Add)           (None, 14, 14, 88)   0           ['separable_conv_2_bn_normal_left
                                                                 1_5[0][0]',                      
                                                                  'separable_conv_2_bn_normal_righ
                                                                 t1_5[0][0]']                     
                                                                                                  
 normal_add_2_5 (Add)           (None, 14, 14, 88)   0           ['separable_conv_2_bn_normal_left
                                                                 2_5[0][0]',                      
                                                                  'separable_conv_2_bn_normal_righ
                                                                 t2_5[0][0]']                     
                                                                                                  
 normal_add_3_5 (Add)           (None, 14, 14, 88)   0           ['normal_left3_5[0][0]',         
                                                                  'adjust_bn_5[0][0]']            
                                                                                                  
 normal_add_4_5 (Add)           (None, 14, 14, 88)   0           ['normal_left4_5[0][0]',         
                                                                  'normal_right4_5[0][0]']        
                                                                                                  
 normal_add_5_5 (Add)           (None, 14, 14, 88)   0           ['separable_conv_2_bn_normal_left
                                                                 5_5[0][0]',                      
                                                                  'normal_bn_1_5[0][0]']          
                                                                                                  
 normal_concat_5 (Concatenate)  (None, 14, 14, 528)  0           ['adjust_bn_5[0][0]',            
                                                                  'normal_add_1_5[0][0]',         
                                                                  'normal_add_2_5[0][0]',         
                                                                  'normal_add_3_5[0][0]',         
                                                                  'normal_add_4_5[0][0]',         
                                                                  'normal_add_5_5[0][0]']         
                                                                                                  
 activation_92 (Activation)     (None, 14, 14, 352)  0           ['reduction_concat_reduce_4[0][0]
                                                                 ']                               
                                                                                                  
 activation_93 (Activation)     (None, 14, 14, 528)  0           ['normal_concat_5[0][0]']        
                                                                                                  
 adjust_conv_projection_6 (Conv  (None, 14, 14, 88)  30976       ['activation_92[0][0]']          
 2D)                                                                                              
                                                                                                  
 normal_conv_1_6 (Conv2D)       (None, 14, 14, 88)   46464       ['activation_93[0][0]']          
                                                                                                  
 adjust_bn_6 (BatchNormalizatio  (None, 14, 14, 88)  352         ['adjust_conv_projection_6[0][0]'
 n)                                                              ]                                
                                                                                                  
 normal_bn_1_6 (BatchNormalizat  (None, 14, 14, 88)  352         ['normal_conv_1_6[0][0]']        
 ion)                                                                                             
                                                                                                  
 activation_94 (Activation)     (None, 14, 14, 88)   0           ['normal_bn_1_6[0][0]']          
                                                                                                  
 activation_96 (Activation)     (None, 14, 14, 88)   0           ['adjust_bn_6[0][0]']            
                                                                                                  
 activation_98 (Activation)     (None, 14, 14, 88)   0           ['adjust_bn_6[0][0]']            
                                                                                                  
 activation_100 (Activation)    (None, 14, 14, 88)   0           ['adjust_bn_6[0][0]']            
                                                                                                  
 activation_102 (Activation)    (None, 14, 14, 88)   0           ['normal_bn_1_6[0][0]']          
                                                                                                  
 separable_conv_1_normal_left1_  (None, 14, 14, 88)  9944        ['activation_94[0][0]']          
 6 (SeparableConv2D)                                                                              
                                                                                                  
 separable_conv_1_normal_right1  (None, 14, 14, 88)  8536        ['activation_96[0][0]']          
 _6 (SeparableConv2D)                                                                             
                                                                                                  
 separable_conv_1_normal_left2_  (None, 14, 14, 88)  9944        ['activation_98[0][0]']          
 6 (SeparableConv2D)                                                                              
                                                                                                  
 separable_conv_1_normal_right2  (None, 14, 14, 88)  8536        ['activation_100[0][0]']         
 _6 (SeparableConv2D)                                                                             
                                                                                                  
 separable_conv_1_normal_left5_  (None, 14, 14, 88)  8536        ['activation_102[0][0]']         
 6 (SeparableConv2D)                                                                              
                                                                                                  
 separable_conv_1_bn_normal_lef  (None, 14, 14, 88)  352         ['separable_conv_1_normal_left1_6
 t1_6 (BatchNormalization)                                       [0][0]']                         
                                                                                                  
 separable_conv_1_bn_normal_rig  (None, 14, 14, 88)  352         ['separable_conv_1_normal_right1_
 ht1_6 (BatchNormalization)                                      6[0][0]']                        
                                                                                                  
 separable_conv_1_bn_normal_lef  (None, 14, 14, 88)  352         ['separable_conv_1_normal_left2_6
 t2_6 (BatchNormalization)                                       [0][0]']                         
                                                                                                  
 separable_conv_1_bn_normal_rig  (None, 14, 14, 88)  352         ['separable_conv_1_normal_right2_
 ht2_6 (BatchNormalization)                                      6[0][0]']                        
                                                                                                  
 separable_conv_1_bn_normal_lef  (None, 14, 14, 88)  352         ['separable_conv_1_normal_left5_6
 t5_6 (BatchNormalization)                                       [0][0]']                         
                                                                                                  
 activation_95 (Activation)     (None, 14, 14, 88)   0           ['separable_conv_1_bn_normal_left
                                                                 1_6[0][0]']                      
                                                                                                  
 activation_97 (Activation)     (None, 14, 14, 88)   0           ['separable_conv_1_bn_normal_righ
                                                                 t1_6[0][0]']                     
                                                                                                  
 activation_99 (Activation)     (None, 14, 14, 88)   0           ['separable_conv_1_bn_normal_left
                                                                 2_6[0][0]']                      
                                                                                                  
 activation_101 (Activation)    (None, 14, 14, 88)   0           ['separable_conv_1_bn_normal_righ
                                                                 t2_6[0][0]']                     
                                                                                                  
 activation_103 (Activation)    (None, 14, 14, 88)   0           ['separable_conv_1_bn_normal_left
                                                                 5_6[0][0]']                      
                                                                                                  
 separable_conv_2_normal_left1_  (None, 14, 14, 88)  9944        ['activation_95[0][0]']          
 6 (SeparableConv2D)                                                                              
                                                                                                  
 separable_conv_2_normal_right1  (None, 14, 14, 88)  8536        ['activation_97[0][0]']          
 _6 (SeparableConv2D)                                                                             
                                                                                                  
 separable_conv_2_normal_left2_  (None, 14, 14, 88)  9944        ['activation_99[0][0]']          
 6 (SeparableConv2D)                                                                              
                                                                                                  
 separable_conv_2_normal_right2  (None, 14, 14, 88)  8536        ['activation_101[0][0]']         
 _6 (SeparableConv2D)                                                                             
                                                                                                  
 separable_conv_2_normal_left5_  (None, 14, 14, 88)  8536        ['activation_103[0][0]']         
 6 (SeparableConv2D)                                                                              
                                                                                                  
 separable_conv_2_bn_normal_lef  (None, 14, 14, 88)  352         ['separable_conv_2_normal_left1_6
 t1_6 (BatchNormalization)                                       [0][0]']                         
                                                                                                  
 separable_conv_2_bn_normal_rig  (None, 14, 14, 88)  352         ['separable_conv_2_normal_right1_
 ht1_6 (BatchNormalization)                                      6[0][0]']                        
                                                                                                  
 separable_conv_2_bn_normal_lef  (None, 14, 14, 88)  352         ['separable_conv_2_normal_left2_6
 t2_6 (BatchNormalization)                                       [0][0]']                         
                                                                                                  
 separable_conv_2_bn_normal_rig  (None, 14, 14, 88)  352         ['separable_conv_2_normal_right2_
 ht2_6 (BatchNormalization)                                      6[0][0]']                        
                                                                                                  
 normal_left3_6 (AveragePooling  (None, 14, 14, 88)  0           ['normal_bn_1_6[0][0]']          
 2D)                                                                                              
                                                                                                  
 normal_left4_6 (AveragePooling  (None, 14, 14, 88)  0           ['adjust_bn_6[0][0]']            
 2D)                                                                                              
                                                                                                  
 normal_right4_6 (AveragePoolin  (None, 14, 14, 88)  0           ['adjust_bn_6[0][0]']            
 g2D)                                                                                             
                                                                                                  
 separable_conv_2_bn_normal_lef  (None, 14, 14, 88)  352         ['separable_conv_2_normal_left5_6
 t5_6 (BatchNormalization)                                       [0][0]']                         
                                                                                                  
 normal_add_1_6 (Add)           (None, 14, 14, 88)   0           ['separable_conv_2_bn_normal_left
                                                                 1_6[0][0]',                      
                                                                  'separable_conv_2_bn_normal_righ
                                                                 t1_6[0][0]']                     
                                                                                                  
 normal_add_2_6 (Add)           (None, 14, 14, 88)   0           ['separable_conv_2_bn_normal_left
                                                                 2_6[0][0]',                      
                                                                  'separable_conv_2_bn_normal_righ
                                                                 t2_6[0][0]']                     
                                                                                                  
 normal_add_3_6 (Add)           (None, 14, 14, 88)   0           ['normal_left3_6[0][0]',         
                                                                  'adjust_bn_6[0][0]']            
                                                                                                  
 normal_add_4_6 (Add)           (None, 14, 14, 88)   0           ['normal_left4_6[0][0]',         
                                                                  'normal_right4_6[0][0]']        
                                                                                                  
 normal_add_5_6 (Add)           (None, 14, 14, 88)   0           ['separable_conv_2_bn_normal_left
                                                                 5_6[0][0]',                      
                                                                  'normal_bn_1_6[0][0]']          
                                                                                                  
 normal_concat_6 (Concatenate)  (None, 14, 14, 528)  0           ['adjust_bn_6[0][0]',            
                                                                  'normal_add_1_6[0][0]',         
                                                                  'normal_add_2_6[0][0]',         
                                                                  'normal_add_3_6[0][0]',         
                                                                  'normal_add_4_6[0][0]',         
                                                                  'normal_add_5_6[0][0]']         
                                                                                                  
 activation_104 (Activation)    (None, 14, 14, 528)  0           ['normal_concat_5[0][0]']        
                                                                                                  
 activation_105 (Activation)    (None, 14, 14, 528)  0           ['normal_concat_6[0][0]']        
                                                                                                  
 adjust_conv_projection_7 (Conv  (None, 14, 14, 88)  46464       ['activation_104[0][0]']         
 2D)                                                                                              
                                                                                                  
 normal_conv_1_7 (Conv2D)       (None, 14, 14, 88)   46464       ['activation_105[0][0]']         
                                                                                                  
 adjust_bn_7 (BatchNormalizatio  (None, 14, 14, 88)  352         ['adjust_conv_projection_7[0][0]'
 n)                                                              ]                                
                                                                                                  
 normal_bn_1_7 (BatchNormalizat  (None, 14, 14, 88)  352         ['normal_conv_1_7[0][0]']        
 ion)                                                                                             
                                                                                                  
 activation_106 (Activation)    (None, 14, 14, 88)   0           ['normal_bn_1_7[0][0]']          
                                                                                                  
 activation_108 (Activation)    (None, 14, 14, 88)   0           ['adjust_bn_7[0][0]']            
                                                                                                  
 activation_110 (Activation)    (None, 14, 14, 88)   0           ['adjust_bn_7[0][0]']            
                                                                                                  
 activation_112 (Activation)    (None, 14, 14, 88)   0           ['adjust_bn_7[0][0]']            
                                                                                                  
 activation_114 (Activation)    (None, 14, 14, 88)   0           ['normal_bn_1_7[0][0]']          
                                                                                                  
 separable_conv_1_normal_left1_  (None, 14, 14, 88)  9944        ['activation_106[0][0]']         
 7 (SeparableConv2D)                                                                              
                                                                                                  
 separable_conv_1_normal_right1  (None, 14, 14, 88)  8536        ['activation_108[0][0]']         
 _7 (SeparableConv2D)                                                                             
                                                                                                  
 separable_conv_1_normal_left2_  (None, 14, 14, 88)  9944        ['activation_110[0][0]']         
 7 (SeparableConv2D)                                                                              
                                                                                                  
 separable_conv_1_normal_right2  (None, 14, 14, 88)  8536        ['activation_112[0][0]']         
 _7 (SeparableConv2D)                                                                             
                                                                                                  
 separable_conv_1_normal_left5_  (None, 14, 14, 88)  8536        ['activation_114[0][0]']         
 7 (SeparableConv2D)                                                                              
                                                                                                  
 separable_conv_1_bn_normal_lef  (None, 14, 14, 88)  352         ['separable_conv_1_normal_left1_7
 t1_7 (BatchNormalization)                                       [0][0]']                         
                                                                                                  
 separable_conv_1_bn_normal_rig  (None, 14, 14, 88)  352         ['separable_conv_1_normal_right1_
 ht1_7 (BatchNormalization)                                      7[0][0]']                        
                                                                                                  
 separable_conv_1_bn_normal_lef  (None, 14, 14, 88)  352         ['separable_conv_1_normal_left2_7
 t2_7 (BatchNormalization)                                       [0][0]']                         
                                                                                                  
 separable_conv_1_bn_normal_rig  (None, 14, 14, 88)  352         ['separable_conv_1_normal_right2_
 ht2_7 (BatchNormalization)                                      7[0][0]']                        
                                                                                                  
 separable_conv_1_bn_normal_lef  (None, 14, 14, 88)  352         ['separable_conv_1_normal_left5_7
 t5_7 (BatchNormalization)                                       [0][0]']                         
                                                                                                  
 activation_107 (Activation)    (None, 14, 14, 88)   0           ['separable_conv_1_bn_normal_left
                                                                 1_7[0][0]']                      
                                                                                                  
 activation_109 (Activation)    (None, 14, 14, 88)   0           ['separable_conv_1_bn_normal_righ
                                                                 t1_7[0][0]']                     
                                                                                                  
 activation_111 (Activation)    (None, 14, 14, 88)   0           ['separable_conv_1_bn_normal_left
                                                                 2_7[0][0]']                      
                                                                                                  
 activation_113 (Activation)    (None, 14, 14, 88)   0           ['separable_conv_1_bn_normal_righ
                                                                 t2_7[0][0]']                     
                                                                                                  
 activation_115 (Activation)    (None, 14, 14, 88)   0           ['separable_conv_1_bn_normal_left
                                                                 5_7[0][0]']                      
                                                                                                  
 separable_conv_2_normal_left1_  (None, 14, 14, 88)  9944        ['activation_107[0][0]']         
 7 (SeparableConv2D)                                                                              
                                                                                                  
 separable_conv_2_normal_right1  (None, 14, 14, 88)  8536        ['activation_109[0][0]']         
 _7 (SeparableConv2D)                                                                             
                                                                                                  
 separable_conv_2_normal_left2_  (None, 14, 14, 88)  9944        ['activation_111[0][0]']         
 7 (SeparableConv2D)                                                                              
                                                                                                  
 separable_conv_2_normal_right2  (None, 14, 14, 88)  8536        ['activation_113[0][0]']         
 _7 (SeparableConv2D)                                                                             
                                                                                                  
 separable_conv_2_normal_left5_  (None, 14, 14, 88)  8536        ['activation_115[0][0]']         
 7 (SeparableConv2D)                                                                              
                                                                                                  
 separable_conv_2_bn_normal_lef  (None, 14, 14, 88)  352         ['separable_conv_2_normal_left1_7
 t1_7 (BatchNormalization)                                       [0][0]']                         
                                                                                                  
 separable_conv_2_bn_normal_rig  (None, 14, 14, 88)  352         ['separable_conv_2_normal_right1_
 ht1_7 (BatchNormalization)                                      7[0][0]']                        
                                                                                                  
 separable_conv_2_bn_normal_lef  (None, 14, 14, 88)  352         ['separable_conv_2_normal_left2_7
 t2_7 (BatchNormalization)                                       [0][0]']                         
                                                                                                  
 separable_conv_2_bn_normal_rig  (None, 14, 14, 88)  352         ['separable_conv_2_normal_right2_
 ht2_7 (BatchNormalization)                                      7[0][0]']                        
                                                                                                  
 normal_left3_7 (AveragePooling  (None, 14, 14, 88)  0           ['normal_bn_1_7[0][0]']          
 2D)                                                                                              
                                                                                                  
 normal_left4_7 (AveragePooling  (None, 14, 14, 88)  0           ['adjust_bn_7[0][0]']            
 2D)                                                                                              
                                                                                                  
 normal_right4_7 (AveragePoolin  (None, 14, 14, 88)  0           ['adjust_bn_7[0][0]']            
 g2D)                                                                                             
                                                                                                  
 separable_conv_2_bn_normal_lef  (None, 14, 14, 88)  352         ['separable_conv_2_normal_left5_7
 t5_7 (BatchNormalization)                                       [0][0]']                         
                                                                                                  
 normal_add_1_7 (Add)           (None, 14, 14, 88)   0           ['separable_conv_2_bn_normal_left
                                                                 1_7[0][0]',                      
                                                                  'separable_conv_2_bn_normal_righ
                                                                 t1_7[0][0]']                     
                                                                                                  
 normal_add_2_7 (Add)           (None, 14, 14, 88)   0           ['separable_conv_2_bn_normal_left
                                                                 2_7[0][0]',                      
                                                                  'separable_conv_2_bn_normal_righ
                                                                 t2_7[0][0]']                     
                                                                                                  
 normal_add_3_7 (Add)           (None, 14, 14, 88)   0           ['normal_left3_7[0][0]',         
                                                                  'adjust_bn_7[0][0]']            
                                                                                                  
 normal_add_4_7 (Add)           (None, 14, 14, 88)   0           ['normal_left4_7[0][0]',         
                                                                  'normal_right4_7[0][0]']        
                                                                                                  
 normal_add_5_7 (Add)           (None, 14, 14, 88)   0           ['separable_conv_2_bn_normal_left
                                                                 5_7[0][0]',                      
                                                                  'normal_bn_1_7[0][0]']          
                                                                                                  
 normal_concat_7 (Concatenate)  (None, 14, 14, 528)  0           ['adjust_bn_7[0][0]',            
                                                                  'normal_add_1_7[0][0]',         
                                                                  'normal_add_2_7[0][0]',         
                                                                  'normal_add_3_7[0][0]',         
                                                                  'normal_add_4_7[0][0]',         
                                                                  'normal_add_5_7[0][0]']         
                                                                                                  
 activation_116 (Activation)    (None, 14, 14, 528)  0           ['normal_concat_6[0][0]']        
                                                                                                  
 activation_117 (Activation)    (None, 14, 14, 528)  0           ['normal_concat_7[0][0]']        
                                                                                                  
 adjust_conv_projection_8 (Conv  (None, 14, 14, 88)  46464       ['activation_116[0][0]']         
 2D)                                                                                              
                                                                                                  
 normal_conv_1_8 (Conv2D)       (None, 14, 14, 88)   46464       ['activation_117[0][0]']         
                                                                                                  
 adjust_bn_8 (BatchNormalizatio  (None, 14, 14, 88)  352         ['adjust_conv_projection_8[0][0]'
 n)                                                              ]                                
                                                                                                  
 normal_bn_1_8 (BatchNormalizat  (None, 14, 14, 88)  352         ['normal_conv_1_8[0][0]']        
 ion)                                                                                             
                                                                                                  
 activation_118 (Activation)    (None, 14, 14, 88)   0           ['normal_bn_1_8[0][0]']          
                                                                                                  
 activation_120 (Activation)    (None, 14, 14, 88)   0           ['adjust_bn_8[0][0]']            
                                                                                                  
 activation_122 (Activation)    (None, 14, 14, 88)   0           ['adjust_bn_8[0][0]']            
                                                                                                  
 activation_124 (Activation)    (None, 14, 14, 88)   0           ['adjust_bn_8[0][0]']            
                                                                                                  
 activation_126 (Activation)    (None, 14, 14, 88)   0           ['normal_bn_1_8[0][0]']          
                                                                                                  
 separable_conv_1_normal_left1_  (None, 14, 14, 88)  9944        ['activation_118[0][0]']         
 8 (SeparableConv2D)                                                                              
                                                                                                  
 separable_conv_1_normal_right1  (None, 14, 14, 88)  8536        ['activation_120[0][0]']         
 _8 (SeparableConv2D)                                                                             
                                                                                                  
 separable_conv_1_normal_left2_  (None, 14, 14, 88)  9944        ['activation_122[0][0]']         
 8 (SeparableConv2D)                                                                              
                                                                                                  
 separable_conv_1_normal_right2  (None, 14, 14, 88)  8536        ['activation_124[0][0]']         
 _8 (SeparableConv2D)                                                                             
                                                                                                  
 separable_conv_1_normal_left5_  (None, 14, 14, 88)  8536        ['activation_126[0][0]']         
 8 (SeparableConv2D)                                                                              
                                                                                                  
 separable_conv_1_bn_normal_lef  (None, 14, 14, 88)  352         ['separable_conv_1_normal_left1_8
 t1_8 (BatchNormalization)                                       [0][0]']                         
                                                                                                  
 separable_conv_1_bn_normal_rig  (None, 14, 14, 88)  352         ['separable_conv_1_normal_right1_
 ht1_8 (BatchNormalization)                                      8[0][0]']                        
                                                                                                  
 separable_conv_1_bn_normal_lef  (None, 14, 14, 88)  352         ['separable_conv_1_normal_left2_8
 t2_8 (BatchNormalization)                                       [0][0]']                         
                                                                                                  
 separable_conv_1_bn_normal_rig  (None, 14, 14, 88)  352         ['separable_conv_1_normal_right2_
 ht2_8 (BatchNormalization)                                      8[0][0]']                        
                                                                                                  
 separable_conv_1_bn_normal_lef  (None, 14, 14, 88)  352         ['separable_conv_1_normal_left5_8
 t5_8 (BatchNormalization)                                       [0][0]']                         
                                                                                                  
 activation_119 (Activation)    (None, 14, 14, 88)   0           ['separable_conv_1_bn_normal_left
                                                                 1_8[0][0]']                      
                                                                                                  
 activation_121 (Activation)    (None, 14, 14, 88)   0           ['separable_conv_1_bn_normal_righ
                                                                 t1_8[0][0]']                     
                                                                                                  
 activation_123 (Activation)    (None, 14, 14, 88)   0           ['separable_conv_1_bn_normal_left
                                                                 2_8[0][0]']                      
                                                                                                  
 activation_125 (Activation)    (None, 14, 14, 88)   0           ['separable_conv_1_bn_normal_righ
                                                                 t2_8[0][0]']                     
                                                                                                  
 activation_127 (Activation)    (None, 14, 14, 88)   0           ['separable_conv_1_bn_normal_left
                                                                 5_8[0][0]']                      
                                                                                                  
 separable_conv_2_normal_left1_  (None, 14, 14, 88)  9944        ['activation_119[0][0]']         
 8 (SeparableConv2D)                                                                              
                                                                                                  
 separable_conv_2_normal_right1  (None, 14, 14, 88)  8536        ['activation_121[0][0]']         
 _8 (SeparableConv2D)                                                                             
                                                                                                  
 separable_conv_2_normal_left2_  (None, 14, 14, 88)  9944        ['activation_123[0][0]']         
 8 (SeparableConv2D)                                                                              
                                                                                                  
 separable_conv_2_normal_right2  (None, 14, 14, 88)  8536        ['activation_125[0][0]']         
 _8 (SeparableConv2D)                                                                             
                                                                                                  
 separable_conv_2_normal_left5_  (None, 14, 14, 88)  8536        ['activation_127[0][0]']         
 8 (SeparableConv2D)                                                                              
                                                                                                  
 separable_conv_2_bn_normal_lef  (None, 14, 14, 88)  352         ['separable_conv_2_normal_left1_8
 t1_8 (BatchNormalization)                                       [0][0]']                         
                                                                                                  
 separable_conv_2_bn_normal_rig  (None, 14, 14, 88)  352         ['separable_conv_2_normal_right1_
 ht1_8 (BatchNormalization)                                      8[0][0]']                        
                                                                                                  
 separable_conv_2_bn_normal_lef  (None, 14, 14, 88)  352         ['separable_conv_2_normal_left2_8
 t2_8 (BatchNormalization)                                       [0][0]']                         
                                                                                                  
 separable_conv_2_bn_normal_rig  (None, 14, 14, 88)  352         ['separable_conv_2_normal_right2_
 ht2_8 (BatchNormalization)                                      8[0][0]']                        
                                                                                                  
 normal_left3_8 (AveragePooling  (None, 14, 14, 88)  0           ['normal_bn_1_8[0][0]']          
 2D)                                                                                              
                                                                                                  
 normal_left4_8 (AveragePooling  (None, 14, 14, 88)  0           ['adjust_bn_8[0][0]']            
 2D)                                                                                              
                                                                                                  
 normal_right4_8 (AveragePoolin  (None, 14, 14, 88)  0           ['adjust_bn_8[0][0]']            
 g2D)                                                                                             
                                                                                                  
 separable_conv_2_bn_normal_lef  (None, 14, 14, 88)  352         ['separable_conv_2_normal_left5_8
 t5_8 (BatchNormalization)                                       [0][0]']                         
                                                                                                  
 normal_add_1_8 (Add)           (None, 14, 14, 88)   0           ['separable_conv_2_bn_normal_left
                                                                 1_8[0][0]',                      
                                                                  'separable_conv_2_bn_normal_righ
                                                                 t1_8[0][0]']                     
                                                                                                  
 normal_add_2_8 (Add)           (None, 14, 14, 88)   0           ['separable_conv_2_bn_normal_left
                                                                 2_8[0][0]',                      
                                                                  'separable_conv_2_bn_normal_righ
                                                                 t2_8[0][0]']                     
                                                                                                  
 normal_add_3_8 (Add)           (None, 14, 14, 88)   0           ['normal_left3_8[0][0]',         
                                                                  'adjust_bn_8[0][0]']            
                                                                                                  
 normal_add_4_8 (Add)           (None, 14, 14, 88)   0           ['normal_left4_8[0][0]',         
                                                                  'normal_right4_8[0][0]']        
                                                                                                  
 normal_add_5_8 (Add)           (None, 14, 14, 88)   0           ['separable_conv_2_bn_normal_left
                                                                 5_8[0][0]',                      
                                                                  'normal_bn_1_8[0][0]']          
                                                                                                  
 normal_concat_8 (Concatenate)  (None, 14, 14, 528)  0           ['adjust_bn_8[0][0]',            
                                                                  'normal_add_1_8[0][0]',         
                                                                  'normal_add_2_8[0][0]',         
                                                                  'normal_add_3_8[0][0]',         
                                                                  'normal_add_4_8[0][0]',         
                                                                  'normal_add_5_8[0][0]']         
                                                                                                  
 activation_129 (Activation)    (None, 14, 14, 528)  0           ['normal_concat_8[0][0]']        
                                                                                                  
 activation_128 (Activation)    (None, 14, 14, 528)  0           ['normal_concat_7[0][0]']        
                                                                                                  
 reduction_conv_1_reduce_8 (Con  (None, 14, 14, 176)  92928      ['activation_129[0][0]']         
 v2D)                                                                                             
                                                                                                  
 adjust_conv_projection_reduce_  (None, 14, 14, 176)  92928      ['activation_128[0][0]']         
 8 (Conv2D)                                                                                       
                                                                                                  
 reduction_bn_1_reduce_8 (Batch  (None, 14, 14, 176)  704        ['reduction_conv_1_reduce_8[0][0]
 Normalization)                                                  ']                               
                                                                                                  
 adjust_bn_reduce_8 (BatchNorma  (None, 14, 14, 176)  704        ['adjust_conv_projection_reduce_8
 lization)                                                       [0][0]']                         
                                                                                                  
 activation_130 (Activation)    (None, 14, 14, 176)  0           ['reduction_bn_1_reduce_8[0][0]']
                                                                                                  
 activation_132 (Activation)    (None, 14, 14, 176)  0           ['adjust_bn_reduce_8[0][0]']     
                                                                                                  
 separable_conv_1_pad_reduction  (None, 17, 17, 176)  0          ['activation_130[0][0]']         
 _left1_reduce_8 (ZeroPadding2D                                                                   
 )                                                                                                
                                                                                                  
 separable_conv_1_pad_reduction  (None, 19, 19, 176)  0          ['activation_132[0][0]']         
 _right1_reduce_8 (ZeroPadding2                                                                   
 D)                                                                                               
                                                                                                  
 separable_conv_1_reduction_lef  (None, 7, 7, 176)   35376       ['separable_conv_1_pad_reduction_
 t1_reduce_8 (SeparableConv2D)                                   left1_reduce_8[0][0]']           
                                                                                                  
 separable_conv_1_reduction_rig  (None, 7, 7, 176)   39600       ['separable_conv_1_pad_reduction_
 ht1_reduce_8 (SeparableConv2D)                                  right1_reduce_8[0][0]']          
                                                                                                  
 separable_conv_1_bn_reduction_  (None, 7, 7, 176)   704         ['separable_conv_1_reduction_left
 left1_reduce_8 (BatchNormaliza                                  1_reduce_8[0][0]']               
 tion)                                                                                            
                                                                                                  
 separable_conv_1_bn_reduction_  (None, 7, 7, 176)   704         ['separable_conv_1_reduction_righ
 right1_reduce_8 (BatchNormaliz                                  t1_reduce_8[0][0]']              
 ation)                                                                                           
                                                                                                  
 activation_131 (Activation)    (None, 7, 7, 176)    0           ['separable_conv_1_bn_reduction_l
                                                                 eft1_reduce_8[0][0]']            
                                                                                                  
 activation_133 (Activation)    (None, 7, 7, 176)    0           ['separable_conv_1_bn_reduction_r
                                                                 ight1_reduce_8[0][0]']           
                                                                                                  
 separable_conv_2_reduction_lef  (None, 7, 7, 176)   35376       ['activation_131[0][0]']         
 t1_reduce_8 (SeparableConv2D)                                                                    
                                                                                                  
 separable_conv_2_reduction_rig  (None, 7, 7, 176)   39600       ['activation_133[0][0]']         
 ht1_reduce_8 (SeparableConv2D)                                                                   
                                                                                                  
 activation_134 (Activation)    (None, 14, 14, 176)  0           ['adjust_bn_reduce_8[0][0]']     
                                                                                                  
 separable_conv_2_bn_reduction_  (None, 7, 7, 176)   704         ['separable_conv_2_reduction_left
 left1_reduce_8 (BatchNormaliza                                  1_reduce_8[0][0]']               
 tion)                                                                                            
                                                                                                  
 separable_conv_2_bn_reduction_  (None, 7, 7, 176)   704         ['separable_conv_2_reduction_righ
 right1_reduce_8 (BatchNormaliz                                  t1_reduce_8[0][0]']              
 ation)                                                                                           
                                                                                                  
 separable_conv_1_pad_reduction  (None, 19, 19, 176)  0          ['activation_134[0][0]']         
 _right2_reduce_8 (ZeroPadding2                                                                   
 D)                                                                                               
                                                                                                  
 activation_136 (Activation)    (None, 14, 14, 176)  0           ['adjust_bn_reduce_8[0][0]']     
                                                                                                  
 reduction_add_1_reduce_8 (Add)  (None, 7, 7, 176)   0           ['separable_conv_2_bn_reduction_l
                                                                 eft1_reduce_8[0][0]',            
                                                                  'separable_conv_2_bn_reduction_r
                                                                 ight1_reduce_8[0][0]']           
                                                                                                  
 separable_conv_1_reduction_rig  (None, 7, 7, 176)   39600       ['separable_conv_1_pad_reduction_
 ht2_reduce_8 (SeparableConv2D)                                  right2_reduce_8[0][0]']          
                                                                                                  
 separable_conv_1_pad_reduction  (None, 17, 17, 176)  0          ['activation_136[0][0]']         
 _right3_reduce_8 (ZeroPadding2                                                                   
 D)                                                                                               
                                                                                                  
 activation_138 (Activation)    (None, 7, 7, 176)    0           ['reduction_add_1_reduce_8[0][0]'
                                                                 ]                                
                                                                                                  
 separable_conv_1_bn_reduction_  (None, 7, 7, 176)   704         ['separable_conv_1_reduction_righ
 right2_reduce_8 (BatchNormaliz                                  t2_reduce_8[0][0]']              
 ation)                                                                                           
                                                                                                  
 separable_conv_1_reduction_rig  (None, 7, 7, 176)   35376       ['separable_conv_1_pad_reduction_
 ht3_reduce_8 (SeparableConv2D)                                  right3_reduce_8[0][0]']          
                                                                                                  
 separable_conv_1_reduction_lef  (None, 7, 7, 176)   32560       ['activation_138[0][0]']         
 t4_reduce_8 (SeparableConv2D)                                                                    
                                                                                                  
 activation_135 (Activation)    (None, 7, 7, 176)    0           ['separable_conv_1_bn_reduction_r
                                                                 ight2_reduce_8[0][0]']           
                                                                                                  
 separable_conv_1_bn_reduction_  (None, 7, 7, 176)   704         ['separable_conv_1_reduction_righ
 right3_reduce_8 (BatchNormaliz                                  t3_reduce_8[0][0]']              
 ation)                                                                                           
                                                                                                  
 separable_conv_1_bn_reduction_  (None, 7, 7, 176)   704         ['separable_conv_1_reduction_left
 left4_reduce_8 (BatchNormaliza                                  4_reduce_8[0][0]']               
 tion)                                                                                            
                                                                                                  
 reduction_pad_1_reduce_8 (Zero  (None, 15, 15, 176)  0          ['reduction_bn_1_reduce_8[0][0]']
 Padding2D)                                                                                       
                                                                                                  
 separable_conv_2_reduction_rig  (None, 7, 7, 176)   39600       ['activation_135[0][0]']         
 ht2_reduce_8 (SeparableConv2D)                                                                   
                                                                                                  
 activation_137 (Activation)    (None, 7, 7, 176)    0           ['separable_conv_1_bn_reduction_r
                                                                 ight3_reduce_8[0][0]']           
                                                                                                  
 activation_139 (Activation)    (None, 7, 7, 176)    0           ['separable_conv_1_bn_reduction_l
                                                                 eft4_reduce_8[0][0]']            
                                                                                                  
 reduction_left2_reduce_8 (MaxP  (None, 7, 7, 176)   0           ['reduction_pad_1_reduce_8[0][0]'
 ooling2D)                                                       ]                                
                                                                                                  
 separable_conv_2_bn_reduction_  (None, 7, 7, 176)   704         ['separable_conv_2_reduction_righ
 right2_reduce_8 (BatchNormaliz                                  t2_reduce_8[0][0]']              
 ation)                                                                                           
                                                                                                  
 separable_conv_2_reduction_rig  (None, 7, 7, 176)   35376       ['activation_137[0][0]']         
 ht3_reduce_8 (SeparableConv2D)                                                                   
                                                                                                  
 separable_conv_2_reduction_lef  (None, 7, 7, 176)   32560       ['activation_139[0][0]']         
 t4_reduce_8 (SeparableConv2D)                                                                    
                                                                                                  
 adjust_relu_1_9 (Activation)   (None, 14, 14, 528)  0           ['normal_concat_8[0][0]']        
                                                                                                  
 reduction_add_2_reduce_8 (Add)  (None, 7, 7, 176)   0           ['reduction_left2_reduce_8[0][0]'
                                                                 , 'separable_conv_2_bn_reduction_
                                                                 right2_reduce_8[0][0]']          
                                                                                                  
 reduction_left3_reduce_8 (Aver  (None, 7, 7, 176)   0           ['reduction_pad_1_reduce_8[0][0]'
 agePooling2D)                                                   ]                                
                                                                                                  
 separable_conv_2_bn_reduction_  (None, 7, 7, 176)   704         ['separable_conv_2_reduction_righ
 right3_reduce_8 (BatchNormaliz                                  t3_reduce_8[0][0]']              
 ation)                                                                                           
                                                                                                  
 reduction_left4_reduce_8 (Aver  (None, 7, 7, 176)   0           ['reduction_add_1_reduce_8[0][0]'
 agePooling2D)                                                   ]                                
                                                                                                  
 separable_conv_2_bn_reduction_  (None, 7, 7, 176)   704         ['separable_conv_2_reduction_left
 left4_reduce_8 (BatchNormaliza                                  4_reduce_8[0][0]']               
 tion)                                                                                            
                                                                                                  
 reduction_right5_reduce_8 (Max  (None, 7, 7, 176)   0           ['reduction_pad_1_reduce_8[0][0]'
 Pooling2D)                                                      ]                                
                                                                                                  
 zero_padding2d_3 (ZeroPadding2  (None, 15, 15, 528)  0          ['adjust_relu_1_9[0][0]']        
 D)                                                                                               
                                                                                                  
 reduction_add3_reduce_8 (Add)  (None, 7, 7, 176)    0           ['reduction_left3_reduce_8[0][0]'
                                                                 , 'separable_conv_2_bn_reduction_
                                                                 right3_reduce_8[0][0]']          
                                                                                                  
 add_3 (Add)                    (None, 7, 7, 176)    0           ['reduction_add_2_reduce_8[0][0]'
                                                                 , 'reduction_left4_reduce_8[0][0]
                                                                 ']                               
                                                                                                  
 reduction_add4_reduce_8 (Add)  (None, 7, 7, 176)    0           ['separable_conv_2_bn_reduction_l
                                                                 eft4_reduce_8[0][0]',            
                                                                  'reduction_right5_reduce_8[0][0]
                                                                 ']                               
                                                                                                  
 cropping2d_3 (Cropping2D)      (None, 14, 14, 528)  0           ['zero_padding2d_3[0][0]']       
                                                                                                  
 reduction_concat_reduce_8 (Con  (None, 7, 7, 704)   0           ['reduction_add_2_reduce_8[0][0]'
 catenate)                                                       , 'reduction_add3_reduce_8[0][0]'
                                                                 , 'add_3[0][0]',                 
                                                                  'reduction_add4_reduce_8[0][0]']
                                                                                                  
 adjust_avg_pool_1_9 (AveragePo  (None, 7, 7, 528)   0           ['adjust_relu_1_9[0][0]']        
 oling2D)                                                                                         
                                                                                                  
 adjust_avg_pool_2_9 (AveragePo  (None, 7, 7, 528)   0           ['cropping2d_3[0][0]']           
 oling2D)                                                                                         
                                                                                                  
 adjust_conv_1_9 (Conv2D)       (None, 7, 7, 88)     46464       ['adjust_avg_pool_1_9[0][0]']    
                                                                                                  
 adjust_conv_2_9 (Conv2D)       (None, 7, 7, 88)     46464       ['adjust_avg_pool_2_9[0][0]']    
                                                                                                  
 activation_140 (Activation)    (None, 7, 7, 704)    0           ['reduction_concat_reduce_8[0][0]
                                                                 ']                               
                                                                                                  
 concatenate_3 (Concatenate)    (None, 7, 7, 176)    0           ['adjust_conv_1_9[0][0]',        
                                                                  'adjust_conv_2_9[0][0]']        
                                                                                                  
 normal_conv_1_9 (Conv2D)       (None, 7, 7, 176)    123904      ['activation_140[0][0]']         
                                                                                                  
 adjust_bn_9 (BatchNormalizatio  (None, 7, 7, 176)   704         ['concatenate_3[0][0]']          
 n)                                                                                               
                                                                                                  
 normal_bn_1_9 (BatchNormalizat  (None, 7, 7, 176)   704         ['normal_conv_1_9[0][0]']        
 ion)                                                                                             
                                                                                                  
 activation_141 (Activation)    (None, 7, 7, 176)    0           ['normal_bn_1_9[0][0]']          
                                                                                                  
 activation_143 (Activation)    (None, 7, 7, 176)    0           ['adjust_bn_9[0][0]']            
                                                                                                  
 activation_145 (Activation)    (None, 7, 7, 176)    0           ['adjust_bn_9[0][0]']            
                                                                                                  
 activation_147 (Activation)    (None, 7, 7, 176)    0           ['adjust_bn_9[0][0]']            
                                                                                                  
 activation_149 (Activation)    (None, 7, 7, 176)    0           ['normal_bn_1_9[0][0]']          
                                                                                                  
 separable_conv_1_normal_left1_  (None, 7, 7, 176)   35376       ['activation_141[0][0]']         
 9 (SeparableConv2D)                                                                              
                                                                                                  
 separable_conv_1_normal_right1  (None, 7, 7, 176)   32560       ['activation_143[0][0]']         
 _9 (SeparableConv2D)                                                                             
                                                                                                  
 separable_conv_1_normal_left2_  (None, 7, 7, 176)   35376       ['activation_145[0][0]']         
 9 (SeparableConv2D)                                                                              
                                                                                                  
 separable_conv_1_normal_right2  (None, 7, 7, 176)   32560       ['activation_147[0][0]']         
 _9 (SeparableConv2D)                                                                             
                                                                                                  
 separable_conv_1_normal_left5_  (None, 7, 7, 176)   32560       ['activation_149[0][0]']         
 9 (SeparableConv2D)                                                                              
                                                                                                  
 separable_conv_1_bn_normal_lef  (None, 7, 7, 176)   704         ['separable_conv_1_normal_left1_9
 t1_9 (BatchNormalization)                                       [0][0]']                         
                                                                                                  
 separable_conv_1_bn_normal_rig  (None, 7, 7, 176)   704         ['separable_conv_1_normal_right1_
 ht1_9 (BatchNormalization)                                      9[0][0]']                        
                                                                                                  
 separable_conv_1_bn_normal_lef  (None, 7, 7, 176)   704         ['separable_conv_1_normal_left2_9
 t2_9 (BatchNormalization)                                       [0][0]']                         
                                                                                                  
 separable_conv_1_bn_normal_rig  (None, 7, 7, 176)   704         ['separable_conv_1_normal_right2_
 ht2_9 (BatchNormalization)                                      9[0][0]']                        
                                                                                                  
 separable_conv_1_bn_normal_lef  (None, 7, 7, 176)   704         ['separable_conv_1_normal_left5_9
 t5_9 (BatchNormalization)                                       [0][0]']                         
                                                                                                  
 activation_142 (Activation)    (None, 7, 7, 176)    0           ['separable_conv_1_bn_normal_left
                                                                 1_9[0][0]']                      
                                                                                                  
 activation_144 (Activation)    (None, 7, 7, 176)    0           ['separable_conv_1_bn_normal_righ
                                                                 t1_9[0][0]']                     
                                                                                                  
 activation_146 (Activation)    (None, 7, 7, 176)    0           ['separable_conv_1_bn_normal_left
                                                                 2_9[0][0]']                      
                                                                                                  
 activation_148 (Activation)    (None, 7, 7, 176)    0           ['separable_conv_1_bn_normal_righ
                                                                 t2_9[0][0]']                     
                                                                                                  
 activation_150 (Activation)    (None, 7, 7, 176)    0           ['separable_conv_1_bn_normal_left
                                                                 5_9[0][0]']                      
                                                                                                  
 separable_conv_2_normal_left1_  (None, 7, 7, 176)   35376       ['activation_142[0][0]']         
 9 (SeparableConv2D)                                                                              
                                                                                                  
 separable_conv_2_normal_right1  (None, 7, 7, 176)   32560       ['activation_144[0][0]']         
 _9 (SeparableConv2D)                                                                             
                                                                                                  
 separable_conv_2_normal_left2_  (None, 7, 7, 176)   35376       ['activation_146[0][0]']         
 9 (SeparableConv2D)                                                                              
                                                                                                  
 separable_conv_2_normal_right2  (None, 7, 7, 176)   32560       ['activation_148[0][0]']         
 _9 (SeparableConv2D)                                                                             
                                                                                                  
 separable_conv_2_normal_left5_  (None, 7, 7, 176)   32560       ['activation_150[0][0]']         
 9 (SeparableConv2D)                                                                              
                                                                                                  
 separable_conv_2_bn_normal_lef  (None, 7, 7, 176)   704         ['separable_conv_2_normal_left1_9
 t1_9 (BatchNormalization)                                       [0][0]']                         
                                                                                                  
 separable_conv_2_bn_normal_rig  (None, 7, 7, 176)   704         ['separable_conv_2_normal_right1_
 ht1_9 (BatchNormalization)                                      9[0][0]']                        
                                                                                                  
 separable_conv_2_bn_normal_lef  (None, 7, 7, 176)   704         ['separable_conv_2_normal_left2_9
 t2_9 (BatchNormalization)                                       [0][0]']                         
                                                                                                  
 separable_conv_2_bn_normal_rig  (None, 7, 7, 176)   704         ['separable_conv_2_normal_right2_
 ht2_9 (BatchNormalization)                                      9[0][0]']                        
                                                                                                  
 normal_left3_9 (AveragePooling  (None, 7, 7, 176)   0           ['normal_bn_1_9[0][0]']          
 2D)                                                                                              
                                                                                                  
 normal_left4_9 (AveragePooling  (None, 7, 7, 176)   0           ['adjust_bn_9[0][0]']            
 2D)                                                                                              
                                                                                                  
 normal_right4_9 (AveragePoolin  (None, 7, 7, 176)   0           ['adjust_bn_9[0][0]']            
 g2D)                                                                                             
                                                                                                  
 separable_conv_2_bn_normal_lef  (None, 7, 7, 176)   704         ['separable_conv_2_normal_left5_9
 t5_9 (BatchNormalization)                                       [0][0]']                         
                                                                                                  
 normal_add_1_9 (Add)           (None, 7, 7, 176)    0           ['separable_conv_2_bn_normal_left
                                                                 1_9[0][0]',                      
                                                                  'separable_conv_2_bn_normal_righ
                                                                 t1_9[0][0]']                     
                                                                                                  
 normal_add_2_9 (Add)           (None, 7, 7, 176)    0           ['separable_conv_2_bn_normal_left
                                                                 2_9[0][0]',                      
                                                                  'separable_conv_2_bn_normal_righ
                                                                 t2_9[0][0]']                     
                                                                                                  
 normal_add_3_9 (Add)           (None, 7, 7, 176)    0           ['normal_left3_9[0][0]',         
                                                                  'adjust_bn_9[0][0]']            
                                                                                                  
 normal_add_4_9 (Add)           (None, 7, 7, 176)    0           ['normal_left4_9[0][0]',         
                                                                  'normal_right4_9[0][0]']        
                                                                                                  
 normal_add_5_9 (Add)           (None, 7, 7, 176)    0           ['separable_conv_2_bn_normal_left
                                                                 5_9[0][0]',                      
                                                                  'normal_bn_1_9[0][0]']          
                                                                                                  
 normal_concat_9 (Concatenate)  (None, 7, 7, 1056)   0           ['adjust_bn_9[0][0]',            
                                                                  'normal_add_1_9[0][0]',         
                                                                  'normal_add_2_9[0][0]',         
                                                                  'normal_add_3_9[0][0]',         
                                                                  'normal_add_4_9[0][0]',         
                                                                  'normal_add_5_9[0][0]']         
                                                                                                  
 activation_151 (Activation)    (None, 7, 7, 704)    0           ['reduction_concat_reduce_8[0][0]
                                                                 ']                               
                                                                                                  
 activation_152 (Activation)    (None, 7, 7, 1056)   0           ['normal_concat_9[0][0]']        
                                                                                                  
 adjust_conv_projection_10 (Con  (None, 7, 7, 176)   123904      ['activation_151[0][0]']         
 v2D)                                                                                             
                                                                                                  
 normal_conv_1_10 (Conv2D)      (None, 7, 7, 176)    185856      ['activation_152[0][0]']         
                                                                                                  
 adjust_bn_10 (BatchNormalizati  (None, 7, 7, 176)   704         ['adjust_conv_projection_10[0][0]
 on)                                                             ']                               
                                                                                                  
 normal_bn_1_10 (BatchNormaliza  (None, 7, 7, 176)   704         ['normal_conv_1_10[0][0]']       
 tion)                                                                                            
                                                                                                  
 activation_153 (Activation)    (None, 7, 7, 176)    0           ['normal_bn_1_10[0][0]']         
                                                                                                  
 activation_155 (Activation)    (None, 7, 7, 176)    0           ['adjust_bn_10[0][0]']           
                                                                                                  
 activation_157 (Activation)    (None, 7, 7, 176)    0           ['adjust_bn_10[0][0]']           
                                                                                                  
 activation_159 (Activation)    (None, 7, 7, 176)    0           ['adjust_bn_10[0][0]']           
                                                                                                  
 activation_161 (Activation)    (None, 7, 7, 176)    0           ['normal_bn_1_10[0][0]']         
                                                                                                  
 separable_conv_1_normal_left1_  (None, 7, 7, 176)   35376       ['activation_153[0][0]']         
 10 (SeparableConv2D)                                                                             
                                                                                                  
 separable_conv_1_normal_right1  (None, 7, 7, 176)   32560       ['activation_155[0][0]']         
 _10 (SeparableConv2D)                                                                            
                                                                                                  
 separable_conv_1_normal_left2_  (None, 7, 7, 176)   35376       ['activation_157[0][0]']         
 10 (SeparableConv2D)                                                                             
                                                                                                  
 separable_conv_1_normal_right2  (None, 7, 7, 176)   32560       ['activation_159[0][0]']         
 _10 (SeparableConv2D)                                                                            
                                                                                                  
 separable_conv_1_normal_left5_  (None, 7, 7, 176)   32560       ['activation_161[0][0]']         
 10 (SeparableConv2D)                                                                             
                                                                                                  
 separable_conv_1_bn_normal_lef  (None, 7, 7, 176)   704         ['separable_conv_1_normal_left1_1
 t1_10 (BatchNormalization)                                      0[0][0]']                        
                                                                                                  
 separable_conv_1_bn_normal_rig  (None, 7, 7, 176)   704         ['separable_conv_1_normal_right1_
 ht1_10 (BatchNormalization)                                     10[0][0]']                       
                                                                                                  
 separable_conv_1_bn_normal_lef  (None, 7, 7, 176)   704         ['separable_conv_1_normal_left2_1
 t2_10 (BatchNormalization)                                      0[0][0]']                        
                                                                                                  
 separable_conv_1_bn_normal_rig  (None, 7, 7, 176)   704         ['separable_conv_1_normal_right2_
 ht2_10 (BatchNormalization)                                     10[0][0]']                       
                                                                                                  
 separable_conv_1_bn_normal_lef  (None, 7, 7, 176)   704         ['separable_conv_1_normal_left5_1
 t5_10 (BatchNormalization)                                      0[0][0]']                        
                                                                                                  
 activation_154 (Activation)    (None, 7, 7, 176)    0           ['separable_conv_1_bn_normal_left
                                                                 1_10[0][0]']                     
                                                                                                  
 activation_156 (Activation)    (None, 7, 7, 176)    0           ['separable_conv_1_bn_normal_righ
                                                                 t1_10[0][0]']                    
                                                                                                  
 activation_158 (Activation)    (None, 7, 7, 176)    0           ['separable_conv_1_bn_normal_left
                                                                 2_10[0][0]']                     
                                                                                                  
 activation_160 (Activation)    (None, 7, 7, 176)    0           ['separable_conv_1_bn_normal_righ
                                                                 t2_10[0][0]']                    
                                                                                                  
 activation_162 (Activation)    (None, 7, 7, 176)    0           ['separable_conv_1_bn_normal_left
                                                                 5_10[0][0]']                     
                                                                                                  
 separable_conv_2_normal_left1_  (None, 7, 7, 176)   35376       ['activation_154[0][0]']         
 10 (SeparableConv2D)                                                                             
                                                                                                  
 separable_conv_2_normal_right1  (None, 7, 7, 176)   32560       ['activation_156[0][0]']         
 _10 (SeparableConv2D)                                                                            
                                                                                                  
 separable_conv_2_normal_left2_  (None, 7, 7, 176)   35376       ['activation_158[0][0]']         
 10 (SeparableConv2D)                                                                             
                                                                                                  
 separable_conv_2_normal_right2  (None, 7, 7, 176)   32560       ['activation_160[0][0]']         
 _10 (SeparableConv2D)                                                                            
                                                                                                  
 separable_conv_2_normal_left5_  (None, 7, 7, 176)   32560       ['activation_162[0][0]']         
 10 (SeparableConv2D)                                                                             
                                                                                                  
 separable_conv_2_bn_normal_lef  (None, 7, 7, 176)   704         ['separable_conv_2_normal_left1_1
 t1_10 (BatchNormalization)                                      0[0][0]']                        
                                                                                                  
 separable_conv_2_bn_normal_rig  (None, 7, 7, 176)   704         ['separable_conv_2_normal_right1_
 ht1_10 (BatchNormalization)                                     10[0][0]']                       
                                                                                                  
 separable_conv_2_bn_normal_lef  (None, 7, 7, 176)   704         ['separable_conv_2_normal_left2_1
 t2_10 (BatchNormalization)                                      0[0][0]']                        
                                                                                                  
 separable_conv_2_bn_normal_rig  (None, 7, 7, 176)   704         ['separable_conv_2_normal_right2_
 ht2_10 (BatchNormalization)                                     10[0][0]']                       
                                                                                                  
 normal_left3_10 (AveragePoolin  (None, 7, 7, 176)   0           ['normal_bn_1_10[0][0]']         
 g2D)                                                                                             
                                                                                                  
 normal_left4_10 (AveragePoolin  (None, 7, 7, 176)   0           ['adjust_bn_10[0][0]']           
 g2D)                                                                                             
                                                                                                  
 normal_right4_10 (AveragePooli  (None, 7, 7, 176)   0           ['adjust_bn_10[0][0]']           
 ng2D)                                                                                            
                                                                                                  
 separable_conv_2_bn_normal_lef  (None, 7, 7, 176)   704         ['separable_conv_2_normal_left5_1
 t5_10 (BatchNormalization)                                      0[0][0]']                        
                                                                                                  
 normal_add_1_10 (Add)          (None, 7, 7, 176)    0           ['separable_conv_2_bn_normal_left
                                                                 1_10[0][0]',                     
                                                                  'separable_conv_2_bn_normal_righ
                                                                 t1_10[0][0]']                    
                                                                                                  
 normal_add_2_10 (Add)          (None, 7, 7, 176)    0           ['separable_conv_2_bn_normal_left
                                                                 2_10[0][0]',                     
                                                                  'separable_conv_2_bn_normal_righ
                                                                 t2_10[0][0]']                    
                                                                                                  
 normal_add_3_10 (Add)          (None, 7, 7, 176)    0           ['normal_left3_10[0][0]',        
                                                                  'adjust_bn_10[0][0]']           
                                                                                                  
 normal_add_4_10 (Add)          (None, 7, 7, 176)    0           ['normal_left4_10[0][0]',        
                                                                  'normal_right4_10[0][0]']       
                                                                                                  
 normal_add_5_10 (Add)          (None, 7, 7, 176)    0           ['separable_conv_2_bn_normal_left
                                                                 5_10[0][0]',                     
                                                                  'normal_bn_1_10[0][0]']         
                                                                                                  
 normal_concat_10 (Concatenate)  (None, 7, 7, 1056)  0           ['adjust_bn_10[0][0]',           
                                                                  'normal_add_1_10[0][0]',        
                                                                  'normal_add_2_10[0][0]',        
                                                                  'normal_add_3_10[0][0]',        
                                                                  'normal_add_4_10[0][0]',        
                                                                  'normal_add_5_10[0][0]']        
                                                                                                  
 activation_163 (Activation)    (None, 7, 7, 1056)   0           ['normal_concat_9[0][0]']        
                                                                                                  
 activation_164 (Activation)    (None, 7, 7, 1056)   0           ['normal_concat_10[0][0]']       
                                                                                                  
 adjust_conv_projection_11 (Con  (None, 7, 7, 176)   185856      ['activation_163[0][0]']         
 v2D)                                                                                             
                                                                                                  
 normal_conv_1_11 (Conv2D)      (None, 7, 7, 176)    185856      ['activation_164[0][0]']         
                                                                                                  
 adjust_bn_11 (BatchNormalizati  (None, 7, 7, 176)   704         ['adjust_conv_projection_11[0][0]
 on)                                                             ']                               
                                                                                                  
 normal_bn_1_11 (BatchNormaliza  (None, 7, 7, 176)   704         ['normal_conv_1_11[0][0]']       
 tion)                                                                                            
                                                                                                  
 activation_165 (Activation)    (None, 7, 7, 176)    0           ['normal_bn_1_11[0][0]']         
                                                                                                  
 activation_167 (Activation)    (None, 7, 7, 176)    0           ['adjust_bn_11[0][0]']           
                                                                                                  
 activation_169 (Activation)    (None, 7, 7, 176)    0           ['adjust_bn_11[0][0]']           
                                                                                                  
 activation_171 (Activation)    (None, 7, 7, 176)    0           ['adjust_bn_11[0][0]']           
                                                                                                  
 activation_173 (Activation)    (None, 7, 7, 176)    0           ['normal_bn_1_11[0][0]']         
                                                                                                  
 separable_conv_1_normal_left1_  (None, 7, 7, 176)   35376       ['activation_165[0][0]']         
 11 (SeparableConv2D)                                                                             
                                                                                                  
 separable_conv_1_normal_right1  (None, 7, 7, 176)   32560       ['activation_167[0][0]']         
 _11 (SeparableConv2D)                                                                            
                                                                                                  
 separable_conv_1_normal_left2_  (None, 7, 7, 176)   35376       ['activation_169[0][0]']         
 11 (SeparableConv2D)                                                                             
                                                                                                  
 separable_conv_1_normal_right2  (None, 7, 7, 176)   32560       ['activation_171[0][0]']         
 _11 (SeparableConv2D)                                                                            
                                                                                                  
 separable_conv_1_normal_left5_  (None, 7, 7, 176)   32560       ['activation_173[0][0]']         
 11 (SeparableConv2D)                                                                             
                                                                                                  
 separable_conv_1_bn_normal_lef  (None, 7, 7, 176)   704         ['separable_conv_1_normal_left1_1
 t1_11 (BatchNormalization)                                      1[0][0]']                        
                                                                                                  
 separable_conv_1_bn_normal_rig  (None, 7, 7, 176)   704         ['separable_conv_1_normal_right1_
 ht1_11 (BatchNormalization)                                     11[0][0]']                       
                                                                                                  
 separable_conv_1_bn_normal_lef  (None, 7, 7, 176)   704         ['separable_conv_1_normal_left2_1
 t2_11 (BatchNormalization)                                      1[0][0]']                        
                                                                                                  
 separable_conv_1_bn_normal_rig  (None, 7, 7, 176)   704         ['separable_conv_1_normal_right2_
 ht2_11 (BatchNormalization)                                     11[0][0]']                       
                                                                                                  
 separable_conv_1_bn_normal_lef  (None, 7, 7, 176)   704         ['separable_conv_1_normal_left5_1
 t5_11 (BatchNormalization)                                      1[0][0]']                        
                                                                                                  
 activation_166 (Activation)    (None, 7, 7, 176)    0           ['separable_conv_1_bn_normal_left
                                                                 1_11[0][0]']                     
                                                                                                  
 activation_168 (Activation)    (None, 7, 7, 176)    0           ['separable_conv_1_bn_normal_righ
                                                                 t1_11[0][0]']                    
                                                                                                  
 activation_170 (Activation)    (None, 7, 7, 176)    0           ['separable_conv_1_bn_normal_left
                                                                 2_11[0][0]']                     
                                                                                                  
 activation_172 (Activation)    (None, 7, 7, 176)    0           ['separable_conv_1_bn_normal_righ
                                                                 t2_11[0][0]']                    
                                                                                                  
 activation_174 (Activation)    (None, 7, 7, 176)    0           ['separable_conv_1_bn_normal_left
                                                                 5_11[0][0]']                     
                                                                                                  
 separable_conv_2_normal_left1_  (None, 7, 7, 176)   35376       ['activation_166[0][0]']         
 11 (SeparableConv2D)                                                                             
                                                                                                  
 separable_conv_2_normal_right1  (None, 7, 7, 176)   32560       ['activation_168[0][0]']         
 _11 (SeparableConv2D)                                                                            
                                                                                                  
 separable_conv_2_normal_left2_  (None, 7, 7, 176)   35376       ['activation_170[0][0]']         
 11 (SeparableConv2D)                                                                             
                                                                                                  
 separable_conv_2_normal_right2  (None, 7, 7, 176)   32560       ['activation_172[0][0]']         
 _11 (SeparableConv2D)                                                                            
                                                                                                  
 separable_conv_2_normal_left5_  (None, 7, 7, 176)   32560       ['activation_174[0][0]']         
 11 (SeparableConv2D)                                                                             
                                                                                                  
 separable_conv_2_bn_normal_lef  (None, 7, 7, 176)   704         ['separable_conv_2_normal_left1_1
 t1_11 (BatchNormalization)                                      1[0][0]']                        
                                                                                                  
 separable_conv_2_bn_normal_rig  (None, 7, 7, 176)   704         ['separable_conv_2_normal_right1_
 ht1_11 (BatchNormalization)                                     11[0][0]']                       
                                                                                                  
 separable_conv_2_bn_normal_lef  (None, 7, 7, 176)   704         ['separable_conv_2_normal_left2_1
 t2_11 (BatchNormalization)                                      1[0][0]']                        
                                                                                                  
 separable_conv_2_bn_normal_rig  (None, 7, 7, 176)   704         ['separable_conv_2_normal_right2_
 ht2_11 (BatchNormalization)                                     11[0][0]']                       
                                                                                                  
 normal_left3_11 (AveragePoolin  (None, 7, 7, 176)   0           ['normal_bn_1_11[0][0]']         
 g2D)                                                                                             
                                                                                                  
 normal_left4_11 (AveragePoolin  (None, 7, 7, 176)   0           ['adjust_bn_11[0][0]']           
 g2D)                                                                                             
                                                                                                  
 normal_right4_11 (AveragePooli  (None, 7, 7, 176)   0           ['adjust_bn_11[0][0]']           
 ng2D)                                                                                            
                                                                                                  
 separable_conv_2_bn_normal_lef  (None, 7, 7, 176)   704         ['separable_conv_2_normal_left5_1
 t5_11 (BatchNormalization)                                      1[0][0]']                        
                                                                                                  
 normal_add_1_11 (Add)          (None, 7, 7, 176)    0           ['separable_conv_2_bn_normal_left
                                                                 1_11[0][0]',                     
                                                                  'separable_conv_2_bn_normal_righ
                                                                 t1_11[0][0]']                    
                                                                                                  
 normal_add_2_11 (Add)          (None, 7, 7, 176)    0           ['separable_conv_2_bn_normal_left
                                                                 2_11[0][0]',                     
                                                                  'separable_conv_2_bn_normal_righ
                                                                 t2_11[0][0]']                    
                                                                                                  
 normal_add_3_11 (Add)          (None, 7, 7, 176)    0           ['normal_left3_11[0][0]',        
                                                                  'adjust_bn_11[0][0]']           
                                                                                                  
 normal_add_4_11 (Add)          (None, 7, 7, 176)    0           ['normal_left4_11[0][0]',        
                                                                  'normal_right4_11[0][0]']       
                                                                                                  
 normal_add_5_11 (Add)          (None, 7, 7, 176)    0           ['separable_conv_2_bn_normal_left
                                                                 5_11[0][0]',                     
                                                                  'normal_bn_1_11[0][0]']         
                                                                                                  
 normal_concat_11 (Concatenate)  (None, 7, 7, 1056)  0           ['adjust_bn_11[0][0]',           
                                                                  'normal_add_1_11[0][0]',        
                                                                  'normal_add_2_11[0][0]',        
                                                                  'normal_add_3_11[0][0]',        
                                                                  'normal_add_4_11[0][0]',        
                                                                  'normal_add_5_11[0][0]']        
                                                                                                  
 activation_175 (Activation)    (None, 7, 7, 1056)   0           ['normal_concat_10[0][0]']       
                                                                                                  
 activation_176 (Activation)    (None, 7, 7, 1056)   0           ['normal_concat_11[0][0]']       
                                                                                                  
 adjust_conv_projection_12 (Con  (None, 7, 7, 176)   185856      ['activation_175[0][0]']         
 v2D)                                                                                             
                                                                                                  
 normal_conv_1_12 (Conv2D)      (None, 7, 7, 176)    185856      ['activation_176[0][0]']         
                                                                                                  
 adjust_bn_12 (BatchNormalizati  (None, 7, 7, 176)   704         ['adjust_conv_projection_12[0][0]
 on)                                                             ']                               
                                                                                                  
 normal_bn_1_12 (BatchNormaliza  (None, 7, 7, 176)   704         ['normal_conv_1_12[0][0]']       
 tion)                                                                                            
                                                                                                  
 activation_177 (Activation)    (None, 7, 7, 176)    0           ['normal_bn_1_12[0][0]']         
                                                                                                  
 activation_179 (Activation)    (None, 7, 7, 176)    0           ['adjust_bn_12[0][0]']           
                                                                                                  
 activation_181 (Activation)    (None, 7, 7, 176)    0           ['adjust_bn_12[0][0]']           
                                                                                                  
 activation_183 (Activation)    (None, 7, 7, 176)    0           ['adjust_bn_12[0][0]']           
                                                                                                  
 activation_185 (Activation)    (None, 7, 7, 176)    0           ['normal_bn_1_12[0][0]']         
                                                                                                  
 separable_conv_1_normal_left1_  (None, 7, 7, 176)   35376       ['activation_177[0][0]']         
 12 (SeparableConv2D)                                                                             
                                                                                                  
 separable_conv_1_normal_right1  (None, 7, 7, 176)   32560       ['activation_179[0][0]']         
 _12 (SeparableConv2D)                                                                            
                                                                                                  
 separable_conv_1_normal_left2_  (None, 7, 7, 176)   35376       ['activation_181[0][0]']         
 12 (SeparableConv2D)                                                                             
                                                                                                  
 separable_conv_1_normal_right2  (None, 7, 7, 176)   32560       ['activation_183[0][0]']         
 _12 (SeparableConv2D)                                                                            
                                                                                                  
 separable_conv_1_normal_left5_  (None, 7, 7, 176)   32560       ['activation_185[0][0]']         
 12 (SeparableConv2D)                                                                             
                                                                                                  
 separable_conv_1_bn_normal_lef  (None, 7, 7, 176)   704         ['separable_conv_1_normal_left1_1
 t1_12 (BatchNormalization)                                      2[0][0]']                        
                                                                                                  
 separable_conv_1_bn_normal_rig  (None, 7, 7, 176)   704         ['separable_conv_1_normal_right1_
 ht1_12 (BatchNormalization)                                     12[0][0]']                       
                                                                                                  
 separable_conv_1_bn_normal_lef  (None, 7, 7, 176)   704         ['separable_conv_1_normal_left2_1
 t2_12 (BatchNormalization)                                      2[0][0]']                        
                                                                                                  
 separable_conv_1_bn_normal_rig  (None, 7, 7, 176)   704         ['separable_conv_1_normal_right2_
 ht2_12 (BatchNormalization)                                     12[0][0]']                       
                                                                                                  
 separable_conv_1_bn_normal_lef  (None, 7, 7, 176)   704         ['separable_conv_1_normal_left5_1
 t5_12 (BatchNormalization)                                      2[0][0]']                        
                                                                                                  
 activation_178 (Activation)    (None, 7, 7, 176)    0           ['separable_conv_1_bn_normal_left
                                                                 1_12[0][0]']                     
                                                                                                  
 activation_180 (Activation)    (None, 7, 7, 176)    0           ['separable_conv_1_bn_normal_righ
                                                                 t1_12[0][0]']                    
                                                                                                  
 activation_182 (Activation)    (None, 7, 7, 176)    0           ['separable_conv_1_bn_normal_left
                                                                 2_12[0][0]']                     
                                                                                                  
 activation_184 (Activation)    (None, 7, 7, 176)    0           ['separable_conv_1_bn_normal_righ
                                                                 t2_12[0][0]']                    
                                                                                                  
 activation_186 (Activation)    (None, 7, 7, 176)    0           ['separable_conv_1_bn_normal_left
                                                                 5_12[0][0]']                     
                                                                                                  
 separable_conv_2_normal_left1_  (None, 7, 7, 176)   35376       ['activation_178[0][0]']         
 12 (SeparableConv2D)                                                                             
                                                                                                  
 separable_conv_2_normal_right1  (None, 7, 7, 176)   32560       ['activation_180[0][0]']         
 _12 (SeparableConv2D)                                                                            
                                                                                                  
 separable_conv_2_normal_left2_  (None, 7, 7, 176)   35376       ['activation_182[0][0]']         
 12 (SeparableConv2D)                                                                             
                                                                                                  
 separable_conv_2_normal_right2  (None, 7, 7, 176)   32560       ['activation_184[0][0]']         
 _12 (SeparableConv2D)                                                                            
                                                                                                  
 separable_conv_2_normal_left5_  (None, 7, 7, 176)   32560       ['activation_186[0][0]']         
 12 (SeparableConv2D)                                                                             
                                                                                                  
 separable_conv_2_bn_normal_lef  (None, 7, 7, 176)   704         ['separable_conv_2_normal_left1_1
 t1_12 (BatchNormalization)                                      2[0][0]']                        
                                                                                                  
 separable_conv_2_bn_normal_rig  (None, 7, 7, 176)   704         ['separable_conv_2_normal_right1_
 ht1_12 (BatchNormalization)                                     12[0][0]']                       
                                                                                                  
 separable_conv_2_bn_normal_lef  (None, 7, 7, 176)   704         ['separable_conv_2_normal_left2_1
 t2_12 (BatchNormalization)                                      2[0][0]']                        
                                                                                                  
 separable_conv_2_bn_normal_rig  (None, 7, 7, 176)   704         ['separable_conv_2_normal_right2_
 ht2_12 (BatchNormalization)                                     12[0][0]']                       
                                                                                                  
 normal_left3_12 (AveragePoolin  (None, 7, 7, 176)   0           ['normal_bn_1_12[0][0]']         
 g2D)                                                                                             
                                                                                                  
 normal_left4_12 (AveragePoolin  (None, 7, 7, 176)   0           ['adjust_bn_12[0][0]']           
 g2D)                                                                                             
                                                                                                  
 normal_right4_12 (AveragePooli  (None, 7, 7, 176)   0           ['adjust_bn_12[0][0]']           
 ng2D)                                                                                            
                                                                                                  
 separable_conv_2_bn_normal_lef  (None, 7, 7, 176)   704         ['separable_conv_2_normal_left5_1
 t5_12 (BatchNormalization)                                      2[0][0]']                        
                                                                                                  
 normal_add_1_12 (Add)          (None, 7, 7, 176)    0           ['separable_conv_2_bn_normal_left
                                                                 1_12[0][0]',                     
                                                                  'separable_conv_2_bn_normal_righ
                                                                 t1_12[0][0]']                    
                                                                                                  
 normal_add_2_12 (Add)          (None, 7, 7, 176)    0           ['separable_conv_2_bn_normal_left
                                                                 2_12[0][0]',                     
                                                                  'separable_conv_2_bn_normal_righ
                                                                 t2_12[0][0]']                    
                                                                                                  
 normal_add_3_12 (Add)          (None, 7, 7, 176)    0           ['normal_left3_12[0][0]',        
                                                                  'adjust_bn_12[0][0]']           
                                                                                                  
 normal_add_4_12 (Add)          (None, 7, 7, 176)    0           ['normal_left4_12[0][0]',        
                                                                  'normal_right4_12[0][0]']       
                                                                                                  
 normal_add_5_12 (Add)          (None, 7, 7, 176)    0           ['separable_conv_2_bn_normal_left
                                                                 5_12[0][0]',                     
                                                                  'normal_bn_1_12[0][0]']         
                                                                                                  
 normal_concat_12 (Concatenate)  (None, 7, 7, 1056)  0           ['adjust_bn_12[0][0]',           
                                                                  'normal_add_1_12[0][0]',        
                                                                  'normal_add_2_12[0][0]',        
                                                                  'normal_add_3_12[0][0]',        
                                                                  'normal_add_4_12[0][0]',        
                                                                  'normal_add_5_12[0][0]']        
                                                                                                  
 activation_187 (Activation)    (None, 7, 7, 1056)   0           ['normal_concat_12[0][0]']       
                                                                                                  
 global_average_pooling2d (Glob  (None, 1056)        0           ['activation_187[0][0]']         
 alAveragePooling2D)                                                                              
                                                                                                  
 dense (Dense)                  (None, 128)          135296      ['global_average_pooling2d[0][0]'
                                                                 ]                                
                                                                                                  
 dropout (Dropout)              (None, 128)          0           ['dense[0][0]']                  
                                                                                                  
 dense_1 (Dense)                (None, 64)           8256        ['dropout[0][0]']                
                                                                                                  
 dropout_1 (Dropout)            (None, 64)           0           ['dense_1[0][0]']                
                                                                                                  
 dense_2 (Dense)                (None, 1)            65          ['dropout_1[0][0]']              
                                                                                                  
==================================================================================================
Total params: 4,413,333
Trainable params: 4,376,595
Non-trainable params: 36,738
__________________________________________________________________________________________________
None
Epoch 1/30
  1/126 [..............................] - ETA: 1:24:10 - loss: 3.8754 - accuracy: 0.5156  2/126 [..............................] - ETA: 14:07 - loss: 3.8376 - accuracy: 0.5469    3/126 [..............................] - ETA: 13:53 - loss: 3.8052 - accuracy: 0.5521  4/126 [..............................] - ETA: 13:37 - loss: 3.7722 - accuracy: 0.5508  5/126 [>.............................] - ETA: 13:31 - loss: 3.7293 - accuracy: 0.5797  6/126 [>.............................] - ETA: 13:22 - loss: 3.6872 - accuracy: 0.5990  7/126 [>.............................] - ETA: 13:13 - loss: 3.6554 - accuracy: 0.6049  8/126 [>.............................] - ETA: 13:07 - loss: 3.6199 - accuracy: 0.6162  9/126 [=>............................] - ETA: 13:02 - loss: 3.5819 - accuracy: 0.6267 10/126 [=>............................] - ETA: 12:56 - loss: 3.5488 - accuracy: 0.6344 11/126 [=>............................] - ETA: 12:51 - loss: 3.5115 - accuracy: 0.6456 12/126 [=>............................] - ETA: 12:45 - loss: 3.4744 - accuracy: 0.6562 13/126 [==>...........................] - ETA: 12:35 - loss: 3.4304 - accuracy: 0.6731 14/126 [==>...........................] - ETA: 12:27 - loss: 3.3889 - accuracy: 0.6842 15/126 [==>...........................] - ETA: 12:18 - loss: 3.3474 - accuracy: 0.6984 16/126 [==>...........................] - ETA: 12:10 - loss: 3.3088 - accuracy: 0.7070 17/126 [===>..........................] - ETA: 12:04 - loss: 3.2733 - accuracy: 0.7174 18/126 [===>..........................] - ETA: 11:57 - loss: 3.2357 - accuracy: 0.7261 19/126 [===>..........................] - ETA: 11:49 - loss: 3.1944 - accuracy: 0.7364 20/126 [===>..........................] - ETA: 11:40 - loss: 3.1603 - accuracy: 0.7434 21/126 [====>.........................] - ETA: 11:39 - loss: 3.1271 - accuracy: 0.7500 22/126 [====>.........................] - ETA: 11:35 - loss: 3.1072 - accuracy: 0.7543 23/126 [====>.........................] - ETA: 11:29 - loss: 3.0805 - accuracy: 0.7588 24/126 [====>.........................] - ETA: 11:22 - loss: 3.0466 - accuracy: 0.7646 25/126 [====>.........................] - ETA: 11:15 - loss: 3.0131 - accuracy: 0.7706 26/126 [=====>........................] - ETA: 11:07 - loss: 2.9807 - accuracy: 0.7755 27/126 [=====>........................] - ETA: 11:01 - loss: 2.9529 - accuracy: 0.7792 28/126 [=====>........................] - ETA: 10:56 - loss: 2.9255 - accuracy: 0.7824 29/126 [=====>........................] - ETA: 10:50 - loss: 2.8961 - accuracy: 0.7877 30/126 [======>.......................] - ETA: 10:44 - loss: 2.8683 - accuracy: 0.7904 31/126 [======>.......................] - ETA: 10:38 - loss: 2.8402 - accuracy: 0.7936 32/126 [======>.......................] - ETA: 10:32 - loss: 2.8124 - accuracy: 0.7952 33/126 [======>.......................] - ETA: 10:26 - loss: 2.7851 - accuracy: 0.7981 34/126 [=======>......................] - ETA: 10:20 - loss: 2.7582 - accuracy: 0.8003 35/126 [=======>......................] - ETA: 10:14 - loss: 2.7301 - accuracy: 0.8033 36/126 [=======>......................] - ETA: 10:08 - loss: 2.7041 - accuracy: 0.8053 37/126 [=======>......................] - ETA: 10:01 - loss: 2.6785 - accuracy: 0.8079 38/126 [========>.....................] - ETA: 9:57 - loss: 2.6528 - accuracy: 0.8096  39/126 [========>.....................] - ETA: 9:50 - loss: 2.6273 - accuracy: 0.8121 40/126 [========>.....................] - ETA: 9:44 - loss: 2.6027 - accuracy: 0.8135 41/126 [========>.....................] - ETA: 9:47 - loss: 2.5787 - accuracy: 0.8157 42/126 [=========>....................] - ETA: 9:40 - loss: 2.5562 - accuracy: 0.8183 43/126 [=========>....................] - ETA: 9:33 - loss: 2.5319 - accuracy: 0.8207 44/126 [=========>....................] - ETA: 9:27 - loss: 2.5095 - accuracy: 0.8217 45/126 [=========>....................] - ETA: 9:20 - loss: 2.4851 - accuracy: 0.8238 46/126 [=========>....................] - ETA: 9:13 - loss: 2.4633 - accuracy: 0.8259 47/126 [==========>...................] - ETA: 9:06 - loss: 2.4431 - accuracy: 0.8270 48/126 [==========>...................] - ETA: 8:59 - loss: 2.4210 - accuracy: 0.8286 49/126 [==========>...................] - ETA: 8:52 - loss: 2.3989 - accuracy: 0.8302 50/126 [==========>...................] - ETA: 8:45 - loss: 2.3768 - accuracy: 0.8320 51/126 [===========>..................] - ETA: 8:38 - loss: 2.3568 - accuracy: 0.8330 52/126 [===========>..................] - ETA: 8:31 - loss: 2.3359 - accuracy: 0.8347 53/126 [===========>..................] - ETA: 8:24 - loss: 2.3159 - accuracy: 0.8358 54/126 [===========>..................] - ETA: 8:18 - loss: 2.2952 - accuracy: 0.8374 55/126 [============>.................] - ETA: 8:11 - loss: 2.2759 - accuracy: 0.8386 56/126 [============>.................] - ETA: 8:04 - loss: 2.2562 - accuracy: 0.8397 57/126 [============>.................] - ETA: 7:58 - loss: 2.2370 - accuracy: 0.8414 58/126 [============>.................] - ETA: 7:51 - loss: 2.2167 - accuracy: 0.8425 59/126 [=============>................] - ETA: 7:44 - loss: 2.1973 - accuracy: 0.8441 60/126 [=============>................] - ETA: 7:37 - loss: 2.1794 - accuracy: 0.8452 61/126 [=============>................] - ETA: 7:30 - loss: 2.1608 - accuracy: 0.8467 62/126 [=============>................] - ETA: 7:23 - loss: 2.1420 - accuracy: 0.8484 63/126 [==============>...............] - ETA: 7:16 - loss: 2.1247 - accuracy: 0.8492 64/126 [==============>...............] - ETA: 7:09 - loss: 2.1081 - accuracy: 0.8501 65/126 [==============>...............] - ETA: 7:02 - loss: 2.0901 - accuracy: 0.8511 66/126 [==============>...............] - ETA: 6:55 - loss: 2.0738 - accuracy: 0.8514 67/126 [==============>...............] - ETA: 6:48 - loss: 2.0586 - accuracy: 0.8525 68/126 [===============>..............] - ETA: 6:41 - loss: 2.0417 - accuracy: 0.8533 69/126 [===============>..............] - ETA: 6:34 - loss: 2.0249 - accuracy: 0.8541 70/126 [===============>..............] - ETA: 6:27 - loss: 2.0083 - accuracy: 0.8554 71/126 [===============>..............] - ETA: 6:21 - loss: 1.9917 - accuracy: 0.8561 72/126 [================>.............] - ETA: 6:14 - loss: 1.9759 - accuracy: 0.8568 73/126 [================>.............] - ETA: 6:06 - loss: 1.9649 - accuracy: 0.8574 74/126 [================>.............] - ETA: 5:59 - loss: 1.9496 - accuracy: 0.8581 75/126 [================>.............] - ETA: 5:51 - loss: 1.9354 - accuracy: 0.8588 76/126 [=================>............] - ETA: 5:44 - loss: 1.9201 - accuracy: 0.8598 77/126 [=================>............] - ETA: 5:37 - loss: 1.9058 - accuracy: 0.8605 78/126 [=================>............] - ETA: 5:30 - loss: 1.8907 - accuracy: 0.8619 79/126 [=================>............] - ETA: 5:23 - loss: 1.8762 - accuracy: 0.8627 80/126 [==================>...........] - ETA: 5:16 - loss: 1.8620 - accuracy: 0.8640 81/126 [==================>...........] - ETA: 5:09 - loss: 1.8488 - accuracy: 0.8646 82/126 [==================>...........] - ETA: 5:03 - loss: 1.8356 - accuracy: 0.8651 83/126 [==================>...........] - ETA: 4:56 - loss: 1.8234 - accuracy: 0.8658 84/126 [===================>..........] - ETA: 4:49 - loss: 1.8104 - accuracy: 0.8666 85/126 [===================>..........] - ETA: 4:42 - loss: 1.7976 - accuracy: 0.8671 86/126 [===================>..........] - ETA: 4:35 - loss: 1.7844 - accuracy: 0.8678 87/126 [===================>..........] - ETA: 4:28 - loss: 1.7721 - accuracy: 0.8681 88/126 [===================>..........] - ETA: 4:21 - loss: 1.7609 - accuracy: 0.8685 89/126 [====================>.........] - ETA: 4:14 - loss: 1.7492 - accuracy: 0.8689 90/126 [====================>.........] - ETA: 4:07 - loss: 1.7370 - accuracy: 0.8696 91/126 [====================>.........] - ETA: 4:01 - loss: 1.7250 - accuracy: 0.8701 92/126 [====================>.........] - ETA: 3:54 - loss: 1.7128 - accuracy: 0.8710 93/126 [=====================>........] - ETA: 3:47 - loss: 1.7021 - accuracy: 0.8708 94/126 [=====================>........] - ETA: 3:40 - loss: 1.6910 - accuracy: 0.8711 95/126 [=====================>........] - ETA: 3:33 - loss: 1.6790 - accuracy: 0.8721 96/126 [=====================>........] - ETA: 3:26 - loss: 1.6675 - accuracy: 0.8729 97/126 [======================>.......] - ETA: 3:19 - loss: 1.6561 - accuracy: 0.8735 98/126 [======================>.......] - ETA: 3:12 - loss: 1.6448 - accuracy: 0.8741 99/126 [======================>.......] - ETA: 3:06 - loss: 1.6344 - accuracy: 0.8745100/126 [======================>.......] - ETA: 2:59 - loss: 1.6233 - accuracy: 0.8750101/126 [=======================>......] - ETA: 2:52 - loss: 1.6121 - accuracy: 0.8760102/126 [=======================>......] - ETA: 2:45 - loss: 1.6011 - accuracy: 0.8767103/126 [=======================>......] - ETA: 2:38 - loss: 1.5916 - accuracy: 0.8769104/126 [=======================>......] - ETA: 2:31 - loss: 1.5829 - accuracy: 0.8773105/126 [========================>.....] - ETA: 2:24 - loss: 1.5726 - accuracy: 0.8778106/126 [========================>.....] - ETA: 2:17 - loss: 1.5628 - accuracy: 0.8780107/126 [========================>.....] - ETA: 2:10 - loss: 1.5527 - accuracy: 0.8788108/126 [========================>.....] - ETA: 2:03 - loss: 1.5427 - accuracy: 0.8794109/126 [========================>.....] - ETA: 1:57 - loss: 1.5345 - accuracy: 0.8796110/126 [=========================>....] - ETA: 1:50 - loss: 1.5256 - accuracy: 0.8795111/126 [=========================>....] - ETA: 1:43 - loss: 1.5160 - accuracy: 0.8800112/126 [=========================>....] - ETA: 1:36 - loss: 1.5072 - accuracy: 0.8803113/126 [=========================>....] - ETA: 1:29 - loss: 1.4985 - accuracy: 0.8805114/126 [==========================>...] - ETA: 1:22 - loss: 1.4903 - accuracy: 0.8808115/126 [==========================>...] - ETA: 1:15 - loss: 1.4827 - accuracy: 0.8808116/126 [==========================>...] - ETA: 1:08 - loss: 1.4742 - accuracy: 0.8809117/126 [==========================>...] - ETA: 1:02 - loss: 1.4656 - accuracy: 0.8816118/126 [===========================>..] - ETA: 55s - loss: 1.4574 - accuracy: 0.8819 119/126 [===========================>..] - ETA: 48s - loss: 1.4489 - accuracy: 0.8825120/126 [===========================>..] - ETA: 41s - loss: 1.4409 - accuracy: 0.8827121/126 [===========================>..] - ETA: 34s - loss: 1.4324 - accuracy: 0.8833122/126 [============================>.] - ETA: 27s - loss: 1.4247 - accuracy: 0.8835123/126 [============================>.] - ETA: 20s - loss: 1.4170 - accuracy: 0.8836124/126 [============================>.] - ETA: 13s - loss: 1.4086 - accuracy: 0.8844125/126 [============================>.] - ETA: 6s - loss: 1.4013 - accuracy: 0.8846 126/126 [==============================] - ETA: 0s - loss: 1.3935 - accuracy: 0.8850
Epoch 00001: val_loss improved from inf to 0.93729, saving model to NASNetMobile_checkpoint_best_0.9373.h5
126/126 [==============================] - 949s 7s/step - loss: 1.3935 - accuracy: 0.8850 - val_loss: 0.9373 - val_accuracy: 0.5981
Epoch 2/30
  1/126 [..............................] - ETA: 18:21 - loss: 0.3791 - accuracy: 0.9609  2/126 [..............................] - ETA: 14:38 - loss: 0.3826 - accuracy: 0.9531  3/126 [..............................] - ETA: 14:28 - loss: 0.3968 - accuracy: 0.9349  4/126 [..............................] - ETA: 14:28 - loss: 0.4063 - accuracy: 0.9277  5/126 [>.............................] - ETA: 14:11 - loss: 0.4159 - accuracy: 0.9250  6/126 [>.............................] - ETA: 14:04 - loss: 0.4143 - accuracy: 0.9271  7/126 [>.............................] - ETA: 13:53 - loss: 0.4011 - accuracy: 0.9319  8/126 [>.............................] - ETA: 13:51 - loss: 0.3967 - accuracy: 0.9336  9/126 [=>............................] - ETA: 13:43 - loss: 0.3986 - accuracy: 0.9323 10/126 [=>............................] - ETA: 13:34 - loss: 0.3927 - accuracy: 0.9320 11/126 [=>............................] - ETA: 13:27 - loss: 0.3947 - accuracy: 0.9311 12/126 [=>............................] - ETA: 13:18 - loss: 0.3863 - accuracy: 0.9355 13/126 [==>...........................] - ETA: 13:11 - loss: 0.3864 - accuracy: 0.9345 14/126 [==>...........................] - ETA: 13:04 - loss: 0.3854 - accuracy: 0.9353 15/126 [==>...........................] - ETA: 12:56 - loss: 0.3812 - accuracy: 0.9359 16/126 [==>...........................] - ETA: 12:49 - loss: 0.3804 - accuracy: 0.9355 17/126 [===>..........................] - ETA: 12:41 - loss: 0.3801 - accuracy: 0.9343 18/126 [===>..........................] - ETA: 12:32 - loss: 0.3800 - accuracy: 0.9349 19/126 [===>..........................] - ETA: 12:23 - loss: 0.3801 - accuracy: 0.9346 20/126 [===>..........................] - ETA: 12:14 - loss: 0.3844 - accuracy: 0.9305 21/126 [====>.........................] - ETA: 12:08 - loss: 0.3788 - accuracy: 0.9323 22/126 [====>.........................] - ETA: 12:00 - loss: 0.3771 - accuracy: 0.9322 23/126 [====>.........................] - ETA: 11:51 - loss: 0.3761 - accuracy: 0.9314 24/126 [====>.........................] - ETA: 11:44 - loss: 0.3732 - accuracy: 0.9326 25/126 [====>.........................] - ETA: 11:36 - loss: 0.3692 - accuracy: 0.9341 26/126 [=====>........................] - ETA: 11:29 - loss: 0.3670 - accuracy: 0.9342 27/126 [=====>........................] - ETA: 11:21 - loss: 0.3642 - accuracy: 0.9346 28/126 [=====>........................] - ETA: 11:14 - loss: 0.3614 - accuracy: 0.9353 29/126 [=====>........................] - ETA: 11:06 - loss: 0.3608 - accuracy: 0.9343 30/126 [======>.......................] - ETA: 11:00 - loss: 0.3620 - accuracy: 0.9333 31/126 [======>.......................] - ETA: 10:53 - loss: 0.3601 - accuracy: 0.9337 32/126 [======>.......................] - ETA: 10:45 - loss: 0.3571 - accuracy: 0.9346 33/126 [======>.......................] - ETA: 10:38 - loss: 0.3561 - accuracy: 0.9344 34/126 [=======>......................] - ETA: 10:30 - loss: 0.3537 - accuracy: 0.9347 35/126 [=======>......................] - ETA: 10:22 - loss: 0.3525 - accuracy: 0.9346 36/126 [=======>......................] - ETA: 10:16 - loss: 0.3515 - accuracy: 0.9340 37/126 [=======>......................] - ETA: 10:09 - loss: 0.3494 - accuracy: 0.9343 38/126 [========>.....................] - ETA: 10:02 - loss: 0.3484 - accuracy: 0.9340 39/126 [========>.....................] - ETA: 9:55 - loss: 0.3480 - accuracy: 0.9331  40/126 [========>.....................] - ETA: 9:49 - loss: 0.3486 - accuracy: 0.9316 41/126 [========>.....................] - ETA: 9:42 - loss: 0.3476 - accuracy: 0.9314 42/126 [=========>....................] - ETA: 9:35 - loss: 0.3465 - accuracy: 0.9312 43/126 [=========>....................] - ETA: 9:27 - loss: 0.3463 - accuracy: 0.9311 44/126 [=========>....................] - ETA: 9:20 - loss: 0.3449 - accuracy: 0.9316 45/126 [=========>....................] - ETA: 9:13 - loss: 0.3431 - accuracy: 0.9318 46/126 [=========>....................] - ETA: 9:07 - loss: 0.3407 - accuracy: 0.9324 47/126 [==========>...................] - ETA: 9:00 - loss: 0.3391 - accuracy: 0.9325 48/126 [==========>...................] - ETA: 8:54 - loss: 0.3388 - accuracy: 0.9318 49/126 [==========>...................] - ETA: 8:47 - loss: 0.3385 - accuracy: 0.9316 50/126 [==========>...................] - ETA: 8:40 - loss: 0.3363 - accuracy: 0.9319 51/126 [===========>..................] - ETA: 8:34 - loss: 0.3350 - accuracy: 0.9315 52/126 [===========>..................] - ETA: 8:27 - loss: 0.3338 - accuracy: 0.9310 53/126 [===========>..................] - ETA: 8:20 - loss: 0.3326 - accuracy: 0.9309 54/126 [===========>..................] - ETA: 8:14 - loss: 0.3329 - accuracy: 0.9301 55/126 [============>.................] - ETA: 8:07 - loss: 0.3313 - accuracy: 0.9301 56/126 [============>.................] - ETA: 8:01 - loss: 0.3300 - accuracy: 0.9300 57/126 [============>.................] - ETA: 7:54 - loss: 0.3285 - accuracy: 0.9300 58/126 [============>.................] - ETA: 7:47 - loss: 0.3270 - accuracy: 0.9301 59/126 [=============>................] - ETA: 7:40 - loss: 0.3267 - accuracy: 0.9302 60/126 [=============>................] - ETA: 7:33 - loss: 0.3261 - accuracy: 0.9298 61/126 [=============>................] - ETA: 7:26 - loss: 0.3252 - accuracy: 0.9296 62/126 [=============>................] - ETA: 7:20 - loss: 0.3233 - accuracy: 0.9299 63/126 [==============>...............] - ETA: 7:13 - loss: 0.3230 - accuracy: 0.9293 64/126 [==============>...............] - ETA: 7:04 - loss: 0.3216 - accuracy: 0.9296 65/126 [==============>...............] - ETA: 6:57 - loss: 0.3205 - accuracy: 0.9296 66/126 [==============>...............] - ETA: 6:51 - loss: 0.3198 - accuracy: 0.9294 67/126 [==============>...............] - ETA: 6:44 - loss: 0.3193 - accuracy: 0.9290 68/126 [===============>..............] - ETA: 6:38 - loss: 0.3181 - accuracy: 0.9289 69/126 [===============>..............] - ETA: 6:31 - loss: 0.3177 - accuracy: 0.9292 70/126 [===============>..............] - ETA: 6:24 - loss: 0.3163 - accuracy: 0.9293 71/126 [===============>..............] - ETA: 6:17 - loss: 0.3152 - accuracy: 0.9292 72/126 [================>.............] - ETA: 6:10 - loss: 0.3144 - accuracy: 0.9296 73/126 [================>.............] - ETA: 6:03 - loss: 0.3139 - accuracy: 0.9293 74/126 [================>.............] - ETA: 5:56 - loss: 0.3121 - accuracy: 0.9298 75/126 [================>.............] - ETA: 5:50 - loss: 0.3123 - accuracy: 0.9296 76/126 [=================>............] - ETA: 5:43 - loss: 0.3120 - accuracy: 0.9290 77/126 [=================>............] - ETA: 5:36 - loss: 0.3110 - accuracy: 0.9292 78/126 [=================>............] - ETA: 5:29 - loss: 0.3094 - accuracy: 0.9296 79/126 [=================>............] - ETA: 5:22 - loss: 0.3085 - accuracy: 0.9297 80/126 [==================>...........] - ETA: 5:15 - loss: 0.3078 - accuracy: 0.9300 81/126 [==================>...........] - ETA: 5:09 - loss: 0.3071 - accuracy: 0.9303 82/126 [==================>...........] - ETA: 5:02 - loss: 0.3067 - accuracy: 0.9304 83/126 [==================>...........] - ETA: 4:55 - loss: 0.3064 - accuracy: 0.9304 84/126 [===================>..........] - ETA: 4:48 - loss: 0.3055 - accuracy: 0.9306 85/126 [===================>..........] - ETA: 4:41 - loss: 0.3051 - accuracy: 0.9303 86/126 [===================>..........] - ETA: 4:35 - loss: 0.3043 - accuracy: 0.9304 87/126 [===================>..........] - ETA: 4:28 - loss: 0.3034 - accuracy: 0.9301 88/126 [===================>..........] - ETA: 4:21 - loss: 0.3021 - accuracy: 0.9304 89/126 [====================>.........] - ETA: 4:14 - loss: 0.3008 - accuracy: 0.9307 90/126 [====================>.........] - ETA: 4:07 - loss: 0.3005 - accuracy: 0.9303 91/126 [====================>.........] - ETA: 4:00 - loss: 0.3000 - accuracy: 0.9304 92/126 [====================>.........] - ETA: 3:54 - loss: 0.2985 - accuracy: 0.9307 93/126 [=====================>........] - ETA: 3:47 - loss: 0.2979 - accuracy: 0.9307 94/126 [=====================>........] - ETA: 3:40 - loss: 0.2970 - accuracy: 0.9307 95/126 [=====================>........] - ETA: 3:33 - loss: 0.2973 - accuracy: 0.9306 96/126 [=====================>........] - ETA: 3:26 - loss: 0.2968 - accuracy: 0.9306 97/126 [======================>.......] - ETA: 3:19 - loss: 0.2975 - accuracy: 0.9305 98/126 [======================>.......] - ETA: 3:13 - loss: 0.2969 - accuracy: 0.9304 99/126 [======================>.......] - ETA: 3:06 - loss: 0.2970 - accuracy: 0.9304100/126 [======================>.......] - ETA: 2:59 - loss: 0.2962 - accuracy: 0.9304101/126 [=======================>......] - ETA: 2:52 - loss: 0.2962 - accuracy: 0.9299102/126 [=======================>......] - ETA: 2:45 - loss: 0.2954 - accuracy: 0.9299103/126 [=======================>......] - ETA: 2:38 - loss: 0.2950 - accuracy: 0.9298104/126 [=======================>......] - ETA: 2:31 - loss: 0.2949 - accuracy: 0.9299105/126 [========================>.....] - ETA: 2:25 - loss: 0.2948 - accuracy: 0.9293106/126 [========================>.....] - ETA: 2:18 - loss: 0.2939 - accuracy: 0.9296107/126 [========================>.....] - ETA: 2:11 - loss: 0.2945 - accuracy: 0.9291108/126 [========================>.....] - ETA: 2:04 - loss: 0.2936 - accuracy: 0.9293109/126 [========================>.....] - ETA: 1:57 - loss: 0.2933 - accuracy: 0.9294110/126 [=========================>....] - ETA: 1:50 - loss: 0.2921 - accuracy: 0.9297111/126 [=========================>....] - ETA: 1:43 - loss: 0.2917 - accuracy: 0.9297112/126 [=========================>....] - ETA: 1:36 - loss: 0.2909 - accuracy: 0.9297113/126 [=========================>....] - ETA: 1:30 - loss: 0.2900 - accuracy: 0.9299114/126 [==========================>...] - ETA: 1:23 - loss: 0.2890 - accuracy: 0.9301115/126 [==========================>...] - ETA: 1:16 - loss: 0.2880 - accuracy: 0.9304116/126 [==========================>...] - ETA: 1:09 - loss: 0.2873 - accuracy: 0.9306117/126 [==========================>...] - ETA: 1:02 - loss: 0.2871 - accuracy: 0.9306118/126 [===========================>..] - ETA: 55s - loss: 0.2868 - accuracy: 0.9305 119/126 [===========================>..] - ETA: 48s - loss: 0.2859 - accuracy: 0.9308120/126 [===========================>..] - ETA: 41s - loss: 0.2855 - accuracy: 0.9308121/126 [===========================>..] - ETA: 34s - loss: 0.2852 - accuracy: 0.9307122/126 [============================>.] - ETA: 27s - loss: 0.2849 - accuracy: 0.9306123/126 [============================>.] - ETA: 20s - loss: 0.2835 - accuracy: 0.9310124/126 [============================>.] - ETA: 13s - loss: 0.2848 - accuracy: 0.9308125/126 [============================>.] - ETA: 6s - loss: 0.2852 - accuracy: 0.9307 126/126 [==============================] - ETA: 0s - loss: 0.2841 - accuracy: 0.9310
Epoch 00002: val_loss improved from 0.93729 to 0.72544, saving model to NASNetMobile_checkpoint_best_0.7254.h5
126/126 [==============================] - 917s 7s/step - loss: 0.2841 - accuracy: 0.9310 - val_loss: 0.7254 - val_accuracy: 0.5981
Epoch 3/30
  1/126 [..............................] - ETA: 19:14 - loss: 0.2551 - accuracy: 0.9062  2/126 [..............................] - ETA: 15:04 - loss: 0.1975 - accuracy: 0.9453  3/126 [..............................] - ETA: 12:57 - loss: 0.1900 - accuracy: 0.9540  4/126 [..............................] - ETA: 13:21 - loss: 0.1950 - accuracy: 0.9538  5/126 [>.............................] - ETA: 13:30 - loss: 0.1921 - accuracy: 0.9536  6/126 [>.............................] - ETA: 13:29 - loss: 0.1925 - accuracy: 0.9495  7/126 [>.............................] - ETA: 13:32 - loss: 0.1915 - accuracy: 0.9488  8/126 [>.............................] - ETA: 13:24 - loss: 0.1988 - accuracy: 0.9474  9/126 [=>............................] - ETA: 13:20 - loss: 0.1968 - accuracy: 0.9489 10/126 [=>............................] - ETA: 13:17 - loss: 0.1955 - accuracy: 0.9494 11/126 [=>............................] - ETA: 13:10 - loss: 0.1961 - accuracy: 0.9483 12/126 [=>............................] - ETA: 13:07 - loss: 0.2039 - accuracy: 0.9453 13/126 [==>...........................] - ETA: 13:06 - loss: 0.2049 - accuracy: 0.9435 14/126 [==>...........................] - ETA: 13:03 - loss: 0.2033 - accuracy: 0.9436 15/126 [==>...........................] - ETA: 13:00 - loss: 0.2002 - accuracy: 0.9448 16/126 [==>...........................] - ETA: 12:56 - loss: 0.1995 - accuracy: 0.9438 17/126 [===>..........................] - ETA: 12:49 - loss: 0.1967 - accuracy: 0.9439 18/126 [===>..........................] - ETA: 12:43 - loss: 0.1939 - accuracy: 0.9449 19/126 [===>..........................] - ETA: 12:38 - loss: 0.1961 - accuracy: 0.9437 20/126 [===>..........................] - ETA: 12:33 - loss: 0.1957 - accuracy: 0.9437 21/126 [====>.........................] - ETA: 12:28 - loss: 0.1937 - accuracy: 0.9446 22/126 [====>.........................] - ETA: 12:23 - loss: 0.1924 - accuracy: 0.9442 23/126 [====>.........................] - ETA: 12:15 - loss: 0.1925 - accuracy: 0.9446 24/126 [====>.........................] - ETA: 12:06 - loss: 0.1918 - accuracy: 0.9447 25/126 [====>.........................] - ETA: 11:59 - loss: 0.1924 - accuracy: 0.9441 26/126 [=====>........................] - ETA: 11:52 - loss: 0.1902 - accuracy: 0.9453 27/126 [=====>........................] - ETA: 11:45 - loss: 0.1934 - accuracy: 0.9430 28/126 [=====>........................] - ETA: 11:39 - loss: 0.1938 - accuracy: 0.9433 29/126 [=====>........................] - ETA: 11:32 - loss: 0.1930 - accuracy: 0.9429 30/126 [======>.......................] - ETA: 11:25 - loss: 0.1925 - accuracy: 0.9432 31/126 [======>.......................] - ETA: 11:17 - loss: 0.1937 - accuracy: 0.9423 32/126 [======>.......................] - ETA: 11:09 - loss: 0.1921 - accuracy: 0.9426 33/126 [======>.......................] - ETA: 11:02 - loss: 0.1926 - accuracy: 0.9420 34/126 [=======>......................] - ETA: 10:55 - loss: 0.1951 - accuracy: 0.9398 35/126 [=======>......................] - ETA: 10:48 - loss: 0.1938 - accuracy: 0.9404 36/126 [=======>......................] - ETA: 10:41 - loss: 0.1918 - accuracy: 0.9414 37/126 [=======>......................] - ETA: 10:35 - loss: 0.1926 - accuracy: 0.9406 38/126 [========>.....................] - ETA: 10:28 - loss: 0.1913 - accuracy: 0.9410 39/126 [========>.....................] - ETA: 10:21 - loss: 0.1929 - accuracy: 0.9405 40/126 [========>.....................] - ETA: 10:14 - loss: 0.1915 - accuracy: 0.9408 41/126 [========>.....................] - ETA: 10:06 - loss: 0.1910 - accuracy: 0.9403 42/126 [=========>....................] - ETA: 9:58 - loss: 0.1915 - accuracy: 0.9403  43/126 [=========>....................] - ETA: 9:52 - loss: 0.1923 - accuracy: 0.9402 44/126 [=========>....................] - ETA: 9:45 - loss: 0.1918 - accuracy: 0.9403 45/126 [=========>....................] - ETA: 9:38 - loss: 0.1927 - accuracy: 0.9397 46/126 [=========>....................] - ETA: 9:31 - loss: 0.1917 - accuracy: 0.9398 47/126 [==========>...................] - ETA: 9:24 - loss: 0.1949 - accuracy: 0.9380 48/126 [==========>...................] - ETA: 9:16 - loss: 0.1951 - accuracy: 0.9376 49/126 [==========>...................] - ETA: 9:09 - loss: 0.1948 - accuracy: 0.9381 50/126 [==========>...................] - ETA: 9:02 - loss: 0.1942 - accuracy: 0.9384 51/126 [===========>..................] - ETA: 8:55 - loss: 0.1933 - accuracy: 0.9388 52/126 [===========>..................] - ETA: 8:48 - loss: 0.1929 - accuracy: 0.9387 53/126 [===========>..................] - ETA: 8:41 - loss: 0.1930 - accuracy: 0.9384 54/126 [===========>..................] - ETA: 8:33 - loss: 0.1935 - accuracy: 0.9380 55/126 [============>.................] - ETA: 8:26 - loss: 0.1929 - accuracy: 0.9383 56/126 [============>.................] - ETA: 8:19 - loss: 0.1927 - accuracy: 0.9379 57/126 [============>.................] - ETA: 8:11 - loss: 0.1929 - accuracy: 0.9379 58/126 [============>.................] - ETA: 8:05 - loss: 0.1926 - accuracy: 0.9375 59/126 [=============>................] - ETA: 7:57 - loss: 0.1941 - accuracy: 0.9371 60/126 [=============>................] - ETA: 7:50 - loss: 0.1958 - accuracy: 0.9369 61/126 [=============>................] - ETA: 7:43 - loss: 0.1951 - accuracy: 0.9371 62/126 [=============>................] - ETA: 7:36 - loss: 0.1950 - accuracy: 0.9372 63/126 [==============>...............] - ETA: 7:29 - loss: 0.1946 - accuracy: 0.9375 64/126 [==============>...............] - ETA: 7:22 - loss: 0.1943 - accuracy: 0.9377 65/126 [==============>...............] - ETA: 7:14 - loss: 0.1940 - accuracy: 0.9377 66/126 [==============>...............] - ETA: 7:07 - loss: 0.1932 - accuracy: 0.9382 67/126 [==============>...............] - ETA: 7:00 - loss: 0.1927 - accuracy: 0.9383 68/126 [===============>..............] - ETA: 6:53 - loss: 0.1932 - accuracy: 0.9378 69/126 [===============>..............] - ETA: 6:46 - loss: 0.1933 - accuracy: 0.9378 70/126 [===============>..............] - ETA: 6:39 - loss: 0.1935 - accuracy: 0.9377 71/126 [===============>..............] - ETA: 6:32 - loss: 0.1940 - accuracy: 0.9376 72/126 [================>.............] - ETA: 6:25 - loss: 0.1942 - accuracy: 0.9376 73/126 [================>.............] - ETA: 6:17 - loss: 0.1951 - accuracy: 0.9369 74/126 [================>.............] - ETA: 6:10 - loss: 0.1955 - accuracy: 0.9369 75/126 [================>.............] - ETA: 6:03 - loss: 0.1954 - accuracy: 0.9368 76/126 [=================>............] - ETA: 5:56 - loss: 0.1953 - accuracy: 0.9368 77/126 [=================>............] - ETA: 5:49 - loss: 0.1953 - accuracy: 0.9368 78/126 [=================>............] - ETA: 5:42 - loss: 0.1953 - accuracy: 0.9365 79/126 [=================>............] - ETA: 5:35 - loss: 0.1957 - accuracy: 0.9363 80/126 [==================>...........] - ETA: 5:28 - loss: 0.1949 - accuracy: 0.9369 81/126 [==================>...........] - ETA: 5:21 - loss: 0.1961 - accuracy: 0.9362 82/126 [==================>...........] - ETA: 5:14 - loss: 0.1960 - accuracy: 0.9364 83/126 [==================>...........] - ETA: 5:07 - loss: 0.1956 - accuracy: 0.9364 84/126 [===================>..........] - ETA: 5:00 - loss: 0.1957 - accuracy: 0.9365 85/126 [===================>..........] - ETA: 4:53 - loss: 0.1955 - accuracy: 0.9364 86/126 [===================>..........] - ETA: 4:46 - loss: 0.1956 - accuracy: 0.9366 87/126 [===================>..........] - ETA: 4:39 - loss: 0.1953 - accuracy: 0.9368 88/126 [===================>..........] - ETA: 4:32 - loss: 0.1952 - accuracy: 0.9370 89/126 [====================>.........] - ETA: 4:24 - loss: 0.1951 - accuracy: 0.9369 90/126 [====================>.........] - ETA: 4:17 - loss: 0.1946 - accuracy: 0.9371 91/126 [====================>.........] - ETA: 4:10 - loss: 0.1946 - accuracy: 0.9368 92/126 [====================>.........] - ETA: 4:03 - loss: 0.1939 - accuracy: 0.9369 93/126 [=====================>........] - ETA: 3:56 - loss: 0.1932 - accuracy: 0.9371 94/126 [=====================>........] - ETA: 3:49 - loss: 0.1936 - accuracy: 0.9371 95/126 [=====================>........] - ETA: 3:42 - loss: 0.1931 - accuracy: 0.9368 96/126 [=====================>........] - ETA: 3:34 - loss: 0.1922 - accuracy: 0.9372 97/126 [======================>.......] - ETA: 3:27 - loss: 0.1931 - accuracy: 0.9368 98/126 [======================>.......] - ETA: 3:20 - loss: 0.1930 - accuracy: 0.9368 99/126 [======================>.......] - ETA: 3:13 - loss: 0.1931 - accuracy: 0.9370100/126 [======================>.......] - ETA: 3:06 - loss: 0.1932 - accuracy: 0.9371101/126 [=======================>......] - ETA: 2:59 - loss: 0.1928 - accuracy: 0.9369102/126 [=======================>......] - ETA: 2:52 - loss: 0.1927 - accuracy: 0.9366103/126 [=======================>......] - ETA: 2:45 - loss: 0.1931 - accuracy: 0.9365104/126 [=======================>......] - ETA: 2:37 - loss: 0.1931 - accuracy: 0.9365105/126 [========================>.....] - ETA: 2:30 - loss: 0.1924 - accuracy: 0.9367106/126 [========================>.....] - ETA: 2:23 - loss: 0.1921 - accuracy: 0.9367107/126 [========================>.....] - ETA: 2:16 - loss: 0.1921 - accuracy: 0.9367108/126 [========================>.....] - ETA: 2:09 - loss: 0.1919 - accuracy: 0.9367109/126 [========================>.....] - ETA: 2:02 - loss: 0.1921 - accuracy: 0.9366110/126 [=========================>....] - ETA: 1:54 - loss: 0.1917 - accuracy: 0.9367111/126 [=========================>....] - ETA: 1:47 - loss: 0.1916 - accuracy: 0.9366112/126 [=========================>....] - ETA: 1:40 - loss: 0.1911 - accuracy: 0.9366113/126 [=========================>....] - ETA: 1:33 - loss: 0.1911 - accuracy: 0.9367114/126 [==========================>...] - ETA: 1:26 - loss: 0.1937 - accuracy: 0.9358115/126 [==========================>...] - ETA: 1:19 - loss: 0.1942 - accuracy: 0.9354116/126 [==========================>...] - ETA: 1:12 - loss: 0.1936 - accuracy: 0.9357117/126 [==========================>...] - ETA: 1:04 - loss: 0.1937 - accuracy: 0.9355118/126 [===========================>..] - ETA: 57s - loss: 0.1931 - accuracy: 0.9358 119/126 [===========================>..] - ETA: 50s - loss: 0.1927 - accuracy: 0.9358120/126 [===========================>..] - ETA: 43s - loss: 0.1924 - accuracy: 0.9359121/126 [===========================>..] - ETA: 36s - loss: 0.1920 - accuracy: 0.9359122/126 [============================>.] - ETA: 28s - loss: 0.1916 - accuracy: 0.9360123/126 [============================>.] - ETA: 21s - loss: 0.1919 - accuracy: 0.9360124/126 [============================>.] - ETA: 14s - loss: 0.1915 - accuracy: 0.9361125/126 [============================>.] - ETA: 7s - loss: 0.1917 - accuracy: 0.9360 126/126 [==============================] - ETA: 0s - loss: 0.1912 - accuracy: 0.9362
Epoch 00003: val_loss did not improve from 0.72544
126/126 [==============================] - 951s 8s/step - loss: 0.1912 - accuracy: 0.9362 - val_loss: 1.1070 - val_accuracy: 0.4019
Epoch 4/30
  1/126 [..............................] - ETA: 18:36 - loss: 0.1759 - accuracy: 0.9453  2/126 [..............................] - ETA: 15:06 - loss: 0.1353 - accuracy: 0.9648  3/126 [..............................] - ETA: 14:31 - loss: 0.1462 - accuracy: 0.9557  4/126 [..............................] - ETA: 14:34 - loss: 0.1531 - accuracy: 0.9531  5/126 [>.............................] - ETA: 14:26 - loss: 0.1476 - accuracy: 0.9531  6/126 [>.............................] - ETA: 15:50 - loss: 0.1486 - accuracy: 0.9518  7/126 [>.............................] - ETA: 15:24 - loss: 0.1655 - accuracy: 0.9464  8/126 [>.............................] - ETA: 15:03 - loss: 0.1718 - accuracy: 0.9443  9/126 [=>............................] - ETA: 14:50 - loss: 0.1675 - accuracy: 0.9462 10/126 [=>............................] - ETA: 14:35 - loss: 0.1688 - accuracy: 0.9430 11/126 [=>............................] - ETA: 14:50 - loss: 0.1705 - accuracy: 0.9439 12/126 [=>............................] - ETA: 14:40 - loss: 0.1661 - accuracy: 0.9473 13/126 [==>...........................] - ETA: 14:26 - loss: 0.1636 - accuracy: 0.9477 14/126 [==>...........................] - ETA: 14:13 - loss: 0.1765 - accuracy: 0.9442 15/126 [==>...........................] - ETA: 14:03 - loss: 0.1739 - accuracy: 0.9448 16/126 [==>...........................] - ETA: 13:55 - loss: 0.1717 - accuracy: 0.9458 17/126 [===>..........................] - ETA: 13:46 - loss: 0.1751 - accuracy: 0.9444 18/126 [===>..........................] - ETA: 13:36 - loss: 0.1758 - accuracy: 0.9436 19/126 [===>..........................] - ETA: 13:28 - loss: 0.1741 - accuracy: 0.9445 20/126 [===>..........................] - ETA: 13:18 - loss: 0.1727 - accuracy: 0.9457 21/126 [====>.........................] - ETA: 13:08 - loss: 0.1709 - accuracy: 0.9461 22/126 [====>.........................] - ETA: 12:59 - loss: 0.1713 - accuracy: 0.9467 23/126 [====>.........................] - ETA: 12:48 - loss: 0.1698 - accuracy: 0.9474 24/126 [====>.........................] - ETA: 12:39 - loss: 0.1705 - accuracy: 0.9466 25/126 [====>.........................] - ETA: 12:29 - loss: 0.1688 - accuracy: 0.9475 26/126 [=====>........................] - ETA: 12:20 - loss: 0.1672 - accuracy: 0.9480 27/126 [=====>........................] - ETA: 12:11 - loss: 0.1659 - accuracy: 0.9482 28/126 [=====>........................] - ETA: 12:03 - loss: 0.1656 - accuracy: 0.9478 29/126 [=====>........................] - ETA: 11:55 - loss: 0.1644 - accuracy: 0.9477 30/126 [======>.......................] - ETA: 11:47 - loss: 0.1651 - accuracy: 0.9474 31/126 [======>.......................] - ETA: 11:40 - loss: 0.1640 - accuracy: 0.9473 32/126 [======>.......................] - ETA: 11:33 - loss: 0.1632 - accuracy: 0.9470 33/126 [======>.......................] - ETA: 11:26 - loss: 0.1640 - accuracy: 0.9465 34/126 [=======>......................] - ETA: 11:18 - loss: 0.1619 - accuracy: 0.9476 35/126 [=======>......................] - ETA: 11:11 - loss: 0.1624 - accuracy: 0.9473 36/126 [=======>......................] - ETA: 11:02 - loss: 0.1612 - accuracy: 0.9479 37/126 [=======>......................] - ETA: 10:55 - loss: 0.1603 - accuracy: 0.9487 38/126 [========>.....................] - ETA: 10:48 - loss: 0.1590 - accuracy: 0.9494 39/126 [========>.....................] - ETA: 10:40 - loss: 0.1582 - accuracy: 0.9491 40/126 [========>.....................] - ETA: 10:34 - loss: 0.1614 - accuracy: 0.9486 41/126 [========>.....................] - ETA: 10:26 - loss: 0.1621 - accuracy: 0.9484 42/126 [=========>....................] - ETA: 10:18 - loss: 0.1621 - accuracy: 0.9485 43/126 [=========>....................] - ETA: 10:11 - loss: 0.1629 - accuracy: 0.9480 44/126 [=========>....................] - ETA: 10:03 - loss: 0.1624 - accuracy: 0.9482 45/126 [=========>....................] - ETA: 9:56 - loss: 0.1625 - accuracy: 0.9479  46/126 [=========>....................] - ETA: 9:48 - loss: 0.1634 - accuracy: 0.9472 47/126 [==========>...................] - ETA: 9:40 - loss: 0.1645 - accuracy: 0.9473 48/126 [==========>...................] - ETA: 9:33 - loss: 0.1670 - accuracy: 0.9460 49/126 [==========>...................] - ETA: 9:26 - loss: 0.1663 - accuracy: 0.9461 50/126 [==========>...................] - ETA: 9:18 - loss: 0.1661 - accuracy: 0.9461 51/126 [===========>..................] - ETA: 9:11 - loss: 0.1669 - accuracy: 0.9458 52/126 [===========>..................] - ETA: 9:03 - loss: 0.1669 - accuracy: 0.9453 53/126 [===========>..................] - ETA: 8:56 - loss: 0.1672 - accuracy: 0.9447 54/126 [===========>..................] - ETA: 8:49 - loss: 0.1670 - accuracy: 0.9447 55/126 [============>.................] - ETA: 8:41 - loss: 0.1673 - accuracy: 0.9443 56/126 [============>.................] - ETA: 8:34 - loss: 0.1679 - accuracy: 0.9441 57/126 [============>.................] - ETA: 8:26 - loss: 0.1689 - accuracy: 0.9438 58/126 [============>.................] - ETA: 8:19 - loss: 0.1684 - accuracy: 0.9436 59/126 [=============>................] - ETA: 8:11 - loss: 0.1678 - accuracy: 0.9436 60/126 [=============>................] - ETA: 8:04 - loss: 0.1667 - accuracy: 0.9441 61/126 [=============>................] - ETA: 7:56 - loss: 0.1659 - accuracy: 0.9445 62/126 [=============>................] - ETA: 7:48 - loss: 0.1659 - accuracy: 0.9446 63/126 [==============>...............] - ETA: 7:41 - loss: 0.1647 - accuracy: 0.9451 64/126 [==============>...............] - ETA: 7:33 - loss: 0.1645 - accuracy: 0.9452 65/126 [==============>...............] - ETA: 7:25 - loss: 0.1648 - accuracy: 0.9447 66/126 [==============>...............] - ETA: 7:18 - loss: 0.1653 - accuracy: 0.9444 67/126 [==============>...............] - ETA: 7:10 - loss: 0.1648 - accuracy: 0.9443 68/126 [===============>..............] - ETA: 7:02 - loss: 0.1657 - accuracy: 0.9436 69/126 [===============>..............] - ETA: 6:55 - loss: 0.1649 - accuracy: 0.9440 70/126 [===============>..............] - ETA: 6:46 - loss: 0.1646 - accuracy: 0.9442 71/126 [===============>..............] - ETA: 6:38 - loss: 0.1642 - accuracy: 0.9441 72/126 [================>.............] - ETA: 6:31 - loss: 0.1636 - accuracy: 0.9441 73/126 [================>.............] - ETA: 6:24 - loss: 0.1634 - accuracy: 0.9439 74/126 [================>.............] - ETA: 6:17 - loss: 0.1629 - accuracy: 0.9442 75/126 [================>.............] - ETA: 6:09 - loss: 0.1620 - accuracy: 0.9446 76/126 [=================>............] - ETA: 6:02 - loss: 0.1614 - accuracy: 0.9448 77/126 [=================>............] - ETA: 5:54 - loss: 0.1620 - accuracy: 0.9446 78/126 [=================>............] - ETA: 5:47 - loss: 0.1614 - accuracy: 0.9447 79/126 [=================>............] - ETA: 5:40 - loss: 0.1612 - accuracy: 0.9445 80/126 [==================>...........] - ETA: 5:32 - loss: 0.1605 - accuracy: 0.9447 81/126 [==================>...........] - ETA: 5:25 - loss: 0.1611 - accuracy: 0.9446 82/126 [==================>...........] - ETA: 5:18 - loss: 0.1610 - accuracy: 0.9445 83/126 [==================>...........] - ETA: 5:10 - loss: 0.1606 - accuracy: 0.9446 84/126 [===================>..........] - ETA: 5:03 - loss: 0.1608 - accuracy: 0.9445 85/126 [===================>..........] - ETA: 4:56 - loss: 0.1606 - accuracy: 0.9444 86/126 [===================>..........] - ETA: 4:48 - loss: 0.1609 - accuracy: 0.9442 87/126 [===================>..........] - ETA: 4:41 - loss: 0.1608 - accuracy: 0.9441 88/126 [===================>..........] - ETA: 4:34 - loss: 0.1606 - accuracy: 0.9442 89/126 [====================>.........] - ETA: 4:26 - loss: 0.1602 - accuracy: 0.9444 90/126 [====================>.........] - ETA: 4:19 - loss: 0.1596 - accuracy: 0.9448 91/126 [====================>.........] - ETA: 4:12 - loss: 0.1591 - accuracy: 0.9452 92/126 [====================>.........] - ETA: 4:04 - loss: 0.1602 - accuracy: 0.9447 93/126 [=====================>........] - ETA: 3:57 - loss: 0.1607 - accuracy: 0.9446 94/126 [=====================>........] - ETA: 3:49 - loss: 0.1609 - accuracy: 0.9446 95/126 [=====================>........] - ETA: 3:42 - loss: 0.1607 - accuracy: 0.9447 96/126 [=====================>........] - ETA: 3:35 - loss: 0.1606 - accuracy: 0.9449 97/126 [======================>.......] - ETA: 3:27 - loss: 0.1607 - accuracy: 0.9450 98/126 [======================>.......] - ETA: 3:20 - loss: 0.1604 - accuracy: 0.9452 99/126 [======================>.......] - ETA: 3:13 - loss: 0.1610 - accuracy: 0.9452100/126 [======================>.......] - ETA: 3:06 - loss: 0.1608 - accuracy: 0.9449101/126 [=======================>......] - ETA: 2:58 - loss: 0.1610 - accuracy: 0.9449102/126 [=======================>......] - ETA: 2:51 - loss: 0.1605 - accuracy: 0.9449103/126 [=======================>......] - ETA: 2:44 - loss: 0.1610 - accuracy: 0.9447104/126 [=======================>......] - ETA: 2:37 - loss: 0.1608 - accuracy: 0.9447105/126 [========================>.....] - ETA: 2:29 - loss: 0.1611 - accuracy: 0.9444106/126 [========================>.....] - ETA: 2:22 - loss: 0.1607 - accuracy: 0.9446107/126 [========================>.....] - ETA: 2:15 - loss: 0.1611 - accuracy: 0.9445108/126 [========================>.....] - ETA: 2:08 - loss: 0.1610 - accuracy: 0.9444109/126 [========================>.....] - ETA: 2:01 - loss: 0.1611 - accuracy: 0.9445110/126 [=========================>....] - ETA: 1:53 - loss: 0.1607 - accuracy: 0.9447111/126 [=========================>....] - ETA: 1:46 - loss: 0.1606 - accuracy: 0.9447112/126 [=========================>....] - ETA: 1:39 - loss: 0.1610 - accuracy: 0.9447113/126 [=========================>....] - ETA: 1:32 - loss: 0.1608 - accuracy: 0.9447114/126 [==========================>...] - ETA: 1:25 - loss: 0.1609 - accuracy: 0.9446115/126 [==========================>...] - ETA: 1:18 - loss: 0.1607 - accuracy: 0.9445116/126 [==========================>...] - ETA: 1:11 - loss: 0.1603 - accuracy: 0.9446117/126 [==========================>...] - ETA: 1:03 - loss: 0.1598 - accuracy: 0.9448118/126 [===========================>..] - ETA: 56s - loss: 0.1593 - accuracy: 0.9450 119/126 [===========================>..] - ETA: 49s - loss: 0.1595 - accuracy: 0.9450120/126 [===========================>..] - ETA: 42s - loss: 0.1592 - accuracy: 0.9451121/126 [===========================>..] - ETA: 35s - loss: 0.1596 - accuracy: 0.9449122/126 [============================>.] - ETA: 28s - loss: 0.1589 - accuracy: 0.9452123/126 [============================>.] - ETA: 21s - loss: 0.1591 - accuracy: 0.9453124/126 [============================>.] - ETA: 14s - loss: 0.1590 - accuracy: 0.9453125/126 [============================>.] - ETA: 7s - loss: 0.1587 - accuracy: 0.9454 126/126 [==============================] - ETA: 0s - loss: 0.1591 - accuracy: 0.9454
Epoch 00004: val_loss did not improve from 0.72544
126/126 [==============================] - 935s 7s/step - loss: 0.1591 - accuracy: 0.9454 - val_loss: 0.8699 - val_accuracy: 0.4019
Epoch 5/30
  1/126 [..............................] - ETA: 18:46 - loss: 0.1225 - accuracy: 0.9453  2/126 [..............................] - ETA: 14:42 - loss: 0.1075 - accuracy: 0.9609  3/126 [..............................] - ETA: 14:30 - loss: 0.1390 - accuracy: 0.9479  4/126 [..............................] - ETA: 14:26 - loss: 0.1381 - accuracy: 0.9434  5/126 [>.............................] - ETA: 14:24 - loss: 0.1555 - accuracy: 0.9438  6/126 [>.............................] - ETA: 14:23 - loss: 0.1482 - accuracy: 0.9466  7/126 [>.............................] - ETA: 14:12 - loss: 0.1487 - accuracy: 0.9475  8/126 [>.............................] - ETA: 14:03 - loss: 0.1486 - accuracy: 0.9482  9/126 [=>............................] - ETA: 13:52 - loss: 0.1445 - accuracy: 0.9488 10/126 [=>............................] - ETA: 13:46 - loss: 0.1415 - accuracy: 0.9484 11/126 [=>............................] - ETA: 13:35 - loss: 0.1439 - accuracy: 0.9482 12/126 [=>............................] - ETA: 13:27 - loss: 0.1423 - accuracy: 0.9499 13/126 [==>...........................] - ETA: 13:17 - loss: 0.1407 - accuracy: 0.9495 14/126 [==>...........................] - ETA: 13:07 - loss: 0.1436 - accuracy: 0.9481 15/126 [==>...........................] - ETA: 12:57 - loss: 0.1491 - accuracy: 0.9474 16/126 [==>...........................] - ETA: 12:49 - loss: 0.1462 - accuracy: 0.9482 17/126 [===>..........................] - ETA: 12:41 - loss: 0.1483 - accuracy: 0.9467 18/126 [===>..........................] - ETA: 12:36 - loss: 0.1486 - accuracy: 0.9475 19/126 [===>..........................] - ETA: 12:29 - loss: 0.1484 - accuracy: 0.9470 20/126 [===>..........................] - ETA: 12:24 - loss: 0.1467 - accuracy: 0.9477 21/126 [====>.........................] - ETA: 12:17 - loss: 0.1454 - accuracy: 0.9475 22/126 [====>.........................] - ETA: 12:11 - loss: 0.1494 - accuracy: 0.9453 23/126 [====>.........................] - ETA: 12:03 - loss: 0.1508 - accuracy: 0.9453 24/126 [====>.........................] - ETA: 11:57 - loss: 0.1492 - accuracy: 0.9456 25/126 [====>.........................] - ETA: 11:49 - loss: 0.1476 - accuracy: 0.9466 26/126 [=====>........................] - ETA: 11:42 - loss: 0.1451 - accuracy: 0.9474 27/126 [=====>........................] - ETA: 11:35 - loss: 0.1459 - accuracy: 0.9473 28/126 [=====>........................] - ETA: 11:27 - loss: 0.1446 - accuracy: 0.9475 29/126 [=====>........................] - ETA: 11:19 - loss: 0.1496 - accuracy: 0.9469 30/126 [======>.......................] - ETA: 11:12 - loss: 0.1495 - accuracy: 0.9466 31/126 [======>.......................] - ETA: 11:06 - loss: 0.1495 - accuracy: 0.9473 32/126 [======>.......................] - ETA: 10:58 - loss: 0.1497 - accuracy: 0.9475 33/126 [======>.......................] - ETA: 10:52 - loss: 0.1504 - accuracy: 0.9467 34/126 [=======>......................] - ETA: 10:45 - loss: 0.1492 - accuracy: 0.9474 35/126 [=======>......................] - ETA: 10:39 - loss: 0.1495 - accuracy: 0.9473 36/126 [=======>......................] - ETA: 10:32 - loss: 0.1488 - accuracy: 0.9475 37/126 [=======>......................] - ETA: 10:24 - loss: 0.1471 - accuracy: 0.9485 38/126 [========>.....................] - ETA: 10:17 - loss: 0.1469 - accuracy: 0.9484 39/126 [========>.....................] - ETA: 10:11 - loss: 0.1470 - accuracy: 0.9483 40/126 [========>.....................] - ETA: 10:04 - loss: 0.1470 - accuracy: 0.9473 41/126 [========>.....................] - ETA: 9:56 - loss: 0.1464 - accuracy: 0.9472  42/126 [=========>....................] - ETA: 9:49 - loss: 0.1458 - accuracy: 0.9474 43/126 [=========>....................] - ETA: 9:43 - loss: 0.1447 - accuracy: 0.9477 44/126 [=========>....................] - ETA: 9:36 - loss: 0.1458 - accuracy: 0.9471 45/126 [=========>....................] - ETA: 9:30 - loss: 0.1474 - accuracy: 0.9469 46/126 [=========>....................] - ETA: 9:23 - loss: 0.1475 - accuracy: 0.9468 47/126 [==========>...................] - ETA: 9:16 - loss: 0.1479 - accuracy: 0.9466 48/126 [==========>...................] - ETA: 9:09 - loss: 0.1489 - accuracy: 0.9466 49/126 [==========>...................] - ETA: 9:02 - loss: 0.1481 - accuracy: 0.9467 50/126 [==========>...................] - ETA: 8:55 - loss: 0.1482 - accuracy: 0.9464 51/126 [===========>..................] - ETA: 8:48 - loss: 0.1485 - accuracy: 0.9467 52/126 [===========>..................] - ETA: 8:41 - loss: 0.1478 - accuracy: 0.9467 53/126 [===========>..................] - ETA: 8:34 - loss: 0.1477 - accuracy: 0.9469 54/126 [===========>..................] - ETA: 8:27 - loss: 0.1480 - accuracy: 0.9468 55/126 [============>.................] - ETA: 8:20 - loss: 0.1477 - accuracy: 0.9466 56/126 [============>.................] - ETA: 8:13 - loss: 0.1474 - accuracy: 0.9467 57/126 [============>.................] - ETA: 8:06 - loss: 0.1470 - accuracy: 0.9467 58/126 [============>.................] - ETA: 7:59 - loss: 0.1470 - accuracy: 0.9465 59/126 [=============>................] - ETA: 7:52 - loss: 0.1482 - accuracy: 0.9462 60/126 [=============>................] - ETA: 7:45 - loss: 0.1476 - accuracy: 0.9465 61/126 [=============>................] - ETA: 7:38 - loss: 0.1471 - accuracy: 0.9466 62/126 [=============>................] - ETA: 7:31 - loss: 0.1472 - accuracy: 0.9464 63/126 [==============>...............] - ETA: 7:24 - loss: 0.1475 - accuracy: 0.9464 64/126 [==============>...............] - ETA: 7:17 - loss: 0.1472 - accuracy: 0.9463 65/126 [==============>...............] - ETA: 7:10 - loss: 0.1479 - accuracy: 0.9460 66/126 [==============>...............] - ETA: 7:03 - loss: 0.1473 - accuracy: 0.9461 67/126 [==============>...............] - ETA: 6:56 - loss: 0.1462 - accuracy: 0.9467 68/126 [===============>..............] - ETA: 6:49 - loss: 0.1464 - accuracy: 0.9469 69/126 [===============>..............] - ETA: 6:42 - loss: 0.1471 - accuracy: 0.9467 70/126 [===============>..............] - ETA: 6:35 - loss: 0.1477 - accuracy: 0.9467 71/126 [===============>..............] - ETA: 6:28 - loss: 0.1479 - accuracy: 0.9465 72/126 [================>.............] - ETA: 6:21 - loss: 0.1491 - accuracy: 0.9461 73/126 [================>.............] - ETA: 6:14 - loss: 0.1485 - accuracy: 0.9460 74/126 [================>.............] - ETA: 6:07 - loss: 0.1485 - accuracy: 0.9457 75/126 [================>.............] - ETA: 5:59 - loss: 0.1484 - accuracy: 0.9456 76/126 [=================>............] - ETA: 5:52 - loss: 0.1483 - accuracy: 0.9456 77/126 [=================>............] - ETA: 5:45 - loss: 0.1488 - accuracy: 0.9456 78/126 [=================>............] - ETA: 5:38 - loss: 0.1477 - accuracy: 0.9461 79/126 [=================>............] - ETA: 5:31 - loss: 0.1475 - accuracy: 0.9460 80/126 [==================>...........] - ETA: 5:24 - loss: 0.1471 - accuracy: 0.9463 81/126 [==================>...........] - ETA: 5:17 - loss: 0.1466 - accuracy: 0.9466 82/126 [==================>...........] - ETA: 5:10 - loss: 0.1461 - accuracy: 0.9467 83/126 [==================>...........] - ETA: 5:03 - loss: 0.1469 - accuracy: 0.9468 84/126 [===================>..........] - ETA: 4:56 - loss: 0.1475 - accuracy: 0.9467 85/126 [===================>..........] - ETA: 4:49 - loss: 0.1480 - accuracy: 0.9467 86/126 [===================>..........] - ETA: 4:42 - loss: 0.1482 - accuracy: 0.9467 87/126 [===================>..........] - ETA: 4:35 - loss: 0.1482 - accuracy: 0.9468 88/126 [===================>..........] - ETA: 4:28 - loss: 0.1479 - accuracy: 0.9468 89/126 [====================>.........] - ETA: 4:21 - loss: 0.1478 - accuracy: 0.9467 90/126 [====================>.........] - ETA: 4:14 - loss: 0.1478 - accuracy: 0.9468 91/126 [====================>.........] - ETA: 4:07 - loss: 0.1475 - accuracy: 0.9467 92/126 [====================>.........] - ETA: 4:00 - loss: 0.1478 - accuracy: 0.9463 93/126 [=====================>........] - ETA: 3:53 - loss: 0.1476 - accuracy: 0.9462 94/126 [=====================>........] - ETA: 3:46 - loss: 0.1484 - accuracy: 0.9460 95/126 [=====================>........] - ETA: 3:39 - loss: 0.1480 - accuracy: 0.9461 96/126 [=====================>........] - ETA: 3:32 - loss: 0.1478 - accuracy: 0.9464 97/126 [======================>.......] - ETA: 3:25 - loss: 0.1481 - accuracy: 0.9460 98/126 [======================>.......] - ETA: 3:18 - loss: 0.1475 - accuracy: 0.9464 99/126 [======================>.......] - ETA: 3:11 - loss: 0.1473 - accuracy: 0.9465100/126 [======================>.......] - ETA: 3:04 - loss: 0.1468 - accuracy: 0.9466101/126 [=======================>......] - ETA: 2:57 - loss: 0.1478 - accuracy: 0.9461102/126 [=======================>......] - ETA: 2:50 - loss: 0.1473 - accuracy: 0.9462103/126 [=======================>......] - ETA: 2:43 - loss: 0.1465 - accuracy: 0.9466104/126 [=======================>......] - ETA: 2:36 - loss: 0.1466 - accuracy: 0.9467105/126 [========================>.....] - ETA: 2:29 - loss: 0.1460 - accuracy: 0.9470106/126 [========================>.....] - ETA: 2:22 - loss: 0.1463 - accuracy: 0.9466107/126 [========================>.....] - ETA: 2:15 - loss: 0.1458 - accuracy: 0.9469108/126 [========================>.....] - ETA: 2:07 - loss: 0.1455 - accuracy: 0.9469109/126 [========================>.....] - ETA: 2:00 - loss: 0.1453 - accuracy: 0.9470110/126 [=========================>....] - ETA: 1:53 - loss: 0.1453 - accuracy: 0.9470111/126 [=========================>....] - ETA: 1:46 - loss: 0.1452 - accuracy: 0.9470112/126 [=========================>....] - ETA: 1:39 - loss: 0.1446 - accuracy: 0.9471113/126 [=========================>....] - ETA: 1:32 - loss: 0.1441 - accuracy: 0.9475114/126 [==========================>...] - ETA: 1:25 - loss: 0.1443 - accuracy: 0.9473115/126 [==========================>...] - ETA: 1:18 - loss: 0.1448 - accuracy: 0.9468116/126 [==========================>...] - ETA: 1:11 - loss: 0.1448 - accuracy: 0.9468117/126 [==========================>...] - ETA: 1:04 - loss: 0.1446 - accuracy: 0.9471118/126 [===========================>..] - ETA: 57s - loss: 0.1447 - accuracy: 0.9470 119/126 [===========================>..] - ETA: 50s - loss: 0.1443 - accuracy: 0.9471120/126 [===========================>..] - ETA: 42s - loss: 0.1446 - accuracy: 0.9469121/126 [===========================>..] - ETA: 35s - loss: 0.1446 - accuracy: 0.9469122/126 [============================>.] - ETA: 28s - loss: 0.1442 - accuracy: 0.9471123/126 [============================>.] - ETA: 21s - loss: 0.1443 - accuracy: 0.9470124/126 [============================>.] - ETA: 14s - loss: 0.1442 - accuracy: 0.9471125/126 [============================>.] - ETA: 7s - loss: 0.1438 - accuracy: 0.9472 126/126 [==============================] - ETA: 0s - loss: 0.1441 - accuracy: 0.9472
Epoch 00005: val_loss improved from 0.72544 to 0.70539, saving model to NASNetMobile_checkpoint_best_0.7054.h5
126/126 [==============================] - 952s 8s/step - loss: 0.1441 - accuracy: 0.9472 - val_loss: 0.7054 - val_accuracy: 0.4400
Epoch 6/30
  1/126 [..............................] - ETA: 19:57 - loss: 0.1539 - accuracy: 0.9609  2/126 [..............................] - ETA: 15:13 - loss: 0.1192 - accuracy: 0.9648  3/126 [..............................] - ETA: 15:30 - loss: 0.1349 - accuracy: 0.9557  4/126 [..............................] - ETA: 15:15 - loss: 0.1300 - accuracy: 0.9590  5/126 [>.............................] - ETA: 15:11 - loss: 0.1362 - accuracy: 0.9594  6/126 [>.............................] - ETA: 15:00 - loss: 0.1361 - accuracy: 0.9583  7/126 [>.............................] - ETA: 14:53 - loss: 0.1419 - accuracy: 0.9554  8/126 [>.............................] - ETA: 14:44 - loss: 0.1506 - accuracy: 0.9531  9/126 [=>............................] - ETA: 14:32 - loss: 0.1550 - accuracy: 0.9505 10/126 [=>............................] - ETA: 14:26 - loss: 0.1486 - accuracy: 0.9516 11/126 [=>............................] - ETA: 14:16 - loss: 0.1438 - accuracy: 0.9545 12/126 [=>............................] - ETA: 14:08 - loss: 0.1418 - accuracy: 0.9544 13/126 [==>...........................] - ETA: 14:00 - loss: 0.1405 - accuracy: 0.9549 14/126 [==>...........................] - ETA: 13:54 - loss: 0.1414 - accuracy: 0.9531 15/126 [==>...........................] - ETA: 13:46 - loss: 0.1389 - accuracy: 0.9536 16/126 [==>...........................] - ETA: 13:39 - loss: 0.1440 - accuracy: 0.9536 17/126 [===>..........................] - ETA: 13:31 - loss: 0.1445 - accuracy: 0.9531 18/126 [===>..........................] - ETA: 13:23 - loss: 0.1454 - accuracy: 0.9518 19/126 [===>..........................] - ETA: 13:15 - loss: 0.1425 - accuracy: 0.9531 20/126 [===>..........................] - ETA: 13:08 - loss: 0.1425 - accuracy: 0.9527 21/126 [====>.........................] - ETA: 13:00 - loss: 0.1393 - accuracy: 0.9542 22/126 [====>.........................] - ETA: 12:54 - loss: 0.1380 - accuracy: 0.9542 23/126 [====>.........................] - ETA: 12:47 - loss: 0.1392 - accuracy: 0.9541 24/126 [====>.........................] - ETA: 12:39 - loss: 0.1389 - accuracy: 0.9535 25/126 [====>.........................] - ETA: 12:31 - loss: 0.1356 - accuracy: 0.9553 26/126 [=====>........................] - ETA: 12:13 - loss: 0.1354 - accuracy: 0.9550 27/126 [=====>........................] - ETA: 12:07 - loss: 0.1357 - accuracy: 0.9556 28/126 [=====>........................] - ETA: 12:00 - loss: 0.1334 - accuracy: 0.9563 29/126 [=====>........................] - ETA: 11:53 - loss: 0.1344 - accuracy: 0.9559 30/126 [======>.......................] - ETA: 11:46 - loss: 0.1333 - accuracy: 0.9558 31/126 [======>.......................] - ETA: 11:39 - loss: 0.1316 - accuracy: 0.9568 32/126 [======>.......................] - ETA: 11:31 - loss: 0.1321 - accuracy: 0.9564 33/126 [======>.......................] - ETA: 11:23 - loss: 0.1325 - accuracy: 0.9558 34/126 [=======>......................] - ETA: 11:15 - loss: 0.1337 - accuracy: 0.9560 35/126 [=======>......................] - ETA: 11:07 - loss: 0.1356 - accuracy: 0.9550 36/126 [=======>......................] - ETA: 11:00 - loss: 0.1343 - accuracy: 0.9554 37/126 [=======>......................] - ETA: 10:52 - loss: 0.1353 - accuracy: 0.9553 38/126 [========>.....................] - ETA: 10:45 - loss: 0.1342 - accuracy: 0.9561 39/126 [========>.....................] - ETA: 10:37 - loss: 0.1339 - accuracy: 0.9564 40/126 [========>.....................] - ETA: 10:30 - loss: 0.1360 - accuracy: 0.9544 41/126 [========>.....................] - ETA: 10:22 - loss: 0.1370 - accuracy: 0.9545 42/126 [=========>....................] - ETA: 10:15 - loss: 0.1375 - accuracy: 0.9536 43/126 [=========>....................] - ETA: 10:08 - loss: 0.1378 - accuracy: 0.9534 44/126 [=========>....................] - ETA: 10:00 - loss: 0.1373 - accuracy: 0.9539 45/126 [=========>....................] - ETA: 9:53 - loss: 0.1378 - accuracy: 0.9537  46/126 [=========>....................] - ETA: 9:46 - loss: 0.1371 - accuracy: 0.9539 47/126 [==========>...................] - ETA: 9:39 - loss: 0.1378 - accuracy: 0.9533 48/126 [==========>...................] - ETA: 9:32 - loss: 0.1394 - accuracy: 0.9524 49/126 [==========>...................] - ETA: 9:25 - loss: 0.1393 - accuracy: 0.9524 50/126 [==========>...................] - ETA: 9:18 - loss: 0.1388 - accuracy: 0.9522 51/126 [===========>..................] - ETA: 9:11 - loss: 0.1381 - accuracy: 0.9527 52/126 [===========>..................] - ETA: 9:03 - loss: 0.1376 - accuracy: 0.9529 53/126 [===========>..................] - ETA: 8:56 - loss: 0.1371 - accuracy: 0.9530 54/126 [===========>..................] - ETA: 8:49 - loss: 0.1368 - accuracy: 0.9527 55/126 [============>.................] - ETA: 8:42 - loss: 0.1367 - accuracy: 0.9529 56/126 [============>.................] - ETA: 8:35 - loss: 0.1364 - accuracy: 0.9529 57/126 [============>.................] - ETA: 8:28 - loss: 0.1358 - accuracy: 0.9530 58/126 [============>.................] - ETA: 8:20 - loss: 0.1349 - accuracy: 0.9534 59/126 [=============>................] - ETA: 8:12 - loss: 0.1346 - accuracy: 0.9534 60/126 [=============>................] - ETA: 8:05 - loss: 0.1344 - accuracy: 0.9532 61/126 [=============>................] - ETA: 7:58 - loss: 0.1343 - accuracy: 0.9530 62/126 [=============>................] - ETA: 7:50 - loss: 0.1336 - accuracy: 0.9532 63/126 [==============>...............] - ETA: 7:43 - loss: 0.1339 - accuracy: 0.9530 64/126 [==============>...............] - ETA: 7:36 - loss: 0.1342 - accuracy: 0.9532 65/126 [==============>...............] - ETA: 7:28 - loss: 0.1332 - accuracy: 0.9536 66/126 [==============>...............] - ETA: 7:21 - loss: 0.1342 - accuracy: 0.9535 67/126 [==============>...............] - ETA: 7:14 - loss: 0.1334 - accuracy: 0.9535 68/126 [===============>..............] - ETA: 7:07 - loss: 0.1327 - accuracy: 0.9539 69/126 [===============>..............] - ETA: 7:00 - loss: 0.1321 - accuracy: 0.9543 70/126 [===============>..............] - ETA: 6:53 - loss: 0.1320 - accuracy: 0.9544 71/126 [===============>..............] - ETA: 6:45 - loss: 0.1312 - accuracy: 0.9547 72/126 [================>.............] - ETA: 6:38 - loss: 0.1309 - accuracy: 0.9549 73/126 [================>.............] - ETA: 6:31 - loss: 0.1304 - accuracy: 0.9551 74/126 [================>.............] - ETA: 6:23 - loss: 0.1303 - accuracy: 0.9550 75/126 [================>.............] - ETA: 6:16 - loss: 0.1317 - accuracy: 0.9543 76/126 [=================>............] - ETA: 6:09 - loss: 0.1311 - accuracy: 0.9545 77/126 [=================>............] - ETA: 6:01 - loss: 0.1305 - accuracy: 0.9548 78/126 [=================>............] - ETA: 5:54 - loss: 0.1303 - accuracy: 0.9551 79/126 [=================>............] - ETA: 5:47 - loss: 0.1298 - accuracy: 0.9552 80/126 [==================>...........] - ETA: 5:40 - loss: 0.1292 - accuracy: 0.9553 81/126 [==================>...........] - ETA: 5:32 - loss: 0.1300 - accuracy: 0.9550 82/126 [==================>...........] - ETA: 5:25 - loss: 0.1305 - accuracy: 0.9549 83/126 [==================>...........] - ETA: 5:18 - loss: 0.1309 - accuracy: 0.9549 84/126 [===================>..........] - ETA: 5:11 - loss: 0.1318 - accuracy: 0.9545 85/126 [===================>..........] - ETA: 5:04 - loss: 0.1332 - accuracy: 0.9542 86/126 [===================>..........] - ETA: 4:56 - loss: 0.1331 - accuracy: 0.9539 87/126 [===================>..........] - ETA: 4:49 - loss: 0.1328 - accuracy: 0.9539 88/126 [===================>..........] - ETA: 4:41 - loss: 0.1325 - accuracy: 0.9539 89/126 [====================>.........] - ETA: 4:34 - loss: 0.1321 - accuracy: 0.9543 90/126 [====================>.........] - ETA: 4:26 - loss: 0.1317 - accuracy: 0.9544 91/126 [====================>.........] - ETA: 4:19 - loss: 0.1328 - accuracy: 0.9538 92/126 [====================>.........] - ETA: 4:12 - loss: 0.1324 - accuracy: 0.9541 93/126 [=====================>........] - ETA: 4:04 - loss: 0.1323 - accuracy: 0.9541 94/126 [=====================>........] - ETA: 3:57 - loss: 0.1324 - accuracy: 0.9539 95/126 [=====================>........] - ETA: 3:49 - loss: 0.1321 - accuracy: 0.9539 96/126 [=====================>........] - ETA: 3:42 - loss: 0.1318 - accuracy: 0.9540 97/126 [======================>.......] - ETA: 3:34 - loss: 0.1314 - accuracy: 0.9543 98/126 [======================>.......] - ETA: 3:27 - loss: 0.1316 - accuracy: 0.9543 99/126 [======================>.......] - ETA: 3:20 - loss: 0.1322 - accuracy: 0.9542100/126 [======================>.......] - ETA: 3:12 - loss: 0.1327 - accuracy: 0.9539101/126 [=======================>......] - ETA: 3:05 - loss: 0.1333 - accuracy: 0.9537102/126 [=======================>......] - ETA: 2:57 - loss: 0.1327 - accuracy: 0.9540103/126 [=======================>......] - ETA: 2:50 - loss: 0.1331 - accuracy: 0.9541104/126 [=======================>......] - ETA: 2:42 - loss: 0.1330 - accuracy: 0.9542105/126 [========================>.....] - ETA: 2:35 - loss: 0.1330 - accuracy: 0.9541106/126 [========================>.....] - ETA: 2:27 - loss: 0.1329 - accuracy: 0.9543107/126 [========================>.....] - ETA: 2:20 - loss: 0.1324 - accuracy: 0.9545108/126 [========================>.....] - ETA: 2:13 - loss: 0.1327 - accuracy: 0.9544109/126 [========================>.....] - ETA: 2:05 - loss: 0.1323 - accuracy: 0.9547110/126 [=========================>....] - ETA: 1:58 - loss: 0.1319 - accuracy: 0.9549111/126 [=========================>....] - ETA: 1:50 - loss: 0.1316 - accuracy: 0.9549112/126 [=========================>....] - ETA: 1:43 - loss: 0.1315 - accuracy: 0.9549113/126 [=========================>....] - ETA: 1:36 - loss: 0.1309 - accuracy: 0.9551114/126 [==========================>...] - ETA: 1:28 - loss: 0.1313 - accuracy: 0.9551115/126 [==========================>...] - ETA: 1:21 - loss: 0.1307 - accuracy: 0.9553116/126 [==========================>...] - ETA: 1:13 - loss: 0.1313 - accuracy: 0.9552117/126 [==========================>...] - ETA: 1:06 - loss: 0.1311 - accuracy: 0.9554118/126 [===========================>..] - ETA: 59s - loss: 0.1308 - accuracy: 0.9555 119/126 [===========================>..] - ETA: 51s - loss: 0.1304 - accuracy: 0.9556120/126 [===========================>..] - ETA: 44s - loss: 0.1307 - accuracy: 0.9555121/126 [===========================>..] - ETA: 36s - loss: 0.1300 - accuracy: 0.9557122/126 [============================>.] - ETA: 29s - loss: 0.1298 - accuracy: 0.9557123/126 [============================>.] - ETA: 22s - loss: 0.1296 - accuracy: 0.9558124/126 [============================>.] - ETA: 14s - loss: 0.1301 - accuracy: 0.9557125/126 [============================>.] - ETA: 7s - loss: 0.1305 - accuracy: 0.9556 126/126 [==============================] - ETA: 0s - loss: 0.1303 - accuracy: 0.9556
Epoch 00006: val_loss improved from 0.70539 to 0.68349, saving model to NASNetMobile_checkpoint_best_0.6835.h5
126/126 [==============================] - 977s 8s/step - loss: 0.1303 - accuracy: 0.9556 - val_loss: 0.6835 - val_accuracy: 0.5981
Epoch 7/30
  1/126 [..............................] - ETA: 20:02 - loss: 0.1015 - accuracy: 0.9531  2/126 [..............................] - ETA: 15:08 - loss: 0.0986 - accuracy: 0.9648  3/126 [..............................] - ETA: 15:42 - loss: 0.0963 - accuracy: 0.9714  4/126 [..............................] - ETA: 15:29 - loss: 0.0924 - accuracy: 0.9707  5/126 [>.............................] - ETA: 15:26 - loss: 0.0926 - accuracy: 0.9672  6/126 [>.............................] - ETA: 15:24 - loss: 0.0979 - accuracy: 0.9648  7/126 [>.............................] - ETA: 15:10 - loss: 0.0969 - accuracy: 0.9665  8/126 [>.............................] - ETA: 15:05 - loss: 0.1103 - accuracy: 0.9619  9/126 [=>............................] - ETA: 14:55 - loss: 0.1099 - accuracy: 0.9618 10/126 [=>............................] - ETA: 14:52 - loss: 0.1165 - accuracy: 0.9609 11/126 [=>............................] - ETA: 14:42 - loss: 0.1243 - accuracy: 0.9560 12/126 [=>............................] - ETA: 14:35 - loss: 0.1205 - accuracy: 0.9583 13/126 [==>...........................] - ETA: 14:27 - loss: 0.1165 - accuracy: 0.9615 14/126 [==>...........................] - ETA: 14:20 - loss: 0.1127 - accuracy: 0.9626 15/126 [==>...........................] - ETA: 14:12 - loss: 0.1146 - accuracy: 0.9599 16/126 [==>...........................] - ETA: 14:06 - loss: 0.1135 - accuracy: 0.9595 17/126 [===>..........................] - ETA: 13:57 - loss: 0.1121 - accuracy: 0.9600 18/126 [===>..........................] - ETA: 13:49 - loss: 0.1123 - accuracy: 0.9605 19/126 [===>..........................] - ETA: 13:42 - loss: 0.1140 - accuracy: 0.9597 20/126 [===>..........................] - ETA: 13:34 - loss: 0.1147 - accuracy: 0.9594 21/126 [====>.........................] - ETA: 13:28 - loss: 0.1151 - accuracy: 0.9591 22/126 [====>.........................] - ETA: 13:20 - loss: 0.1142 - accuracy: 0.9592 23/126 [====>.........................] - ETA: 13:14 - loss: 0.1143 - accuracy: 0.9596 24/126 [====>.........................] - ETA: 13:06 - loss: 0.1142 - accuracy: 0.9593 25/126 [====>.........................] - ETA: 12:58 - loss: 0.1136 - accuracy: 0.9594 26/126 [=====>........................] - ETA: 12:51 - loss: 0.1136 - accuracy: 0.9597 27/126 [=====>........................] - ETA: 12:43 - loss: 0.1124 - accuracy: 0.9604 28/126 [=====>........................] - ETA: 12:35 - loss: 0.1151 - accuracy: 0.9590 29/126 [=====>........................] - ETA: 12:28 - loss: 0.1146 - accuracy: 0.9596 30/126 [======>.......................] - ETA: 12:21 - loss: 0.1163 - accuracy: 0.9589 31/126 [======>.......................] - ETA: 12:15 - loss: 0.1166 - accuracy: 0.9592 32/126 [======>.......................] - ETA: 12:07 - loss: 0.1168 - accuracy: 0.9585 33/126 [======>.......................] - ETA: 11:59 - loss: 0.1164 - accuracy: 0.9586 34/126 [=======>......................] - ETA: 11:51 - loss: 0.1160 - accuracy: 0.9591 35/126 [=======>......................] - ETA: 11:43 - loss: 0.1147 - accuracy: 0.9600 36/126 [=======>......................] - ETA: 11:34 - loss: 0.1157 - accuracy: 0.9601 37/126 [=======>......................] - ETA: 11:27 - loss: 0.1171 - accuracy: 0.9599 38/126 [========>.....................] - ETA: 11:19 - loss: 0.1196 - accuracy: 0.9593 39/126 [========>.....................] - ETA: 11:12 - loss: 0.1191 - accuracy: 0.9591 40/126 [========>.....................] - ETA: 11:05 - loss: 0.1197 - accuracy: 0.9586 41/126 [========>.....................] - ETA: 10:57 - loss: 0.1201 - accuracy: 0.9587 42/126 [=========>....................] - ETA: 10:49 - loss: 0.1215 - accuracy: 0.9580 43/126 [=========>....................] - ETA: 10:40 - loss: 0.1203 - accuracy: 0.9584 44/126 [=========>....................] - ETA: 10:33 - loss: 0.1215 - accuracy: 0.9579 45/126 [=========>....................] - ETA: 10:25 - loss: 0.1216 - accuracy: 0.9578 46/126 [=========>....................] - ETA: 10:18 - loss: 0.1221 - accuracy: 0.9577 47/126 [==========>...................] - ETA: 10:10 - loss: 0.1234 - accuracy: 0.9568 48/126 [==========>...................] - ETA: 10:03 - loss: 0.1238 - accuracy: 0.9564 49/126 [==========>...................] - ETA: 9:55 - loss: 0.1251 - accuracy: 0.9555  50/126 [==========>...................] - ETA: 9:48 - loss: 0.1250 - accuracy: 0.9556 51/126 [===========>..................] - ETA: 9:40 - loss: 0.1248 - accuracy: 0.9560 52/126 [===========>..................] - ETA: 9:32 - loss: 0.1250 - accuracy: 0.9560 53/126 [===========>..................] - ETA: 9:24 - loss: 0.1255 - accuracy: 0.9556 54/126 [===========>..................] - ETA: 9:17 - loss: 0.1266 - accuracy: 0.9554 55/126 [============>.................] - ETA: 9:09 - loss: 0.1271 - accuracy: 0.9545 56/126 [============>.................] - ETA: 9:01 - loss: 0.1292 - accuracy: 0.9541 57/126 [============>.................] - ETA: 8:54 - loss: 0.1296 - accuracy: 0.9538 58/126 [============>.................] - ETA: 8:46 - loss: 0.1290 - accuracy: 0.9541 59/126 [=============>................] - ETA: 8:37 - loss: 0.1294 - accuracy: 0.9539 60/126 [=============>................] - ETA: 8:30 - loss: 0.1293 - accuracy: 0.9540 61/126 [=============>................] - ETA: 8:22 - loss: 0.1292 - accuracy: 0.9539 62/126 [=============>................] - ETA: 8:14 - loss: 0.1288 - accuracy: 0.9539 63/126 [==============>...............] - ETA: 8:06 - loss: 0.1282 - accuracy: 0.9540 64/126 [==============>...............] - ETA: 7:59 - loss: 0.1279 - accuracy: 0.9541 65/126 [==============>...............] - ETA: 7:51 - loss: 0.1287 - accuracy: 0.9535 66/126 [==============>...............] - ETA: 7:43 - loss: 0.1284 - accuracy: 0.9537 67/126 [==============>...............] - ETA: 7:35 - loss: 0.1284 - accuracy: 0.9536 68/126 [===============>..............] - ETA: 7:27 - loss: 0.1279 - accuracy: 0.9537 69/126 [===============>..............] - ETA: 7:20 - loss: 0.1283 - accuracy: 0.9536 70/126 [===============>..............] - ETA: 7:12 - loss: 0.1276 - accuracy: 0.9539 71/126 [===============>..............] - ETA: 7:04 - loss: 0.1277 - accuracy: 0.9538 72/126 [================>.............] - ETA: 6:56 - loss: 0.1274 - accuracy: 0.9538 73/126 [================>.............] - ETA: 6:49 - loss: 0.1270 - accuracy: 0.9541 74/126 [================>.............] - ETA: 6:41 - loss: 0.1262 - accuracy: 0.9545 75/126 [================>.............] - ETA: 6:33 - loss: 0.1256 - accuracy: 0.9547 76/126 [=================>............] - ETA: 6:26 - loss: 0.1254 - accuracy: 0.9548 77/126 [=================>............] - ETA: 6:18 - loss: 0.1260 - accuracy: 0.9545 78/126 [=================>............] - ETA: 6:10 - loss: 0.1254 - accuracy: 0.9546 79/126 [=================>............] - ETA: 6:02 - loss: 0.1249 - accuracy: 0.9547 80/126 [==================>...........] - ETA: 5:55 - loss: 0.1245 - accuracy: 0.9549 81/126 [==================>...........] - ETA: 5:47 - loss: 0.1239 - accuracy: 0.9552 82/126 [==================>...........] - ETA: 5:39 - loss: 0.1238 - accuracy: 0.9553 83/126 [==================>...........] - ETA: 5:31 - loss: 0.1234 - accuracy: 0.9553 84/126 [===================>..........] - ETA: 5:23 - loss: 0.1228 - accuracy: 0.9556 85/126 [===================>..........] - ETA: 5:16 - loss: 0.1224 - accuracy: 0.9559 86/126 [===================>..........] - ETA: 5:08 - loss: 0.1225 - accuracy: 0.9556 87/126 [===================>..........] - ETA: 5:00 - loss: 0.1236 - accuracy: 0.9555 88/126 [===================>..........] - ETA: 4:53 - loss: 0.1238 - accuracy: 0.9553 89/126 [====================>.........] - ETA: 4:47 - loss: 0.1237 - accuracy: 0.9554 90/126 [====================>.........] - ETA: 4:39 - loss: 0.1243 - accuracy: 0.9552 91/126 [====================>.........] - ETA: 4:31 - loss: 0.1243 - accuracy: 0.9553 92/126 [====================>.........] - ETA: 4:23 - loss: 0.1244 - accuracy: 0.9552 93/126 [=====================>........] - ETA: 4:16 - loss: 0.1244 - accuracy: 0.9553 94/126 [=====================>........] - ETA: 4:07 - loss: 0.1243 - accuracy: 0.9554 95/126 [=====================>........] - ETA: 3:59 - loss: 0.1241 - accuracy: 0.9555 96/126 [=====================>........] - ETA: 3:52 - loss: 0.1241 - accuracy: 0.9555 97/126 [======================>.......] - ETA: 3:44 - loss: 0.1235 - accuracy: 0.9557 98/126 [======================>.......] - ETA: 3:36 - loss: 0.1234 - accuracy: 0.9559 99/126 [======================>.......] - ETA: 3:28 - loss: 0.1233 - accuracy: 0.9560100/126 [======================>.......] - ETA: 3:21 - loss: 0.1230 - accuracy: 0.9560101/126 [=======================>......] - ETA: 3:13 - loss: 0.1228 - accuracy: 0.9560102/126 [=======================>......] - ETA: 3:05 - loss: 0.1227 - accuracy: 0.9559103/126 [=======================>......] - ETA: 2:57 - loss: 0.1234 - accuracy: 0.9555104/126 [=======================>......] - ETA: 2:49 - loss: 0.1232 - accuracy: 0.9556105/126 [========================>.....] - ETA: 2:42 - loss: 0.1229 - accuracy: 0.9555106/126 [========================>.....] - ETA: 2:34 - loss: 0.1227 - accuracy: 0.9554107/126 [========================>.....] - ETA: 2:26 - loss: 0.1227 - accuracy: 0.9553108/126 [========================>.....] - ETA: 2:19 - loss: 0.1233 - accuracy: 0.9553109/126 [========================>.....] - ETA: 2:11 - loss: 0.1229 - accuracy: 0.9557110/126 [=========================>....] - ETA: 2:03 - loss: 0.1227 - accuracy: 0.9558111/126 [=========================>....] - ETA: 1:55 - loss: 0.1228 - accuracy: 0.9558112/126 [=========================>....] - ETA: 1:48 - loss: 0.1231 - accuracy: 0.9558113/126 [=========================>....] - ETA: 1:40 - loss: 0.1232 - accuracy: 0.9556114/126 [==========================>...] - ETA: 1:32 - loss: 0.1232 - accuracy: 0.9558115/126 [==========================>...] - ETA: 1:24 - loss: 0.1229 - accuracy: 0.9559116/126 [==========================>...] - ETA: 1:17 - loss: 0.1230 - accuracy: 0.9558117/126 [==========================>...] - ETA: 1:09 - loss: 0.1224 - accuracy: 0.9560118/126 [===========================>..] - ETA: 1:01 - loss: 0.1221 - accuracy: 0.9562119/126 [===========================>..] - ETA: 54s - loss: 0.1216 - accuracy: 0.9565 120/126 [===========================>..] - ETA: 46s - loss: 0.1218 - accuracy: 0.9565121/126 [===========================>..] - ETA: 38s - loss: 0.1217 - accuracy: 0.9568122/126 [============================>.] - ETA: 30s - loss: 0.1219 - accuracy: 0.9566123/126 [============================>.] - ETA: 23s - loss: 0.1222 - accuracy: 0.9564124/126 [============================>.] - ETA: 15s - loss: 0.1217 - accuracy: 0.9566125/126 [============================>.] - ETA: 7s - loss: 0.1216 - accuracy: 0.9567 126/126 [==============================] - ETA: 0s - loss: 0.1213 - accuracy: 0.9567
Epoch 00007: val_loss did not improve from 0.68349
126/126 [==============================] - 1024s 8s/step - loss: 0.1213 - accuracy: 0.9567 - val_loss: 0.7619 - val_accuracy: 0.4019
Epoch 8/30
  1/126 [..............................] - ETA: 20:31 - loss: 0.0926 - accuracy: 0.9766  2/126 [..............................] - ETA: 17:06 - loss: 0.1328 - accuracy: 0.9609  3/126 [..............................] - ETA: 16:00 - loss: 0.1215 - accuracy: 0.9609  4/126 [..............................] - ETA: 15:41 - loss: 0.1268 - accuracy: 0.9551  5/126 [>.............................] - ETA: 15:39 - loss: 0.1202 - accuracy: 0.9594  6/126 [>.............................] - ETA: 15:18 - loss: 0.1196 - accuracy: 0.9570  7/126 [>.............................] - ETA: 15:11 - loss: 0.1163 - accuracy: 0.9598  8/126 [>.............................] - ETA: 15:02 - loss: 0.1096 - accuracy: 0.9629  9/126 [=>............................] - ETA: 14:56 - loss: 0.1105 - accuracy: 0.9627 10/126 [=>............................] - ETA: 14:46 - loss: 0.1140 - accuracy: 0.9609 11/126 [=>............................] - ETA: 14:37 - loss: 0.1175 - accuracy: 0.9602 12/126 [=>............................] - ETA: 14:28 - loss: 0.1174 - accuracy: 0.9603 13/126 [==>...........................] - ETA: 14:21 - loss: 0.1144 - accuracy: 0.9615 14/126 [==>...........................] - ETA: 14:13 - loss: 0.1127 - accuracy: 0.9632 15/126 [==>...........................] - ETA: 14:05 - loss: 0.1136 - accuracy: 0.9641 16/126 [==>...........................] - ETA: 13:58 - loss: 0.1107 - accuracy: 0.9648 17/126 [===>..........................] - ETA: 13:49 - loss: 0.1114 - accuracy: 0.9642 18/126 [===>..........................] - ETA: 13:40 - loss: 0.1091 - accuracy: 0.9653 19/126 [===>..........................] - ETA: 13:31 - loss: 0.1126 - accuracy: 0.9638 20/126 [===>..........................] - ETA: 13:22 - loss: 0.1161 - accuracy: 0.9617 21/126 [====>.........................] - ETA: 13:16 - loss: 0.1144 - accuracy: 0.9628 22/126 [====>.........................] - ETA: 13:09 - loss: 0.1164 - accuracy: 0.9616 23/126 [====>.........................] - ETA: 13:01 - loss: 0.1205 - accuracy: 0.9606 24/126 [====>.........................] - ETA: 12:55 - loss: 0.1215 - accuracy: 0.9596 25/126 [====>.........................] - ETA: 12:48 - loss: 0.1212 - accuracy: 0.9600 26/126 [=====>........................] - ETA: 12:40 - loss: 0.1217 - accuracy: 0.9588 27/126 [=====>........................] - ETA: 12:32 - loss: 0.1207 - accuracy: 0.9592 28/126 [=====>........................] - ETA: 12:18 - loss: 0.1205 - accuracy: 0.9589 29/126 [=====>........................] - ETA: 12:10 - loss: 0.1207 - accuracy: 0.9581 30/126 [======>.......................] - ETA: 12:03 - loss: 0.1202 - accuracy: 0.9587 31/126 [======>.......................] - ETA: 11:55 - loss: 0.1196 - accuracy: 0.9585 32/126 [======>.......................] - ETA: 11:49 - loss: 0.1192 - accuracy: 0.9586 33/126 [======>.......................] - ETA: 11:42 - loss: 0.1181 - accuracy: 0.9589 34/126 [=======>......................] - ETA: 11:35 - loss: 0.1171 - accuracy: 0.9597 35/126 [=======>......................] - ETA: 11:27 - loss: 0.1188 - accuracy: 0.9590 36/126 [=======>......................] - ETA: 11:19 - loss: 0.1190 - accuracy: 0.9593 37/126 [=======>......................] - ETA: 11:12 - loss: 0.1176 - accuracy: 0.9600 38/126 [========>.....................] - ETA: 11:05 - loss: 0.1184 - accuracy: 0.9594 39/126 [========>.....................] - ETA: 10:57 - loss: 0.1194 - accuracy: 0.9590 40/126 [========>.....................] - ETA: 10:49 - loss: 0.1192 - accuracy: 0.9591 41/126 [========>.....................] - ETA: 10:42 - loss: 0.1176 - accuracy: 0.9599 42/126 [=========>....................] - ETA: 10:35 - loss: 0.1178 - accuracy: 0.9603 43/126 [=========>....................] - ETA: 10:28 - loss: 0.1172 - accuracy: 0.9605 44/126 [=========>....................] - ETA: 10:21 - loss: 0.1167 - accuracy: 0.9607 45/126 [=========>....................] - ETA: 10:13 - loss: 0.1167 - accuracy: 0.9603 46/126 [=========>....................] - ETA: 10:05 - loss: 0.1162 - accuracy: 0.9605 47/126 [==========>...................] - ETA: 9:58 - loss: 0.1169 - accuracy: 0.9605  48/126 [==========>...................] - ETA: 9:50 - loss: 0.1164 - accuracy: 0.9607 49/126 [==========>...................] - ETA: 9:43 - loss: 0.1160 - accuracy: 0.9607 50/126 [==========>...................] - ETA: 9:36 - loss: 0.1159 - accuracy: 0.9607 51/126 [===========>..................] - ETA: 9:28 - loss: 0.1153 - accuracy: 0.9609 52/126 [===========>..................] - ETA: 9:20 - loss: 0.1139 - accuracy: 0.9615 53/126 [===========>..................] - ETA: 9:13 - loss: 0.1132 - accuracy: 0.9618 54/126 [===========>..................] - ETA: 9:05 - loss: 0.1141 - accuracy: 0.9613 55/126 [============>.................] - ETA: 8:57 - loss: 0.1156 - accuracy: 0.9609 56/126 [============>.................] - ETA: 8:50 - loss: 0.1149 - accuracy: 0.9612 57/126 [============>.................] - ETA: 8:42 - loss: 0.1149 - accuracy: 0.9609 58/126 [============>.................] - ETA: 8:34 - loss: 0.1149 - accuracy: 0.9612 59/126 [=============>................] - ETA: 8:26 - loss: 0.1149 - accuracy: 0.9610 60/126 [=============>................] - ETA: 8:19 - loss: 0.1144 - accuracy: 0.9611 61/126 [=============>................] - ETA: 8:12 - loss: 0.1141 - accuracy: 0.9613 62/126 [=============>................] - ETA: 8:04 - loss: 0.1139 - accuracy: 0.9614 63/126 [==============>...............] - ETA: 7:57 - loss: 0.1138 - accuracy: 0.9614 64/126 [==============>...............] - ETA: 7:49 - loss: 0.1131 - accuracy: 0.9615 65/126 [==============>...............] - ETA: 7:42 - loss: 0.1126 - accuracy: 0.9615 66/126 [==============>...............] - ETA: 7:35 - loss: 0.1124 - accuracy: 0.9617 67/126 [==============>...............] - ETA: 7:27 - loss: 0.1128 - accuracy: 0.9615 68/126 [===============>..............] - ETA: 7:20 - loss: 0.1140 - accuracy: 0.9612 69/126 [===============>..............] - ETA: 7:12 - loss: 0.1131 - accuracy: 0.9618 70/126 [===============>..............] - ETA: 7:05 - loss: 0.1128 - accuracy: 0.9619 71/126 [===============>..............] - ETA: 6:58 - loss: 0.1127 - accuracy: 0.9619 72/126 [================>.............] - ETA: 6:50 - loss: 0.1132 - accuracy: 0.9617 73/126 [================>.............] - ETA: 6:43 - loss: 0.1135 - accuracy: 0.9616 74/126 [================>.............] - ETA: 6:35 - loss: 0.1137 - accuracy: 0.9617 75/126 [================>.............] - ETA: 6:28 - loss: 0.1136 - accuracy: 0.9616 76/126 [=================>............] - ETA: 6:20 - loss: 0.1131 - accuracy: 0.9618 77/126 [=================>............] - ETA: 6:13 - loss: 0.1127 - accuracy: 0.9619 78/126 [=================>............] - ETA: 6:05 - loss: 0.1133 - accuracy: 0.9619 79/126 [=================>............] - ETA: 5:58 - loss: 0.1130 - accuracy: 0.9619 80/126 [==================>...........] - ETA: 5:50 - loss: 0.1128 - accuracy: 0.9617 81/126 [==================>...........] - ETA: 5:42 - loss: 0.1123 - accuracy: 0.9621 82/126 [==================>...........] - ETA: 5:35 - loss: 0.1126 - accuracy: 0.9620 83/126 [==================>...........] - ETA: 5:27 - loss: 0.1129 - accuracy: 0.9617 84/126 [===================>..........] - ETA: 5:20 - loss: 0.1127 - accuracy: 0.9617 85/126 [===================>..........] - ETA: 5:12 - loss: 0.1130 - accuracy: 0.9615 86/126 [===================>..........] - ETA: 5:05 - loss: 0.1134 - accuracy: 0.9612 87/126 [===================>..........] - ETA: 4:57 - loss: 0.1131 - accuracy: 0.9614 88/126 [===================>..........] - ETA: 4:50 - loss: 0.1132 - accuracy: 0.9613 89/126 [====================>.........] - ETA: 4:42 - loss: 0.1129 - accuracy: 0.9613 90/126 [====================>.........] - ETA: 4:35 - loss: 0.1141 - accuracy: 0.9606 91/126 [====================>.........] - ETA: 4:27 - loss: 0.1138 - accuracy: 0.9608 92/126 [====================>.........] - ETA: 4:19 - loss: 0.1140 - accuracy: 0.9606 93/126 [=====================>........] - ETA: 4:12 - loss: 0.1138 - accuracy: 0.9605 94/126 [=====================>........] - ETA: 4:04 - loss: 0.1138 - accuracy: 0.9606 95/126 [=====================>........] - ETA: 3:57 - loss: 0.1137 - accuracy: 0.9607 96/126 [=====================>........] - ETA: 3:49 - loss: 0.1136 - accuracy: 0.9607 97/126 [======================>.......] - ETA: 3:41 - loss: 0.1132 - accuracy: 0.9609 98/126 [======================>.......] - ETA: 3:34 - loss: 0.1128 - accuracy: 0.9611 99/126 [======================>.......] - ETA: 3:26 - loss: 0.1127 - accuracy: 0.9611100/126 [======================>.......] - ETA: 3:18 - loss: 0.1126 - accuracy: 0.9614101/126 [=======================>......] - ETA: 3:11 - loss: 0.1131 - accuracy: 0.9612102/126 [=======================>......] - ETA: 3:03 - loss: 0.1128 - accuracy: 0.9611103/126 [=======================>......] - ETA: 2:55 - loss: 0.1126 - accuracy: 0.9611104/126 [=======================>......] - ETA: 2:48 - loss: 0.1124 - accuracy: 0.9611105/126 [========================>.....] - ETA: 2:40 - loss: 0.1123 - accuracy: 0.9611106/126 [========================>.....] - ETA: 2:33 - loss: 0.1123 - accuracy: 0.9611107/126 [========================>.....] - ETA: 2:25 - loss: 0.1122 - accuracy: 0.9608108/126 [========================>.....] - ETA: 2:17 - loss: 0.1131 - accuracy: 0.9607109/126 [========================>.....] - ETA: 2:10 - loss: 0.1129 - accuracy: 0.9606110/126 [=========================>....] - ETA: 2:02 - loss: 0.1125 - accuracy: 0.9608111/126 [=========================>....] - ETA: 1:54 - loss: 0.1125 - accuracy: 0.9608112/126 [=========================>....] - ETA: 1:47 - loss: 0.1123 - accuracy: 0.9610113/126 [=========================>....] - ETA: 1:39 - loss: 0.1118 - accuracy: 0.9612114/126 [==========================>...] - ETA: 1:31 - loss: 0.1121 - accuracy: 0.9611115/126 [==========================>...] - ETA: 1:24 - loss: 0.1119 - accuracy: 0.9612116/126 [==========================>...] - ETA: 1:16 - loss: 0.1118 - accuracy: 0.9612117/126 [==========================>...] - ETA: 1:08 - loss: 0.1115 - accuracy: 0.9614118/126 [===========================>..] - ETA: 1:01 - loss: 0.1126 - accuracy: 0.9610119/126 [===========================>..] - ETA: 53s - loss: 0.1123 - accuracy: 0.9612 120/126 [===========================>..] - ETA: 45s - loss: 0.1123 - accuracy: 0.9612121/126 [===========================>..] - ETA: 38s - loss: 0.1122 - accuracy: 0.9613122/126 [============================>.] - ETA: 30s - loss: 0.1121 - accuracy: 0.9614123/126 [============================>.] - ETA: 22s - loss: 0.1119 - accuracy: 0.9615124/126 [============================>.] - ETA: 15s - loss: 0.1121 - accuracy: 0.9613125/126 [============================>.] - ETA: 7s - loss: 0.1121 - accuracy: 0.9612 126/126 [==============================] - ETA: 0s - loss: 0.1119 - accuracy: 0.9613
Epoch 00008: val_loss did not improve from 0.68349
126/126 [==============================] - 1005s 8s/step - loss: 0.1119 - accuracy: 0.9613 - val_loss: 0.6841 - val_accuracy: 0.5981
Epoch 9/30
  1/126 [..............................] - ETA: 19:49 - loss: 0.1310 - accuracy: 0.9375  2/126 [..............................] - ETA: 15:38 - loss: 0.1011 - accuracy: 0.9609  3/126 [..............................] - ETA: 15:20 - loss: 0.0952 - accuracy: 0.9661  4/126 [..............................] - ETA: 14:59 - loss: 0.0965 - accuracy: 0.9609  5/126 [>.............................] - ETA: 14:52 - loss: 0.0983 - accuracy: 0.9578  6/126 [>.............................] - ETA: 14:39 - loss: 0.1041 - accuracy: 0.9531  7/126 [>.............................] - ETA: 14:33 - loss: 0.0996 - accuracy: 0.9565  8/126 [>.............................] - ETA: 14:36 - loss: 0.1023 - accuracy: 0.9551  9/126 [=>............................] - ETA: 14:30 - loss: 0.1007 - accuracy: 0.9557 10/126 [=>............................] - ETA: 14:25 - loss: 0.1010 - accuracy: 0.9570 11/126 [=>............................] - ETA: 14:19 - loss: 0.1034 - accuracy: 0.9567 12/126 [=>............................] - ETA: 14:09 - loss: 0.1011 - accuracy: 0.9583 13/126 [==>...........................] - ETA: 14:04 - loss: 0.0998 - accuracy: 0.9585 14/126 [==>...........................] - ETA: 13:56 - loss: 0.0990 - accuracy: 0.9593 15/126 [==>...........................] - ETA: 13:46 - loss: 0.1059 - accuracy: 0.9589 16/126 [==>...........................] - ETA: 13:37 - loss: 0.1055 - accuracy: 0.9590 17/126 [===>..........................] - ETA: 13:30 - loss: 0.1059 - accuracy: 0.9582 18/126 [===>..........................] - ETA: 13:23 - loss: 0.1044 - accuracy: 0.9579 19/126 [===>..........................] - ETA: 13:16 - loss: 0.1035 - accuracy: 0.9589 20/126 [===>..........................] - ETA: 13:07 - loss: 0.1021 - accuracy: 0.9594 21/126 [====>.........................] - ETA: 12:58 - loss: 0.1040 - accuracy: 0.9587 22/126 [====>.........................] - ETA: 12:50 - loss: 0.1033 - accuracy: 0.9585 23/126 [====>.........................] - ETA: 12:43 - loss: 0.1036 - accuracy: 0.9589 24/126 [====>.........................] - ETA: 12:36 - loss: 0.1048 - accuracy: 0.9596 25/126 [====>.........................] - ETA: 12:30 - loss: 0.1036 - accuracy: 0.9603 26/126 [=====>........................] - ETA: 12:14 - loss: 0.1022 - accuracy: 0.9608 27/126 [=====>........................] - ETA: 12:07 - loss: 0.1025 - accuracy: 0.9611 28/126 [=====>........................] - ETA: 12:01 - loss: 0.1030 - accuracy: 0.9608 29/126 [=====>........................] - ETA: 11:54 - loss: 0.1019 - accuracy: 0.9614 30/126 [======>.......................] - ETA: 11:46 - loss: 0.1004 - accuracy: 0.9627 31/126 [======>.......................] - ETA: 11:40 - loss: 0.1001 - accuracy: 0.9629 32/126 [======>.......................] - ETA: 11:32 - loss: 0.0998 - accuracy: 0.9633 33/126 [======>.......................] - ETA: 11:26 - loss: 0.1027 - accuracy: 0.9623 34/126 [=======>......................] - ETA: 11:19 - loss: 0.1025 - accuracy: 0.9620 35/126 [=======>......................] - ETA: 11:11 - loss: 0.1032 - accuracy: 0.9620 36/126 [=======>......................] - ETA: 11:05 - loss: 0.1023 - accuracy: 0.9624 37/126 [=======>......................] - ETA: 10:58 - loss: 0.1022 - accuracy: 0.9621 38/126 [========>.....................] - ETA: 10:51 - loss: 0.1026 - accuracy: 0.9621 39/126 [========>.....................] - ETA: 10:43 - loss: 0.1018 - accuracy: 0.9625 40/126 [========>.....................] - ETA: 10:37 - loss: 0.1017 - accuracy: 0.9624 41/126 [========>.....................] - ETA: 10:30 - loss: 0.1039 - accuracy: 0.9616 42/126 [=========>....................] - ETA: 10:23 - loss: 0.1038 - accuracy: 0.9618 43/126 [=========>....................] - ETA: 10:15 - loss: 0.1026 - accuracy: 0.9623 44/126 [=========>....................] - ETA: 10:08 - loss: 0.1027 - accuracy: 0.9621 45/126 [=========>....................] - ETA: 10:01 - loss: 0.1025 - accuracy: 0.9621 46/126 [=========>....................] - ETA: 9:54 - loss: 0.1017 - accuracy: 0.9624  47/126 [==========>...................] - ETA: 9:47 - loss: 0.1014 - accuracy: 0.9624 48/126 [==========>...................] - ETA: 9:40 - loss: 0.1012 - accuracy: 0.9627 49/126 [==========>...................] - ETA: 9:32 - loss: 0.1010 - accuracy: 0.9628 50/126 [==========>...................] - ETA: 9:25 - loss: 0.1012 - accuracy: 0.9631 51/126 [===========>..................] - ETA: 9:18 - loss: 0.1015 - accuracy: 0.9630 52/126 [===========>..................] - ETA: 9:11 - loss: 0.1010 - accuracy: 0.9633 53/126 [===========>..................] - ETA: 9:03 - loss: 0.1017 - accuracy: 0.9631 54/126 [===========>..................] - ETA: 8:56 - loss: 0.1031 - accuracy: 0.9629 55/126 [============>.................] - ETA: 8:49 - loss: 0.1032 - accuracy: 0.9627 56/126 [============>.................] - ETA: 8:41 - loss: 0.1026 - accuracy: 0.9630 57/126 [============>.................] - ETA: 8:34 - loss: 0.1021 - accuracy: 0.9634 58/126 [============>.................] - ETA: 8:26 - loss: 0.1014 - accuracy: 0.9635 59/126 [=============>................] - ETA: 8:19 - loss: 0.1013 - accuracy: 0.9635 60/126 [=============>................] - ETA: 8:12 - loss: 0.1022 - accuracy: 0.9635 61/126 [=============>................] - ETA: 8:05 - loss: 0.1015 - accuracy: 0.9637 62/126 [=============>................] - ETA: 7:57 - loss: 0.1013 - accuracy: 0.9634 63/126 [==============>...............] - ETA: 7:50 - loss: 0.1015 - accuracy: 0.9634 64/126 [==============>...............] - ETA: 7:42 - loss: 0.1023 - accuracy: 0.9633 65/126 [==============>...............] - ETA: 7:34 - loss: 0.1019 - accuracy: 0.9637 66/126 [==============>...............] - ETA: 7:27 - loss: 0.1012 - accuracy: 0.9640 67/126 [==============>...............] - ETA: 7:20 - loss: 0.1011 - accuracy: 0.9639 68/126 [===============>..............] - ETA: 7:12 - loss: 0.1005 - accuracy: 0.9641 69/126 [===============>..............] - ETA: 7:05 - loss: 0.1017 - accuracy: 0.9635 70/126 [===============>..............] - ETA: 6:57 - loss: 0.1010 - accuracy: 0.9638 71/126 [===============>..............] - ETA: 6:50 - loss: 0.1007 - accuracy: 0.9638 72/126 [================>.............] - ETA: 6:43 - loss: 0.1005 - accuracy: 0.9638 73/126 [================>.............] - ETA: 6:35 - loss: 0.1001 - accuracy: 0.9640 74/126 [================>.............] - ETA: 6:28 - loss: 0.0998 - accuracy: 0.9641 75/126 [================>.............] - ETA: 6:21 - loss: 0.0994 - accuracy: 0.9641 76/126 [=================>............] - ETA: 6:14 - loss: 0.0989 - accuracy: 0.9645 77/126 [=================>............] - ETA: 6:06 - loss: 0.0987 - accuracy: 0.9646 78/126 [=================>............] - ETA: 5:59 - loss: 0.0990 - accuracy: 0.9645 79/126 [=================>............] - ETA: 5:52 - loss: 0.0990 - accuracy: 0.9646 80/126 [==================>...........] - ETA: 5:45 - loss: 0.0996 - accuracy: 0.9645 81/126 [==================>...........] - ETA: 5:37 - loss: 0.0996 - accuracy: 0.9642 82/126 [==================>...........] - ETA: 5:30 - loss: 0.0997 - accuracy: 0.9642 83/126 [==================>...........] - ETA: 5:22 - loss: 0.0999 - accuracy: 0.9643 84/126 [===================>..........] - ETA: 5:15 - loss: 0.0997 - accuracy: 0.9644 85/126 [===================>..........] - ETA: 5:07 - loss: 0.0993 - accuracy: 0.9645 86/126 [===================>..........] - ETA: 5:00 - loss: 0.1004 - accuracy: 0.9645 87/126 [===================>..........] - ETA: 4:53 - loss: 0.1008 - accuracy: 0.9643 88/126 [===================>..........] - ETA: 4:45 - loss: 0.1007 - accuracy: 0.9643 89/126 [====================>.........] - ETA: 4:37 - loss: 0.1003 - accuracy: 0.9646 90/126 [====================>.........] - ETA: 4:30 - loss: 0.1002 - accuracy: 0.9646 91/126 [====================>.........] - ETA: 4:23 - loss: 0.0999 - accuracy: 0.9647 92/126 [====================>.........] - ETA: 4:15 - loss: 0.0999 - accuracy: 0.9647 93/126 [=====================>........] - ETA: 4:08 - loss: 0.0996 - accuracy: 0.9648 94/126 [=====================>........] - ETA: 4:00 - loss: 0.0994 - accuracy: 0.9648 95/126 [=====================>........] - ETA: 3:53 - loss: 0.0990 - accuracy: 0.9649 96/126 [=====================>........] - ETA: 3:45 - loss: 0.0986 - accuracy: 0.9651 97/126 [======================>.......] - ETA: 3:38 - loss: 0.0988 - accuracy: 0.9649 98/126 [======================>.......] - ETA: 3:30 - loss: 0.0986 - accuracy: 0.9650 99/126 [======================>.......] - ETA: 3:23 - loss: 0.0988 - accuracy: 0.9649100/126 [======================>.......] - ETA: 3:15 - loss: 0.0987 - accuracy: 0.9648101/126 [=======================>......] - ETA: 3:08 - loss: 0.0987 - accuracy: 0.9649102/126 [=======================>......] - ETA: 3:00 - loss: 0.0987 - accuracy: 0.9649103/126 [=======================>......] - ETA: 2:53 - loss: 0.0984 - accuracy: 0.9649104/126 [=======================>......] - ETA: 2:46 - loss: 0.0994 - accuracy: 0.9647105/126 [========================>.....] - ETA: 2:38 - loss: 0.0992 - accuracy: 0.9649106/126 [========================>.....] - ETA: 2:30 - loss: 0.0989 - accuracy: 0.9650107/126 [========================>.....] - ETA: 2:23 - loss: 0.0990 - accuracy: 0.9648108/126 [========================>.....] - ETA: 2:15 - loss: 0.0990 - accuracy: 0.9647109/126 [========================>.....] - ETA: 2:08 - loss: 0.0990 - accuracy: 0.9649110/126 [=========================>....] - ETA: 2:00 - loss: 0.0998 - accuracy: 0.9646111/126 [=========================>....] - ETA: 1:53 - loss: 0.1009 - accuracy: 0.9641112/126 [=========================>....] - ETA: 1:45 - loss: 0.1004 - accuracy: 0.9644113/126 [=========================>....] - ETA: 1:38 - loss: 0.1006 - accuracy: 0.9642114/126 [==========================>...] - ETA: 1:30 - loss: 0.1004 - accuracy: 0.9643115/126 [==========================>...] - ETA: 1:23 - loss: 0.1003 - accuracy: 0.9642116/126 [==========================>...] - ETA: 1:15 - loss: 0.1000 - accuracy: 0.9644117/126 [==========================>...] - ETA: 1:08 - loss: 0.0998 - accuracy: 0.9646118/126 [===========================>..] - ETA: 1:00 - loss: 0.1000 - accuracy: 0.9646119/126 [===========================>..] - ETA: 53s - loss: 0.0997 - accuracy: 0.9647 120/126 [===========================>..] - ETA: 45s - loss: 0.0996 - accuracy: 0.9648121/126 [===========================>..] - ETA: 37s - loss: 0.0995 - accuracy: 0.9649122/126 [============================>.] - ETA: 30s - loss: 0.0995 - accuracy: 0.9649123/126 [============================>.] - ETA: 22s - loss: 0.0993 - accuracy: 0.9649124/126 [============================>.] - ETA: 15s - loss: 0.0990 - accuracy: 0.9650125/126 [============================>.] - ETA: 7s - loss: 0.0993 - accuracy: 0.9647 126/126 [==============================] - ETA: 0s - loss: 0.0993 - accuracy: 0.9648
Epoch 00009: val_loss did not improve from 0.68349
126/126 [==============================] - 1000s 8s/step - loss: 0.0993 - accuracy: 0.9648 - val_loss: 0.7075 - val_accuracy: 0.4099
Epoch 10/30
  1/126 [..............................] - ETA: 20:46 - loss: 0.0912 - accuracy: 0.9531  2/126 [..............................] - ETA: 16:19 - loss: 0.0994 - accuracy: 0.9531  3/126 [..............................] - ETA: 16:11 - loss: 0.0880 - accuracy: 0.9635  4/126 [..............................] - ETA: 15:58 - loss: 0.0950 - accuracy: 0.9629  5/126 [>.............................] - ETA: 15:48 - loss: 0.0889 - accuracy: 0.9656  6/126 [>.............................] - ETA: 15:41 - loss: 0.0826 - accuracy: 0.9688  7/126 [>.............................] - ETA: 15:33 - loss: 0.0825 - accuracy: 0.9688  8/126 [>.............................] - ETA: 15:26 - loss: 0.0799 - accuracy: 0.9697  9/126 [=>............................] - ETA: 15:16 - loss: 0.0764 - accuracy: 0.9722 10/126 [=>............................] - ETA: 15:08 - loss: 0.1025 - accuracy: 0.9641 11/126 [=>............................] - ETA: 14:57 - loss: 0.0997 - accuracy: 0.9652 12/126 [=>............................] - ETA: 14:50 - loss: 0.0967 - accuracy: 0.9674 13/126 [==>...........................] - ETA: 14:44 - loss: 0.0960 - accuracy: 0.9669 14/126 [==>...........................] - ETA: 14:38 - loss: 0.0924 - accuracy: 0.9688 15/126 [==>...........................] - ETA: 14:30 - loss: 0.0905 - accuracy: 0.9693 16/126 [==>...........................] - ETA: 14:23 - loss: 0.0928 - accuracy: 0.9673 17/126 [===>..........................] - ETA: 14:14 - loss: 0.0916 - accuracy: 0.9683 18/126 [===>..........................] - ETA: 14:05 - loss: 0.0933 - accuracy: 0.9670 19/126 [===>..........................] - ETA: 13:56 - loss: 0.0939 - accuracy: 0.9663 20/126 [===>..........................] - ETA: 13:48 - loss: 0.0934 - accuracy: 0.9668 21/126 [====>.........................] - ETA: 13:41 - loss: 0.0926 - accuracy: 0.9669 22/126 [====>.........................] - ETA: 13:32 - loss: 0.0927 - accuracy: 0.9673 23/126 [====>.........................] - ETA: 13:25 - loss: 0.0938 - accuracy: 0.9674 24/126 [====>.........................] - ETA: 13:16 - loss: 0.0918 - accuracy: 0.9688 25/126 [====>.........................] - ETA: 13:07 - loss: 0.0937 - accuracy: 0.9688 26/126 [=====>........................] - ETA: 12:59 - loss: 0.0940 - accuracy: 0.9684 27/126 [=====>........................] - ETA: 12:50 - loss: 0.0932 - accuracy: 0.9688 28/126 [=====>........................] - ETA: 12:43 - loss: 0.0929 - accuracy: 0.9685 29/126 [=====>........................] - ETA: 12:34 - loss: 0.0930 - accuracy: 0.9685 30/126 [======>.......................] - ETA: 12:27 - loss: 0.0916 - accuracy: 0.9693 31/126 [======>.......................] - ETA: 12:20 - loss: 0.0918 - accuracy: 0.9688 32/126 [======>.......................] - ETA: 12:12 - loss: 0.0914 - accuracy: 0.9685 33/126 [======>.......................] - ETA: 12:05 - loss: 0.0912 - accuracy: 0.9683 34/126 [=======>......................] - ETA: 11:58 - loss: 0.0923 - accuracy: 0.9681 35/126 [=======>......................] - ETA: 11:51 - loss: 0.0908 - accuracy: 0.9690 36/126 [=======>......................] - ETA: 11:42 - loss: 0.0907 - accuracy: 0.9688 37/126 [=======>......................] - ETA: 11:34 - loss: 0.0905 - accuracy: 0.9690 38/126 [========>.....................] - ETA: 11:26 - loss: 0.0905 - accuracy: 0.9688 39/126 [========>.....................] - ETA: 11:18 - loss: 0.0903 - accuracy: 0.9683 40/126 [========>.....................] - ETA: 11:11 - loss: 0.0904 - accuracy: 0.9684 41/126 [========>.....................] - ETA: 11:02 - loss: 0.0903 - accuracy: 0.9684 42/126 [=========>....................] - ETA: 10:54 - loss: 0.0892 - accuracy: 0.9689 43/126 [=========>....................] - ETA: 10:46 - loss: 0.0892 - accuracy: 0.9688 44/126 [=========>....................] - ETA: 10:38 - loss: 0.0884 - accuracy: 0.9688 45/126 [=========>....................] - ETA: 10:31 - loss: 0.0879 - accuracy: 0.9691 46/126 [=========>....................] - ETA: 10:23 - loss: 0.0882 - accuracy: 0.9689 47/126 [==========>...................] - ETA: 10:16 - loss: 0.0881 - accuracy: 0.9686 48/126 [==========>...................] - ETA: 10:08 - loss: 0.0874 - accuracy: 0.9688 49/126 [==========>...................] - ETA: 10:00 - loss: 0.0872 - accuracy: 0.9688 50/126 [==========>...................] - ETA: 9:52 - loss: 0.0884 - accuracy: 0.9678  51/126 [===========>..................] - ETA: 9:44 - loss: 0.0879 - accuracy: 0.9681 52/126 [===========>..................] - ETA: 9:37 - loss: 0.0888 - accuracy: 0.9677 53/126 [===========>..................] - ETA: 9:29 - loss: 0.0881 - accuracy: 0.9682 54/126 [===========>..................] - ETA: 9:21 - loss: 0.0880 - accuracy: 0.9679 55/126 [============>.................] - ETA: 9:13 - loss: 0.0881 - accuracy: 0.9678 56/126 [============>.................] - ETA: 9:05 - loss: 0.0884 - accuracy: 0.9674 57/126 [============>.................] - ETA: 8:57 - loss: 0.0887 - accuracy: 0.9670 58/126 [============>.................] - ETA: 8:50 - loss: 0.0890 - accuracy: 0.9670 59/126 [=============>................] - ETA: 8:42 - loss: 0.0883 - accuracy: 0.9674 60/126 [=============>................] - ETA: 8:34 - loss: 0.0899 - accuracy: 0.9671 61/126 [=============>................] - ETA: 8:26 - loss: 0.0906 - accuracy: 0.9670 62/126 [=============>................] - ETA: 8:18 - loss: 0.0905 - accuracy: 0.9671 63/126 [==============>...............] - ETA: 8:12 - loss: 0.0906 - accuracy: 0.9670 64/126 [==============>...............] - ETA: 8:04 - loss: 0.0904 - accuracy: 0.9669 65/126 [==============>...............] - ETA: 7:56 - loss: 0.0901 - accuracy: 0.9672 66/126 [==============>...............] - ETA: 7:48 - loss: 0.0898 - accuracy: 0.9676 67/126 [==============>...............] - ETA: 7:40 - loss: 0.0904 - accuracy: 0.9671 68/126 [===============>..............] - ETA: 7:32 - loss: 0.0897 - accuracy: 0.9675 69/126 [===============>..............] - ETA: 7:24 - loss: 0.0899 - accuracy: 0.9675 70/126 [===============>..............] - ETA: 7:16 - loss: 0.0896 - accuracy: 0.9676 71/126 [===============>..............] - ETA: 7:08 - loss: 0.0896 - accuracy: 0.9674 72/126 [================>.............] - ETA: 7:01 - loss: 0.0897 - accuracy: 0.9672 73/126 [================>.............] - ETA: 6:53 - loss: 0.0894 - accuracy: 0.9674 74/126 [================>.............] - ETA: 6:45 - loss: 0.0890 - accuracy: 0.9676 75/126 [================>.............] - ETA: 6:37 - loss: 0.0884 - accuracy: 0.9679 76/126 [=================>............] - ETA: 6:29 - loss: 0.0889 - accuracy: 0.9677 77/126 [=================>............] - ETA: 6:22 - loss: 0.0882 - accuracy: 0.9681 78/126 [=================>............] - ETA: 6:14 - loss: 0.0884 - accuracy: 0.9679 79/126 [=================>............] - ETA: 6:06 - loss: 0.0879 - accuracy: 0.9683 80/126 [==================>...........] - ETA: 5:58 - loss: 0.0884 - accuracy: 0.9682 81/126 [==================>...........] - ETA: 5:50 - loss: 0.0881 - accuracy: 0.9684 82/126 [==================>...........] - ETA: 5:42 - loss: 0.0878 - accuracy: 0.9685 83/126 [==================>...........] - ETA: 5:34 - loss: 0.0879 - accuracy: 0.9684 84/126 [===================>..........] - ETA: 5:27 - loss: 0.0881 - accuracy: 0.9683 85/126 [===================>..........] - ETA: 5:19 - loss: 0.0877 - accuracy: 0.9685 86/126 [===================>..........] - ETA: 5:10 - loss: 0.0877 - accuracy: 0.9684 87/126 [===================>..........] - ETA: 5:02 - loss: 0.0874 - accuracy: 0.9685 88/126 [===================>..........] - ETA: 4:54 - loss: 0.0877 - accuracy: 0.9683 89/126 [====================>.........] - ETA: 4:47 - loss: 0.0878 - accuracy: 0.9681 90/126 [====================>.........] - ETA: 4:39 - loss: 0.0875 - accuracy: 0.9683 91/126 [====================>.........] - ETA: 4:31 - loss: 0.0883 - accuracy: 0.9682 92/126 [====================>.........] - ETA: 4:23 - loss: 0.0882 - accuracy: 0.9682 93/126 [=====================>........] - ETA: 4:15 - loss: 0.0879 - accuracy: 0.9684 94/126 [=====================>........] - ETA: 4:08 - loss: 0.0878 - accuracy: 0.9684 95/126 [=====================>........] - ETA: 4:00 - loss: 0.0876 - accuracy: 0.9685 96/126 [=====================>........] - ETA: 3:52 - loss: 0.0885 - accuracy: 0.9682 97/126 [======================>.......] - ETA: 3:44 - loss: 0.0886 - accuracy: 0.9683 98/126 [======================>.......] - ETA: 3:37 - loss: 0.0884 - accuracy: 0.9683 99/126 [======================>.......] - ETA: 3:29 - loss: 0.0881 - accuracy: 0.9684100/126 [======================>.......] - ETA: 3:21 - loss: 0.0884 - accuracy: 0.9683101/126 [=======================>......] - ETA: 3:13 - loss: 0.0888 - accuracy: 0.9683102/126 [=======================>......] - ETA: 3:06 - loss: 0.0885 - accuracy: 0.9684103/126 [=======================>......] - ETA: 2:58 - loss: 0.0884 - accuracy: 0.9684104/126 [=======================>......] - ETA: 2:50 - loss: 0.0883 - accuracy: 0.9682105/126 [========================>.....] - ETA: 2:43 - loss: 0.0881 - accuracy: 0.9682106/126 [========================>.....] - ETA: 2:35 - loss: 0.0888 - accuracy: 0.9678107/126 [========================>.....] - ETA: 2:27 - loss: 0.0885 - accuracy: 0.9680108/126 [========================>.....] - ETA: 2:19 - loss: 0.0885 - accuracy: 0.9681109/126 [========================>.....] - ETA: 2:12 - loss: 0.0882 - accuracy: 0.9682110/126 [=========================>....] - ETA: 2:04 - loss: 0.0882 - accuracy: 0.9682111/126 [=========================>....] - ETA: 1:56 - loss: 0.0883 - accuracy: 0.9680112/126 [=========================>....] - ETA: 1:48 - loss: 0.0881 - accuracy: 0.9682113/126 [=========================>....] - ETA: 1:41 - loss: 0.0877 - accuracy: 0.9683114/126 [==========================>...] - ETA: 1:33 - loss: 0.0885 - accuracy: 0.9681115/126 [==========================>...] - ETA: 1:25 - loss: 0.0885 - accuracy: 0.9681116/126 [==========================>...] - ETA: 1:17 - loss: 0.0883 - accuracy: 0.9680117/126 [==========================>...] - ETA: 1:09 - loss: 0.0881 - accuracy: 0.9681118/126 [===========================>..] - ETA: 1:02 - loss: 0.0883 - accuracy: 0.9680119/126 [===========================>..] - ETA: 54s - loss: 0.0885 - accuracy: 0.9681 120/126 [===========================>..] - ETA: 46s - loss: 0.0889 - accuracy: 0.9681121/126 [===========================>..] - ETA: 38s - loss: 0.0892 - accuracy: 0.9680122/126 [============================>.] - ETA: 31s - loss: 0.0894 - accuracy: 0.9680123/126 [============================>.] - ETA: 23s - loss: 0.0893 - accuracy: 0.9680124/126 [============================>.] - ETA: 15s - loss: 0.0891 - accuracy: 0.9682125/126 [============================>.] - ETA: 7s - loss: 0.0894 - accuracy: 0.9681 126/126 [==============================] - ETA: 0s - loss: 0.0892 - accuracy: 0.9682
Epoch 00010: val_loss did not improve from 0.68349
126/126 [==============================] - 1029s 8s/step - loss: 0.0892 - accuracy: 0.9682 - val_loss: 0.7099 - val_accuracy: 0.4019
Epoch 11/30
  1/126 [..............................] - ETA: 20:07 - loss: 0.0583 - accuracy: 0.9844  2/126 [..............................] - ETA: 15:09 - loss: 0.0604 - accuracy: 0.9844  3/126 [..............................] - ETA: 15:00 - loss: 0.0805 - accuracy: 0.9740  4/126 [..............................] - ETA: 14:52 - loss: 0.0864 - accuracy: 0.9707  5/126 [>.............................] - ETA: 14:38 - loss: 0.0850 - accuracy: 0.9703  6/126 [>.............................] - ETA: 14:36 - loss: 0.0793 - accuracy: 0.9753  7/126 [>.............................] - ETA: 14:34 - loss: 0.0773 - accuracy: 0.9743  8/126 [>.............................] - ETA: 14:27 - loss: 0.0777 - accuracy: 0.9746  9/126 [=>............................] - ETA: 14:22 - loss: 0.0784 - accuracy: 0.9740 10/126 [=>............................] - ETA: 14:19 - loss: 0.0765 - accuracy: 0.9734 11/126 [=>............................] - ETA: 14:17 - loss: 0.0764 - accuracy: 0.9744 12/126 [=>............................] - ETA: 14:13 - loss: 0.0729 - accuracy: 0.9766 13/126 [==>...........................] - ETA: 14:09 - loss: 0.0732 - accuracy: 0.9760 14/126 [==>...........................] - ETA: 14:07 - loss: 0.0755 - accuracy: 0.9749 15/126 [==>...........................] - ETA: 14:00 - loss: 0.0732 - accuracy: 0.9760 16/126 [==>...........................] - ETA: 13:56 - loss: 0.0735 - accuracy: 0.9756 17/126 [===>..........................] - ETA: 13:49 - loss: 0.0765 - accuracy: 0.9752 18/126 [===>..........................] - ETA: 13:42 - loss: 0.0751 - accuracy: 0.9761 19/126 [===>..........................] - ETA: 13:36 - loss: 0.0750 - accuracy: 0.9757 20/126 [===>..........................] - ETA: 13:29 - loss: 0.0757 - accuracy: 0.9746 21/126 [====>.........................] - ETA: 13:23 - loss: 0.0746 - accuracy: 0.9754 22/126 [====>.........................] - ETA: 13:16 - loss: 0.0736 - accuracy: 0.9759 23/126 [====>.........................] - ETA: 13:08 - loss: 0.0740 - accuracy: 0.9755 24/126 [====>.........................] - ETA: 13:01 - loss: 0.0749 - accuracy: 0.9759 25/126 [====>.........................] - ETA: 12:54 - loss: 0.0764 - accuracy: 0.9750 26/126 [=====>........................] - ETA: 12:47 - loss: 0.0772 - accuracy: 0.9748 27/126 [=====>........................] - ETA: 12:40 - loss: 0.0785 - accuracy: 0.9745 28/126 [=====>........................] - ETA: 12:34 - loss: 0.0792 - accuracy: 0.9743 29/126 [=====>........................] - ETA: 12:26 - loss: 0.0787 - accuracy: 0.9747 30/126 [======>.......................] - ETA: 12:18 - loss: 0.0790 - accuracy: 0.9740 31/126 [======>.......................] - ETA: 12:11 - loss: 0.0780 - accuracy: 0.9745 32/126 [======>.......................] - ETA: 12:03 - loss: 0.0776 - accuracy: 0.9746 33/126 [======>.......................] - ETA: 11:56 - loss: 0.0768 - accuracy: 0.9749 34/126 [=======>......................] - ETA: 11:48 - loss: 0.0775 - accuracy: 0.9743 35/126 [=======>......................] - ETA: 11:40 - loss: 0.0769 - accuracy: 0.9746 36/126 [=======>......................] - ETA: 11:33 - loss: 0.0776 - accuracy: 0.9740 37/126 [=======>......................] - ETA: 11:25 - loss: 0.0777 - accuracy: 0.9738 38/126 [========>.....................] - ETA: 11:18 - loss: 0.0780 - accuracy: 0.9731 39/126 [========>.....................] - ETA: 11:10 - loss: 0.0775 - accuracy: 0.9734 40/126 [========>.....................] - ETA: 11:03 - loss: 0.0783 - accuracy: 0.9732 41/126 [========>.....................] - ETA: 10:55 - loss: 0.0784 - accuracy: 0.9729 42/126 [=========>....................] - ETA: 10:48 - loss: 0.0785 - accuracy: 0.9728 43/126 [=========>....................] - ETA: 10:40 - loss: 0.0788 - accuracy: 0.9724 44/126 [=========>....................] - ETA: 10:32 - loss: 0.0789 - accuracy: 0.9721 45/126 [=========>....................] - ETA: 10:25 - loss: 0.0782 - accuracy: 0.9726 46/126 [=========>....................] - ETA: 10:17 - loss: 0.0795 - accuracy: 0.9720 47/126 [==========>...................] - ETA: 10:09 - loss: 0.0793 - accuracy: 0.9722 48/126 [==========>...................] - ETA: 10:02 - loss: 0.0786 - accuracy: 0.9727 49/126 [==========>...................] - ETA: 9:54 - loss: 0.0786 - accuracy: 0.9723  50/126 [==========>...................] - ETA: 9:46 - loss: 0.0784 - accuracy: 0.9722 51/126 [===========>..................] - ETA: 9:38 - loss: 0.0782 - accuracy: 0.9723 52/126 [===========>..................] - ETA: 9:31 - loss: 0.0782 - accuracy: 0.9724 53/126 [===========>..................] - ETA: 9:23 - loss: 0.0778 - accuracy: 0.9724 54/126 [===========>..................] - ETA: 9:15 - loss: 0.0773 - accuracy: 0.9727 55/126 [============>.................] - ETA: 9:05 - loss: 0.0773 - accuracy: 0.9723 56/126 [============>.................] - ETA: 8:57 - loss: 0.0769 - accuracy: 0.9722 57/126 [============>.................] - ETA: 8:50 - loss: 0.0764 - accuracy: 0.9725 58/126 [============>.................] - ETA: 8:42 - loss: 0.0760 - accuracy: 0.9725 59/126 [=============>................] - ETA: 8:34 - loss: 0.0757 - accuracy: 0.9727 60/126 [=============>................] - ETA: 8:27 - loss: 0.0763 - accuracy: 0.9725 61/126 [=============>................] - ETA: 8:19 - loss: 0.0758 - accuracy: 0.9727 62/126 [=============>................] - ETA: 8:12 - loss: 0.0759 - accuracy: 0.9727 63/126 [==============>...............] - ETA: 8:04 - loss: 0.0756 - accuracy: 0.9730 64/126 [==============>...............] - ETA: 7:56 - loss: 0.0752 - accuracy: 0.9731 65/126 [==============>...............] - ETA: 7:49 - loss: 0.0760 - accuracy: 0.9731 66/126 [==============>...............] - ETA: 7:41 - loss: 0.0764 - accuracy: 0.9731 67/126 [==============>...............] - ETA: 7:34 - loss: 0.0788 - accuracy: 0.9731 68/126 [===============>..............] - ETA: 7:26 - loss: 0.0784 - accuracy: 0.9732 69/126 [===============>..............] - ETA: 7:19 - loss: 0.0779 - accuracy: 0.9732 70/126 [===============>..............] - ETA: 7:11 - loss: 0.0777 - accuracy: 0.9733 71/126 [===============>..............] - ETA: 7:04 - loss: 0.0779 - accuracy: 0.9733 72/126 [================>.............] - ETA: 6:56 - loss: 0.0782 - accuracy: 0.9732 73/126 [================>.............] - ETA: 6:48 - loss: 0.0791 - accuracy: 0.9727 74/126 [================>.............] - ETA: 6:40 - loss: 0.0787 - accuracy: 0.9730 75/126 [================>.............] - ETA: 6:33 - loss: 0.0793 - accuracy: 0.9727 76/126 [=================>............] - ETA: 6:25 - loss: 0.0789 - accuracy: 0.9729 77/126 [=================>............] - ETA: 6:17 - loss: 0.0792 - accuracy: 0.9725 78/126 [=================>............] - ETA: 6:09 - loss: 0.0793 - accuracy: 0.9725 79/126 [=================>............] - ETA: 6:01 - loss: 0.0795 - accuracy: 0.9722 80/126 [==================>...........] - ETA: 5:54 - loss: 0.0797 - accuracy: 0.9722 81/126 [==================>...........] - ETA: 5:46 - loss: 0.0796 - accuracy: 0.9722 82/126 [==================>...........] - ETA: 5:38 - loss: 0.0796 - accuracy: 0.9723 83/126 [==================>...........] - ETA: 5:31 - loss: 0.0806 - accuracy: 0.9721 84/126 [===================>..........] - ETA: 5:23 - loss: 0.0808 - accuracy: 0.9720 85/126 [===================>..........] - ETA: 5:15 - loss: 0.0811 - accuracy: 0.9720 86/126 [===================>..........] - ETA: 5:08 - loss: 0.0807 - accuracy: 0.9721 87/126 [===================>..........] - ETA: 5:00 - loss: 0.0805 - accuracy: 0.9723 88/126 [===================>..........] - ETA: 4:52 - loss: 0.0802 - accuracy: 0.9725 89/126 [====================>.........] - ETA: 4:45 - loss: 0.0799 - accuracy: 0.9726 90/126 [====================>.........] - ETA: 4:37 - loss: 0.0799 - accuracy: 0.9726 91/126 [====================>.........] - ETA: 4:29 - loss: 0.0800 - accuracy: 0.9725 92/126 [====================>.........] - ETA: 4:21 - loss: 0.0804 - accuracy: 0.9725 93/126 [=====================>........] - ETA: 4:14 - loss: 0.0805 - accuracy: 0.9724 94/126 [=====================>........] - ETA: 4:06 - loss: 0.0803 - accuracy: 0.9724 95/126 [=====================>........] - ETA: 3:58 - loss: 0.0800 - accuracy: 0.9725 96/126 [=====================>........] - ETA: 3:51 - loss: 0.0799 - accuracy: 0.9725 97/126 [======================>.......] - ETA: 3:43 - loss: 0.0796 - accuracy: 0.9725 98/126 [======================>.......] - ETA: 3:36 - loss: 0.0796 - accuracy: 0.9725 99/126 [======================>.......] - ETA: 3:28 - loss: 0.0801 - accuracy: 0.9725100/126 [======================>.......] - ETA: 3:20 - loss: 0.0801 - accuracy: 0.9725101/126 [=======================>......] - ETA: 3:13 - loss: 0.0800 - accuracy: 0.9725102/126 [=======================>......] - ETA: 3:05 - loss: 0.0799 - accuracy: 0.9725103/126 [=======================>......] - ETA: 2:57 - loss: 0.0798 - accuracy: 0.9726104/126 [=======================>......] - ETA: 2:49 - loss: 0.0795 - accuracy: 0.9728105/126 [========================>.....] - ETA: 2:42 - loss: 0.0791 - accuracy: 0.9730106/126 [========================>.....] - ETA: 2:34 - loss: 0.0792 - accuracy: 0.9730107/126 [========================>.....] - ETA: 2:26 - loss: 0.0795 - accuracy: 0.9730108/126 [========================>.....] - ETA: 2:19 - loss: 0.0792 - accuracy: 0.9731109/126 [========================>.....] - ETA: 2:11 - loss: 0.0790 - accuracy: 0.9731110/126 [=========================>....] - ETA: 2:03 - loss: 0.0791 - accuracy: 0.9730111/126 [=========================>....] - ETA: 1:55 - loss: 0.0788 - accuracy: 0.9732112/126 [=========================>....] - ETA: 1:48 - loss: 0.0794 - accuracy: 0.9730113/126 [=========================>....] - ETA: 1:40 - loss: 0.0799 - accuracy: 0.9727114/126 [==========================>...] - ETA: 1:32 - loss: 0.0799 - accuracy: 0.9727115/126 [==========================>...] - ETA: 1:25 - loss: 0.0797 - accuracy: 0.9728116/126 [==========================>...] - ETA: 1:17 - loss: 0.0795 - accuracy: 0.9728117/126 [==========================>...] - ETA: 1:09 - loss: 0.0795 - accuracy: 0.9727118/126 [===========================>..] - ETA: 1:01 - loss: 0.0793 - accuracy: 0.9728119/126 [===========================>..] - ETA: 54s - loss: 0.0794 - accuracy: 0.9726 120/126 [===========================>..] - ETA: 46s - loss: 0.0798 - accuracy: 0.9724121/126 [===========================>..] - ETA: 38s - loss: 0.0801 - accuracy: 0.9723122/126 [============================>.] - ETA: 30s - loss: 0.0798 - accuracy: 0.9725123/126 [============================>.] - ETA: 23s - loss: 0.0796 - accuracy: 0.9725124/126 [============================>.] - ETA: 15s - loss: 0.0799 - accuracy: 0.9724125/126 [============================>.] - ETA: 7s - loss: 0.0801 - accuracy: 0.9723 126/126 [==============================] - ETA: 0s - loss: 0.0798 - accuracy: 0.9724
Epoch 00011: val_loss did not improve from 0.68349
126/126 [==============================] - 1032s 8s/step - loss: 0.0798 - accuracy: 0.9724 - val_loss: 0.6871 - val_accuracy: 0.5981
Epoch 12/30
  1/126 [..............................] - ETA: 20:25 - loss: 0.0553 - accuracy: 0.9688  2/126 [..............................] - ETA: 15:04 - loss: 0.0626 - accuracy: 0.9727  3/126 [..............................] - ETA: 15:18 - loss: 0.0745 - accuracy: 0.9688  4/126 [..............................] - ETA: 15:15 - loss: 0.0711 - accuracy: 0.9688  5/126 [>.............................] - ETA: 15:14 - loss: 0.0765 - accuracy: 0.9672  6/126 [>.............................] - ETA: 15:08 - loss: 0.0786 - accuracy: 0.9648  7/126 [>.............................] - ETA: 15:00 - loss: 0.0758 - accuracy: 0.9676  8/126 [>.............................] - ETA: 14:51 - loss: 0.0726 - accuracy: 0.9697  9/126 [=>............................] - ETA: 14:47 - loss: 0.0734 - accuracy: 0.9696 10/126 [=>............................] - ETA: 14:37 - loss: 0.0727 - accuracy: 0.9711 11/126 [=>............................] - ETA: 14:33 - loss: 0.0707 - accuracy: 0.9723 12/126 [=>............................] - ETA: 14:29 - loss: 0.0682 - accuracy: 0.9733 13/126 [==>...........................] - ETA: 14:23 - loss: 0.0678 - accuracy: 0.9736 14/126 [==>...........................] - ETA: 14:14 - loss: 0.0715 - accuracy: 0.9721 15/126 [==>...........................] - ETA: 14:08 - loss: 0.0727 - accuracy: 0.9719 16/126 [==>...........................] - ETA: 14:03 - loss: 0.0725 - accuracy: 0.9722 17/126 [===>..........................] - ETA: 13:57 - loss: 0.0721 - accuracy: 0.9724 18/126 [===>..........................] - ETA: 13:48 - loss: 0.0719 - accuracy: 0.9731 19/126 [===>..........................] - ETA: 13:41 - loss: 0.0706 - accuracy: 0.9741 20/126 [===>..........................] - ETA: 13:34 - loss: 0.0739 - accuracy: 0.9730 21/126 [====>.........................] - ETA: 13:26 - loss: 0.0721 - accuracy: 0.9740 22/126 [====>.........................] - ETA: 13:21 - loss: 0.0705 - accuracy: 0.9748 23/126 [====>.........................] - ETA: 13:13 - loss: 0.0709 - accuracy: 0.9745 24/126 [====>.........................] - ETA: 13:08 - loss: 0.0697 - accuracy: 0.9753 25/126 [====>.........................] - ETA: 13:01 - loss: 0.0683 - accuracy: 0.9759 26/126 [=====>........................] - ETA: 12:55 - loss: 0.0680 - accuracy: 0.9766 27/126 [=====>........................] - ETA: 12:47 - loss: 0.0680 - accuracy: 0.9769 28/126 [=====>........................] - ETA: 12:39 - loss: 0.0672 - accuracy: 0.9774 29/126 [=====>........................] - ETA: 12:23 - loss: 0.0682 - accuracy: 0.9769 30/126 [======>.......................] - ETA: 12:15 - loss: 0.0690 - accuracy: 0.9763 31/126 [======>.......................] - ETA: 12:07 - loss: 0.0704 - accuracy: 0.9761 32/126 [======>.......................] - ETA: 12:00 - loss: 0.0709 - accuracy: 0.9756 33/126 [======>.......................] - ETA: 11:53 - loss: 0.0714 - accuracy: 0.9756 34/126 [=======>......................] - ETA: 11:45 - loss: 0.0711 - accuracy: 0.9761 35/126 [=======>......................] - ETA: 11:37 - loss: 0.0707 - accuracy: 0.9761 36/126 [=======>......................] - ETA: 11:30 - loss: 0.0719 - accuracy: 0.9757 37/126 [=======>......................] - ETA: 11:22 - loss: 0.0710 - accuracy: 0.9764 38/126 [========>.....................] - ETA: 11:14 - loss: 0.0703 - accuracy: 0.9768 39/126 [========>.....................] - ETA: 11:07 - loss: 0.0708 - accuracy: 0.9766 40/126 [========>.....................] - ETA: 11:00 - loss: 0.0717 - accuracy: 0.9768 41/126 [========>.....................] - ETA: 10:52 - loss: 0.0734 - accuracy: 0.9762 42/126 [=========>....................] - ETA: 10:44 - loss: 0.0738 - accuracy: 0.9762 43/126 [=========>....................] - ETA: 10:36 - loss: 0.0738 - accuracy: 0.9760 44/126 [=========>....................] - ETA: 10:29 - loss: 0.0742 - accuracy: 0.9759 45/126 [=========>....................] - ETA: 10:22 - loss: 0.0751 - accuracy: 0.9757 46/126 [=========>....................] - ETA: 10:14 - loss: 0.0753 - accuracy: 0.9757 47/126 [==========>...................] - ETA: 10:06 - loss: 0.0752 - accuracy: 0.9761 48/126 [==========>...................] - ETA: 9:58 - loss: 0.0748 - accuracy: 0.9764  49/126 [==========>...................] - ETA: 9:51 - loss: 0.0746 - accuracy: 0.9763 50/126 [==========>...................] - ETA: 9:43 - loss: 0.0749 - accuracy: 0.9764 51/126 [===========>..................] - ETA: 9:35 - loss: 0.0751 - accuracy: 0.9764 52/126 [===========>..................] - ETA: 9:28 - loss: 0.0756 - accuracy: 0.9760 53/126 [===========>..................] - ETA: 9:20 - loss: 0.0755 - accuracy: 0.9760 54/126 [===========>..................] - ETA: 9:12 - loss: 0.0752 - accuracy: 0.9763 55/126 [============>.................] - ETA: 9:04 - loss: 0.0752 - accuracy: 0.9763 56/126 [============>.................] - ETA: 8:56 - loss: 0.0753 - accuracy: 0.9766 57/126 [============>.................] - ETA: 8:49 - loss: 0.0751 - accuracy: 0.9767 58/126 [============>.................] - ETA: 8:42 - loss: 0.0748 - accuracy: 0.9767 59/126 [=============>................] - ETA: 8:34 - loss: 0.0747 - accuracy: 0.9766 60/126 [=============>................] - ETA: 8:27 - loss: 0.0745 - accuracy: 0.9767 61/126 [=============>................] - ETA: 8:19 - loss: 0.0745 - accuracy: 0.9766 62/126 [=============>................] - ETA: 8:12 - loss: 0.0742 - accuracy: 0.9767 63/126 [==============>...............] - ETA: 8:04 - loss: 0.0741 - accuracy: 0.9767 64/126 [==============>...............] - ETA: 7:56 - loss: 0.0765 - accuracy: 0.9761 65/126 [==============>...............] - ETA: 7:49 - loss: 0.0760 - accuracy: 0.9763 66/126 [==============>...............] - ETA: 7:41 - loss: 0.0760 - accuracy: 0.9763 67/126 [==============>...............] - ETA: 7:34 - loss: 0.0757 - accuracy: 0.9765 68/126 [===============>..............] - ETA: 7:26 - loss: 0.0756 - accuracy: 0.9765 69/126 [===============>..............] - ETA: 7:18 - loss: 0.0763 - accuracy: 0.9760 70/126 [===============>..............] - ETA: 7:11 - loss: 0.0772 - accuracy: 0.9757 71/126 [===============>..............] - ETA: 7:03 - loss: 0.0771 - accuracy: 0.9759 72/126 [================>.............] - ETA: 6:56 - loss: 0.0774 - accuracy: 0.9758 73/126 [================>.............] - ETA: 6:48 - loss: 0.0769 - accuracy: 0.9760 74/126 [================>.............] - ETA: 6:40 - loss: 0.0765 - accuracy: 0.9762 75/126 [================>.............] - ETA: 6:33 - loss: 0.0764 - accuracy: 0.9761 76/126 [=================>............] - ETA: 6:25 - loss: 0.0762 - accuracy: 0.9762 77/126 [=================>............] - ETA: 6:17 - loss: 0.0757 - accuracy: 0.9765 78/126 [=================>............] - ETA: 6:10 - loss: 0.0756 - accuracy: 0.9764 79/126 [=================>............] - ETA: 6:02 - loss: 0.0756 - accuracy: 0.9764 80/126 [==================>...........] - ETA: 5:54 - loss: 0.0755 - accuracy: 0.9764 81/126 [==================>...........] - ETA: 5:47 - loss: 0.0756 - accuracy: 0.9763 82/126 [==================>...........] - ETA: 5:39 - loss: 0.0754 - accuracy: 0.9763 83/126 [==================>...........] - ETA: 5:31 - loss: 0.0755 - accuracy: 0.9762 84/126 [===================>..........] - ETA: 5:24 - loss: 0.0752 - accuracy: 0.9762 85/126 [===================>..........] - ETA: 5:16 - loss: 0.0748 - accuracy: 0.9764 86/126 [===================>..........] - ETA: 5:09 - loss: 0.0746 - accuracy: 0.9766 87/126 [===================>..........] - ETA: 5:01 - loss: 0.0745 - accuracy: 0.9766 88/126 [===================>..........] - ETA: 4:53 - loss: 0.0745 - accuracy: 0.9767 89/126 [====================>.........] - ETA: 4:46 - loss: 0.0748 - accuracy: 0.9767 90/126 [====================>.........] - ETA: 4:38 - loss: 0.0748 - accuracy: 0.9766 91/126 [====================>.........] - ETA: 4:30 - loss: 0.0751 - accuracy: 0.9764 92/126 [====================>.........] - ETA: 4:22 - loss: 0.0755 - accuracy: 0.9761 93/126 [=====================>........] - ETA: 4:15 - loss: 0.0756 - accuracy: 0.9762 94/126 [=====================>........] - ETA: 4:07 - loss: 0.0757 - accuracy: 0.9762 95/126 [=====================>........] - ETA: 4:00 - loss: 0.0755 - accuracy: 0.9762 96/126 [=====================>........] - ETA: 3:52 - loss: 0.0752 - accuracy: 0.9763 97/126 [======================>.......] - ETA: 3:44 - loss: 0.0754 - accuracy: 0.9761 98/126 [======================>.......] - ETA: 3:36 - loss: 0.0757 - accuracy: 0.9759 99/126 [======================>.......] - ETA: 3:29 - loss: 0.0755 - accuracy: 0.9759100/126 [======================>.......] - ETA: 3:21 - loss: 0.0756 - accuracy: 0.9759101/126 [=======================>......] - ETA: 3:13 - loss: 0.0757 - accuracy: 0.9760102/126 [=======================>......] - ETA: 3:06 - loss: 0.0756 - accuracy: 0.9760103/126 [=======================>......] - ETA: 2:58 - loss: 0.0755 - accuracy: 0.9760104/126 [=======================>......] - ETA: 2:50 - loss: 0.0753 - accuracy: 0.9761105/126 [========================>.....] - ETA: 2:42 - loss: 0.0753 - accuracy: 0.9762106/126 [========================>.....] - ETA: 2:35 - loss: 0.0751 - accuracy: 0.9762107/126 [========================>.....] - ETA: 2:27 - loss: 0.0751 - accuracy: 0.9761108/126 [========================>.....] - ETA: 2:20 - loss: 0.0747 - accuracy: 0.9764109/126 [========================>.....] - ETA: 2:12 - loss: 0.0751 - accuracy: 0.9759110/126 [=========================>....] - ETA: 2:04 - loss: 0.0761 - accuracy: 0.9752111/126 [=========================>....] - ETA: 1:56 - loss: 0.0760 - accuracy: 0.9751112/126 [=========================>....] - ETA: 1:49 - loss: 0.0760 - accuracy: 0.9751113/126 [=========================>....] - ETA: 1:41 - loss: 0.0760 - accuracy: 0.9750114/126 [==========================>...] - ETA: 1:33 - loss: 0.0758 - accuracy: 0.9751115/126 [==========================>...] - ETA: 1:25 - loss: 0.0764 - accuracy: 0.9747116/126 [==========================>...] - ETA: 1:17 - loss: 0.0761 - accuracy: 0.9749117/126 [==========================>...] - ETA: 1:10 - loss: 0.0759 - accuracy: 0.9750118/126 [===========================>..] - ETA: 1:02 - loss: 0.0756 - accuracy: 0.9752119/126 [===========================>..] - ETA: 54s - loss: 0.0759 - accuracy: 0.9750 120/126 [===========================>..] - ETA: 46s - loss: 0.0755 - accuracy: 0.9751121/126 [===========================>..] - ETA: 38s - loss: 0.0757 - accuracy: 0.9751122/126 [============================>.] - ETA: 31s - loss: 0.0754 - accuracy: 0.9752123/126 [============================>.] - ETA: 23s - loss: 0.0752 - accuracy: 0.9752124/126 [============================>.] - ETA: 15s - loss: 0.0754 - accuracy: 0.9752125/126 [============================>.] - ETA: 7s - loss: 0.0754 - accuracy: 0.9751 126/126 [==============================] - ETA: 0s - loss: 0.0750 - accuracy: 0.9752
Epoch 00012: val_loss improved from 0.68349 to 0.68230, saving model to NASNetMobile_checkpoint_best_0.6823.h5
126/126 [==============================] - 1037s 8s/step - loss: 0.0750 - accuracy: 0.9752 - val_loss: 0.6823 - val_accuracy: 0.5981
Epoch 13/30
  1/126 [..............................] - ETA: 20:18 - loss: 0.0781 - accuracy: 0.9766  2/126 [..............................] - ETA: 16:20 - loss: 0.0676 - accuracy: 0.9805  3/126 [..............................] - ETA: 16:04 - loss: 0.0853 - accuracy: 0.9714  4/126 [..............................] - ETA: 15:30 - loss: 0.0794 - accuracy: 0.9727  5/126 [>.............................] - ETA: 15:25 - loss: 0.0731 - accuracy: 0.9766  6/126 [>.............................] - ETA: 15:24 - loss: 0.0699 - accuracy: 0.9779  7/126 [>.............................] - ETA: 15:15 - loss: 0.0702 - accuracy: 0.9788  8/126 [>.............................] - ETA: 15:14 - loss: 0.0658 - accuracy: 0.9805  9/126 [=>............................] - ETA: 15:06 - loss: 0.0694 - accuracy: 0.9766 10/126 [=>............................] - ETA: 15:00 - loss: 0.0670 - accuracy: 0.9773 11/126 [=>............................] - ETA: 14:53 - loss: 0.0628 - accuracy: 0.9794 12/126 [=>............................] - ETA: 14:45 - loss: 0.0593 - accuracy: 0.9811 13/126 [==>...........................] - ETA: 14:38 - loss: 0.0634 - accuracy: 0.9796 14/126 [==>...........................] - ETA: 14:31 - loss: 0.0614 - accuracy: 0.9805 15/126 [==>...........................] - ETA: 14:25 - loss: 0.0595 - accuracy: 0.9812 16/126 [==>...........................] - ETA: 14:19 - loss: 0.0589 - accuracy: 0.9814 17/126 [===>..........................] - ETA: 14:11 - loss: 0.0596 - accuracy: 0.9812 18/126 [===>..........................] - ETA: 14:05 - loss: 0.0607 - accuracy: 0.9805 19/126 [===>..........................] - ETA: 14:00 - loss: 0.0596 - accuracy: 0.9811 20/126 [===>..........................] - ETA: 13:52 - loss: 0.0604 - accuracy: 0.9809 21/126 [====>.........................] - ETA: 13:47 - loss: 0.0606 - accuracy: 0.9810 22/126 [====>.........................] - ETA: 13:39 - loss: 0.0603 - accuracy: 0.9808 23/126 [====>.........................] - ETA: 13:31 - loss: 0.0593 - accuracy: 0.9813 24/126 [====>.........................] - ETA: 13:23 - loss: 0.0623 - accuracy: 0.9808 25/126 [====>.........................] - ETA: 13:17 - loss: 0.0656 - accuracy: 0.9794 26/126 [=====>........................] - ETA: 13:10 - loss: 0.0642 - accuracy: 0.9799 27/126 [=====>........................] - ETA: 13:02 - loss: 0.0641 - accuracy: 0.9795 28/126 [=====>........................] - ETA: 12:54 - loss: 0.0631 - accuracy: 0.9799 29/126 [=====>........................] - ETA: 12:48 - loss: 0.0628 - accuracy: 0.9798 30/126 [======>.......................] - ETA: 12:40 - loss: 0.0622 - accuracy: 0.9799 31/126 [======>.......................] - ETA: 12:32 - loss: 0.0620 - accuracy: 0.9798 32/126 [======>.......................] - ETA: 12:25 - loss: 0.0617 - accuracy: 0.9802 33/126 [======>.......................] - ETA: 12:17 - loss: 0.0611 - accuracy: 0.9804 34/126 [=======>......................] - ETA: 12:09 - loss: 0.0603 - accuracy: 0.9805 35/126 [=======>......................] - ETA: 12:01 - loss: 0.0599 - accuracy: 0.9806 36/126 [=======>......................] - ETA: 11:54 - loss: 0.0596 - accuracy: 0.9805 37/126 [=======>......................] - ETA: 11:46 - loss: 0.0600 - accuracy: 0.9806 38/126 [========>.....................] - ETA: 11:38 - loss: 0.0595 - accuracy: 0.9809 39/126 [========>.....................] - ETA: 11:29 - loss: 0.0589 - accuracy: 0.9810 40/126 [========>.....................] - ETA: 11:22 - loss: 0.0580 - accuracy: 0.9814 41/126 [========>.....................] - ETA: 11:14 - loss: 0.0570 - accuracy: 0.9819 42/126 [=========>....................] - ETA: 11:05 - loss: 0.0585 - accuracy: 0.9816 43/126 [=========>....................] - ETA: 10:58 - loss: 0.0578 - accuracy: 0.9820 44/126 [=========>....................] - ETA: 10:49 - loss: 0.0587 - accuracy: 0.9821 45/126 [=========>....................] - ETA: 10:42 - loss: 0.0598 - accuracy: 0.9819 46/126 [=========>....................] - ETA: 10:34 - loss: 0.0597 - accuracy: 0.9817 47/126 [==========>...................] - ETA: 10:26 - loss: 0.0603 - accuracy: 0.9812 48/126 [==========>...................] - ETA: 10:19 - loss: 0.0599 - accuracy: 0.9813 49/126 [==========>...................] - ETA: 10:11 - loss: 0.0600 - accuracy: 0.9812 50/126 [==========>...................] - ETA: 10:03 - loss: 0.0597 - accuracy: 0.9812 51/126 [===========>..................] - ETA: 9:55 - loss: 0.0595 - accuracy: 0.9815  52/126 [===========>..................] - ETA: 9:46 - loss: 0.0598 - accuracy: 0.9815 53/126 [===========>..................] - ETA: 9:38 - loss: 0.0592 - accuracy: 0.9819 54/126 [===========>..................] - ETA: 9:30 - loss: 0.0591 - accuracy: 0.9818 55/126 [============>.................] - ETA: 9:22 - loss: 0.0587 - accuracy: 0.9820 56/126 [============>.................] - ETA: 9:14 - loss: 0.0589 - accuracy: 0.9816 57/126 [============>.................] - ETA: 9:06 - loss: 0.0601 - accuracy: 0.9811 58/126 [============>.................] - ETA: 8:59 - loss: 0.0602 - accuracy: 0.9811 59/126 [=============>................] - ETA: 8:51 - loss: 0.0599 - accuracy: 0.9812 60/126 [=============>................] - ETA: 8:43 - loss: 0.0594 - accuracy: 0.9814 61/126 [=============>................] - ETA: 8:35 - loss: 0.0594 - accuracy: 0.9813 62/126 [=============>................] - ETA: 8:27 - loss: 0.0597 - accuracy: 0.9811 63/126 [==============>...............] - ETA: 8:19 - loss: 0.0595 - accuracy: 0.9812 64/126 [==============>...............] - ETA: 8:11 - loss: 0.0597 - accuracy: 0.9808 65/126 [==============>...............] - ETA: 8:03 - loss: 0.0595 - accuracy: 0.9808 66/126 [==============>...............] - ETA: 7:55 - loss: 0.0593 - accuracy: 0.9808 67/126 [==============>...............] - ETA: 7:47 - loss: 0.0599 - accuracy: 0.9806 68/126 [===============>..............] - ETA: 7:39 - loss: 0.0593 - accuracy: 0.9809 69/126 [===============>..............] - ETA: 7:32 - loss: 0.0592 - accuracy: 0.9810 70/126 [===============>..............] - ETA: 7:24 - loss: 0.0591 - accuracy: 0.9809 71/126 [===============>..............] - ETA: 7:16 - loss: 0.0600 - accuracy: 0.9804 72/126 [================>.............] - ETA: 7:08 - loss: 0.0601 - accuracy: 0.9801 73/126 [================>.............] - ETA: 7:00 - loss: 0.0604 - accuracy: 0.9799 74/126 [================>.............] - ETA: 6:52 - loss: 0.0600 - accuracy: 0.9802 75/126 [================>.............] - ETA: 6:44 - loss: 0.0606 - accuracy: 0.9800 76/126 [=================>............] - ETA: 6:36 - loss: 0.0605 - accuracy: 0.9800 77/126 [=================>............] - ETA: 6:28 - loss: 0.0602 - accuracy: 0.9801 78/126 [=================>............] - ETA: 6:20 - loss: 0.0598 - accuracy: 0.9804 79/126 [=================>............] - ETA: 6:12 - loss: 0.0598 - accuracy: 0.9803 80/126 [==================>...........] - ETA: 6:04 - loss: 0.0594 - accuracy: 0.9804 81/126 [==================>...........] - ETA: 5:56 - loss: 0.0591 - accuracy: 0.9805 82/126 [==================>...........] - ETA: 5:48 - loss: 0.0588 - accuracy: 0.9806 83/126 [==================>...........] - ETA: 5:40 - loss: 0.0592 - accuracy: 0.9805 84/126 [===================>..........] - ETA: 5:32 - loss: 0.0590 - accuracy: 0.9807 85/126 [===================>..........] - ETA: 5:25 - loss: 0.0587 - accuracy: 0.9808 86/126 [===================>..........] - ETA: 5:16 - loss: 0.0588 - accuracy: 0.9807 87/126 [===================>..........] - ETA: 5:09 - loss: 0.0592 - accuracy: 0.9806 88/126 [===================>..........] - ETA: 5:01 - loss: 0.0593 - accuracy: 0.9806 89/126 [====================>.........] - ETA: 4:53 - loss: 0.0596 - accuracy: 0.9804 90/126 [====================>.........] - ETA: 4:45 - loss: 0.0603 - accuracy: 0.9800 91/126 [====================>.........] - ETA: 4:37 - loss: 0.0602 - accuracy: 0.9801 92/126 [====================>.........] - ETA: 4:29 - loss: 0.0604 - accuracy: 0.9800 93/126 [=====================>........] - ETA: 4:21 - loss: 0.0606 - accuracy: 0.9801 94/126 [=====================>........] - ETA: 4:13 - loss: 0.0605 - accuracy: 0.9801 95/126 [=====================>........] - ETA: 4:05 - loss: 0.0609 - accuracy: 0.9799 96/126 [=====================>........] - ETA: 3:57 - loss: 0.0609 - accuracy: 0.9798 97/126 [======================>.......] - ETA: 3:49 - loss: 0.0610 - accuracy: 0.9797 98/126 [======================>.......] - ETA: 3:41 - loss: 0.0612 - accuracy: 0.9797 99/126 [======================>.......] - ETA: 3:33 - loss: 0.0614 - accuracy: 0.9796100/126 [======================>.......] - ETA: 3:25 - loss: 0.0621 - accuracy: 0.9792101/126 [=======================>......] - ETA: 3:17 - loss: 0.0625 - accuracy: 0.9792102/126 [=======================>......] - ETA: 3:09 - loss: 0.0626 - accuracy: 0.9790103/126 [=======================>......] - ETA: 3:01 - loss: 0.0627 - accuracy: 0.9789104/126 [=======================>......] - ETA: 2:54 - loss: 0.0628 - accuracy: 0.9789105/126 [========================>.....] - ETA: 2:46 - loss: 0.0628 - accuracy: 0.9789106/126 [========================>.....] - ETA: 2:38 - loss: 0.0627 - accuracy: 0.9789107/126 [========================>.....] - ETA: 2:30 - loss: 0.0627 - accuracy: 0.9788108/126 [========================>.....] - ETA: 2:22 - loss: 0.0627 - accuracy: 0.9788109/126 [========================>.....] - ETA: 2:14 - loss: 0.0628 - accuracy: 0.9788110/126 [=========================>....] - ETA: 2:06 - loss: 0.0627 - accuracy: 0.9789111/126 [=========================>....] - ETA: 1:58 - loss: 0.0628 - accuracy: 0.9787112/126 [=========================>....] - ETA: 1:50 - loss: 0.0627 - accuracy: 0.9787113/126 [=========================>....] - ETA: 1:42 - loss: 0.0628 - accuracy: 0.9786114/126 [==========================>...] - ETA: 1:34 - loss: 0.0635 - accuracy: 0.9783115/126 [==========================>...] - ETA: 1:26 - loss: 0.0634 - accuracy: 0.9783116/126 [==========================>...] - ETA: 1:18 - loss: 0.0635 - accuracy: 0.9783117/126 [==========================>...] - ETA: 1:11 - loss: 0.0635 - accuracy: 0.9782118/126 [===========================>..] - ETA: 1:03 - loss: 0.0634 - accuracy: 0.9783119/126 [===========================>..] - ETA: 55s - loss: 0.0633 - accuracy: 0.9783 120/126 [===========================>..] - ETA: 47s - loss: 0.0633 - accuracy: 0.9783121/126 [===========================>..] - ETA: 39s - loss: 0.0631 - accuracy: 0.9785122/126 [============================>.] - ETA: 31s - loss: 0.0632 - accuracy: 0.9784123/126 [============================>.] - ETA: 23s - loss: 0.0632 - accuracy: 0.9784124/126 [============================>.] - ETA: 15s - loss: 0.0632 - accuracy: 0.9783125/126 [============================>.] - ETA: 7s - loss: 0.0631 - accuracy: 0.9785 126/126 [==============================] - ETA: 0s - loss: 0.0630 - accuracy: 0.9784
Epoch 00013: val_loss did not improve from 0.68230
126/126 [==============================] - 1043s 8s/step - loss: 0.0630 - accuracy: 0.9784 - val_loss: 0.9541 - val_accuracy: 0.5981
Epoch 14/30
  1/126 [..............................] - ETA: 20:11 - loss: 0.0514 - accuracy: 0.9844  2/126 [..............................] - ETA: 15:35 - loss: 0.0338 - accuracy: 0.9922  3/126 [..............................] - ETA: 15:46 - loss: 0.0440 - accuracy: 0.9870  4/126 [..............................] - ETA: 15:45 - loss: 0.0620 - accuracy: 0.9883  5/126 [>.............................] - ETA: 15:44 - loss: 0.0648 - accuracy: 0.9844  6/126 [>.............................] - ETA: 15:36 - loss: 0.0653 - accuracy: 0.9831  7/126 [>.............................] - ETA: 15:25 - loss: 0.0616 - accuracy: 0.9844  8/126 [>.............................] - ETA: 15:19 - loss: 0.0573 - accuracy: 0.9854  9/126 [=>............................] - ETA: 15:14 - loss: 0.0557 - accuracy: 0.9861 10/126 [=>............................] - ETA: 15:02 - loss: 0.0582 - accuracy: 0.9859 11/126 [=>............................] - ETA: 14:55 - loss: 0.0593 - accuracy: 0.9858 12/126 [=>............................] - ETA: 14:44 - loss: 0.0594 - accuracy: 0.9857 13/126 [==>...........................] - ETA: 14:37 - loss: 0.0589 - accuracy: 0.9856 14/126 [==>...........................] - ETA: 14:32 - loss: 0.0602 - accuracy: 0.9844 15/126 [==>...........................] - ETA: 14:26 - loss: 0.0578 - accuracy: 0.9849 16/126 [==>...........................] - ETA: 14:17 - loss: 0.0552 - accuracy: 0.9858 17/126 [===>..........................] - ETA: 14:09 - loss: 0.0545 - accuracy: 0.9862 18/126 [===>..........................] - ETA: 14:00 - loss: 0.0583 - accuracy: 0.9844 19/126 [===>..........................] - ETA: 13:51 - loss: 0.0579 - accuracy: 0.9848 20/126 [===>..........................] - ETA: 13:42 - loss: 0.0565 - accuracy: 0.9852 21/126 [====>.........................] - ETA: 13:33 - loss: 0.0576 - accuracy: 0.9847 22/126 [====>.........................] - ETA: 13:26 - loss: 0.0571 - accuracy: 0.9847 23/126 [====>.........................] - ETA: 13:19 - loss: 0.0610 - accuracy: 0.9827 24/126 [====>.........................] - ETA: 13:17 - loss: 0.0608 - accuracy: 0.9827 25/126 [====>.........................] - ETA: 13:10 - loss: 0.0604 - accuracy: 0.9831 26/126 [=====>........................] - ETA: 13:03 - loss: 0.0630 - accuracy: 0.9820 27/126 [=====>........................] - ETA: 12:55 - loss: 0.0631 - accuracy: 0.9818 28/126 [=====>........................] - ETA: 12:47 - loss: 0.0630 - accuracy: 0.9819 29/126 [=====>........................] - ETA: 12:40 - loss: 0.0638 - accuracy: 0.9820 30/126 [======>.......................] - ETA: 12:32 - loss: 0.0652 - accuracy: 0.9818 31/126 [======>.......................] - ETA: 12:24 - loss: 0.0640 - accuracy: 0.9821 32/126 [======>.......................] - ETA: 12:18 - loss: 0.0637 - accuracy: 0.9822 33/126 [======>.......................] - ETA: 12:10 - loss: 0.0630 - accuracy: 0.9825 34/126 [=======>......................] - ETA: 12:01 - loss: 0.0652 - accuracy: 0.9814 35/126 [=======>......................] - ETA: 11:53 - loss: 0.0647 - accuracy: 0.9812 36/126 [=======>......................] - ETA: 11:45 - loss: 0.0642 - accuracy: 0.9813 37/126 [=======>......................] - ETA: 11:37 - loss: 0.0640 - accuracy: 0.9812 38/126 [========>.....................] - ETA: 11:29 - loss: 0.0634 - accuracy: 0.9815 39/126 [========>.....................] - ETA: 11:21 - loss: 0.0625 - accuracy: 0.9818 40/126 [========>.....................] - ETA: 11:12 - loss: 0.0622 - accuracy: 0.9818 41/126 [========>.....................] - ETA: 11:04 - loss: 0.0622 - accuracy: 0.9819 42/126 [=========>....................] - ETA: 10:56 - loss: 0.0623 - accuracy: 0.9816 43/126 [=========>....................] - ETA: 10:48 - loss: 0.0615 - accuracy: 0.9820 44/126 [=========>....................] - ETA: 10:40 - loss: 0.0612 - accuracy: 0.9819 45/126 [=========>....................] - ETA: 10:32 - loss: 0.0616 - accuracy: 0.9814 46/126 [=========>....................] - ETA: 10:24 - loss: 0.0616 - accuracy: 0.9811 47/126 [==========>...................] - ETA: 10:17 - loss: 0.0610 - accuracy: 0.9812 48/126 [==========>...................] - ETA: 10:08 - loss: 0.0609 - accuracy: 0.9814 49/126 [==========>...................] - ETA: 10:01 - loss: 0.0609 - accuracy: 0.9815 50/126 [==========>...................] - ETA: 9:53 - loss: 0.0603 - accuracy: 0.9817  51/126 [===========>..................] - ETA: 9:46 - loss: 0.0603 - accuracy: 0.9816 52/126 [===========>..................] - ETA: 9:38 - loss: 0.0600 - accuracy: 0.9817 53/126 [===========>..................] - ETA: 9:30 - loss: 0.0614 - accuracy: 0.9813 54/126 [===========>..................] - ETA: 9:22 - loss: 0.0614 - accuracy: 0.9812 55/126 [============>.................] - ETA: 9:14 - loss: 0.0613 - accuracy: 0.9812 56/126 [============>.................] - ETA: 9:07 - loss: 0.0616 - accuracy: 0.9812 57/126 [============>.................] - ETA: 8:59 - loss: 0.0616 - accuracy: 0.9811 58/126 [============>.................] - ETA: 8:52 - loss: 0.0618 - accuracy: 0.9811 59/126 [=============>................] - ETA: 8:44 - loss: 0.0616 - accuracy: 0.9811 60/126 [=============>................] - ETA: 8:34 - loss: 0.0615 - accuracy: 0.9809 61/126 [=============>................] - ETA: 8:26 - loss: 0.0611 - accuracy: 0.9810 62/126 [=============>................] - ETA: 8:19 - loss: 0.0613 - accuracy: 0.9809 63/126 [==============>...............] - ETA: 8:11 - loss: 0.0612 - accuracy: 0.9811 64/126 [==============>...............] - ETA: 8:03 - loss: 0.0608 - accuracy: 0.9811 65/126 [==============>...............] - ETA: 7:56 - loss: 0.0605 - accuracy: 0.9812 66/126 [==============>...............] - ETA: 7:48 - loss: 0.0607 - accuracy: 0.9810 67/126 [==============>...............] - ETA: 7:40 - loss: 0.0604 - accuracy: 0.9811 68/126 [===============>..............] - ETA: 7:32 - loss: 0.0601 - accuracy: 0.9813 69/126 [===============>..............] - ETA: 7:24 - loss: 0.0596 - accuracy: 0.9815 70/126 [===============>..............] - ETA: 7:17 - loss: 0.0594 - accuracy: 0.9816 71/126 [===============>..............] - ETA: 7:09 - loss: 0.0593 - accuracy: 0.9817 72/126 [================>.............] - ETA: 7:01 - loss: 0.0591 - accuracy: 0.9815 73/126 [================>.............] - ETA: 6:53 - loss: 0.0593 - accuracy: 0.9813 74/126 [================>.............] - ETA: 6:45 - loss: 0.0617 - accuracy: 0.9806 75/126 [================>.............] - ETA: 6:37 - loss: 0.0613 - accuracy: 0.9809 76/126 [=================>............] - ETA: 6:30 - loss: 0.0608 - accuracy: 0.9810 77/126 [=================>............] - ETA: 6:22 - loss: 0.0606 - accuracy: 0.9812 78/126 [=================>............] - ETA: 6:14 - loss: 0.0603 - accuracy: 0.9813 79/126 [=================>............] - ETA: 6:06 - loss: 0.0600 - accuracy: 0.9814 80/126 [==================>...........] - ETA: 5:59 - loss: 0.0608 - accuracy: 0.9813 81/126 [==================>...........] - ETA: 5:51 - loss: 0.0607 - accuracy: 0.9815 82/126 [==================>...........] - ETA: 5:43 - loss: 0.0608 - accuracy: 0.9815 83/126 [==================>...........] - ETA: 5:35 - loss: 0.0606 - accuracy: 0.9816 84/126 [===================>..........] - ETA: 5:27 - loss: 0.0605 - accuracy: 0.9817 85/126 [===================>..........] - ETA: 5:19 - loss: 0.0613 - accuracy: 0.9816 86/126 [===================>..........] - ETA: 5:12 - loss: 0.0611 - accuracy: 0.9818 87/126 [===================>..........] - ETA: 5:04 - loss: 0.0609 - accuracy: 0.9818 88/126 [===================>..........] - ETA: 4:56 - loss: 0.0610 - accuracy: 0.9817 89/126 [====================>.........] - ETA: 4:48 - loss: 0.0607 - accuracy: 0.9819 90/126 [====================>.........] - ETA: 4:41 - loss: 0.0604 - accuracy: 0.9820 91/126 [====================>.........] - ETA: 4:33 - loss: 0.0612 - accuracy: 0.9817 92/126 [====================>.........] - ETA: 4:25 - loss: 0.0609 - accuracy: 0.9818 93/126 [=====================>........] - ETA: 4:17 - loss: 0.0612 - accuracy: 0.9817 94/126 [=====================>........] - ETA: 4:10 - loss: 0.0610 - accuracy: 0.9817 95/126 [=====================>........] - ETA: 4:02 - loss: 0.0614 - accuracy: 0.9817 96/126 [=====================>........] - ETA: 3:54 - loss: 0.0614 - accuracy: 0.9817 97/126 [======================>.......] - ETA: 3:46 - loss: 0.0612 - accuracy: 0.9817 98/126 [======================>.......] - ETA: 3:38 - loss: 0.0609 - accuracy: 0.9819 99/126 [======================>.......] - ETA: 3:31 - loss: 0.0609 - accuracy: 0.9819100/126 [======================>.......] - ETA: 3:23 - loss: 0.0606 - accuracy: 0.9821101/126 [=======================>......] - ETA: 3:15 - loss: 0.0607 - accuracy: 0.9821102/126 [=======================>......] - ETA: 3:07 - loss: 0.0606 - accuracy: 0.9820103/126 [=======================>......] - ETA: 2:59 - loss: 0.0604 - accuracy: 0.9821104/126 [=======================>......] - ETA: 2:51 - loss: 0.0610 - accuracy: 0.9817105/126 [========================>.....] - ETA: 2:44 - loss: 0.0609 - accuracy: 0.9817106/126 [========================>.....] - ETA: 2:36 - loss: 0.0606 - accuracy: 0.9818107/126 [========================>.....] - ETA: 2:28 - loss: 0.0606 - accuracy: 0.9818108/126 [========================>.....] - ETA: 2:20 - loss: 0.0606 - accuracy: 0.9818109/126 [========================>.....] - ETA: 2:12 - loss: 0.0605 - accuracy: 0.9817110/126 [=========================>....] - ETA: 2:05 - loss: 0.0606 - accuracy: 0.9818111/126 [=========================>....] - ETA: 1:57 - loss: 0.0604 - accuracy: 0.9818112/126 [=========================>....] - ETA: 1:49 - loss: 0.0601 - accuracy: 0.9818113/126 [=========================>....] - ETA: 1:41 - loss: 0.0598 - accuracy: 0.9819114/126 [==========================>...] - ETA: 1:33 - loss: 0.0607 - accuracy: 0.9816115/126 [==========================>...] - ETA: 1:26 - loss: 0.0607 - accuracy: 0.9815116/126 [==========================>...] - ETA: 1:18 - loss: 0.0613 - accuracy: 0.9813117/126 [==========================>...] - ETA: 1:10 - loss: 0.0612 - accuracy: 0.9813118/126 [===========================>..] - ETA: 1:02 - loss: 0.0611 - accuracy: 0.9814119/126 [===========================>..] - ETA: 54s - loss: 0.0611 - accuracy: 0.9814 120/126 [===========================>..] - ETA: 46s - loss: 0.0608 - accuracy: 0.9815121/126 [===========================>..] - ETA: 39s - loss: 0.0610 - accuracy: 0.9816122/126 [============================>.] - ETA: 31s - loss: 0.0608 - accuracy: 0.9817123/126 [============================>.] - ETA: 23s - loss: 0.0611 - accuracy: 0.9815124/126 [============================>.] - ETA: 15s - loss: 0.0610 - accuracy: 0.9814125/126 [============================>.] - ETA: 7s - loss: 0.0608 - accuracy: 0.9816 126/126 [==============================] - ETA: 0s - loss: 0.0608 - accuracy: 0.9815
Epoch 00014: val_loss did not improve from 0.68230
126/126 [==============================] - 1043s 8s/step - loss: 0.0608 - accuracy: 0.9815 - val_loss: 0.6863 - val_accuracy: 0.5981
Epoch 15/30
  1/126 [..............................] - ETA: 19:52 - loss: 0.1175 - accuracy: 0.9375  2/126 [..............................] - ETA: 15:08 - loss: 0.0887 - accuracy: 0.9609  3/126 [..............................] - ETA: 15:20 - loss: 0.0743 - accuracy: 0.9714  4/126 [..............................] - ETA: 15:13 - loss: 0.0635 - accuracy: 0.9785  5/126 [>.............................] - ETA: 15:08 - loss: 0.0597 - accuracy: 0.9781  6/126 [>.............................] - ETA: 15:05 - loss: 0.0571 - accuracy: 0.9792  7/126 [>.............................] - ETA: 14:57 - loss: 0.0556 - accuracy: 0.9799  8/126 [>.............................] - ETA: 14:51 - loss: 0.0668 - accuracy: 0.9785  9/126 [=>............................] - ETA: 14:45 - loss: 0.0623 - accuracy: 0.9809 10/126 [=>............................] - ETA: 14:36 - loss: 0.0591 - accuracy: 0.9828 11/126 [=>............................] - ETA: 14:29 - loss: 0.0573 - accuracy: 0.9830 12/126 [=>............................] - ETA: 14:19 - loss: 0.0635 - accuracy: 0.9805 13/126 [==>...........................] - ETA: 14:13 - loss: 0.0637 - accuracy: 0.9796 14/126 [==>...........................] - ETA: 14:07 - loss: 0.0615 - accuracy: 0.9810 15/126 [==>...........................] - ETA: 14:04 - loss: 0.0594 - accuracy: 0.9818 16/126 [==>...........................] - ETA: 14:00 - loss: 0.0602 - accuracy: 0.9814 17/126 [===>..........................] - ETA: 13:53 - loss: 0.0607 - accuracy: 0.9802 18/126 [===>..........................] - ETA: 13:48 - loss: 0.0615 - accuracy: 0.9792 19/126 [===>..........................] - ETA: 13:41 - loss: 0.0615 - accuracy: 0.9794 20/126 [===>..........................] - ETA: 13:35 - loss: 0.0607 - accuracy: 0.9793 21/126 [====>.........................] - ETA: 13:26 - loss: 0.0599 - accuracy: 0.9799 22/126 [====>.........................] - ETA: 13:43 - loss: 0.0600 - accuracy: 0.9801 23/126 [====>.........................] - ETA: 13:36 - loss: 0.0612 - accuracy: 0.9806 24/126 [====>.........................] - ETA: 13:28 - loss: 0.0606 - accuracy: 0.9805 25/126 [====>.........................] - ETA: 13:20 - loss: 0.0597 - accuracy: 0.9809 26/126 [=====>........................] - ETA: 13:11 - loss: 0.0590 - accuracy: 0.9811 27/126 [=====>........................] - ETA: 13:04 - loss: 0.0591 - accuracy: 0.9809 28/126 [=====>........................] - ETA: 12:57 - loss: 0.0591 - accuracy: 0.9807 29/126 [=====>........................] - ETA: 12:48 - loss: 0.0587 - accuracy: 0.9809 30/126 [======>.......................] - ETA: 12:41 - loss: 0.0586 - accuracy: 0.9807 31/126 [======>.......................] - ETA: 12:34 - loss: 0.0586 - accuracy: 0.9806 32/126 [======>.......................] - ETA: 12:25 - loss: 0.0588 - accuracy: 0.9805 33/126 [======>.......................] - ETA: 12:17 - loss: 0.0587 - accuracy: 0.9808 34/126 [=======>......................] - ETA: 12:09 - loss: 0.0580 - accuracy: 0.9809 35/126 [=======>......................] - ETA: 12:01 - loss: 0.0578 - accuracy: 0.9812 36/126 [=======>......................] - ETA: 11:52 - loss: 0.0572 - accuracy: 0.9813 37/126 [=======>......................] - ETA: 11:44 - loss: 0.0568 - accuracy: 0.9814 38/126 [========>.....................] - ETA: 11:36 - loss: 0.0569 - accuracy: 0.9817 39/126 [========>.....................] - ETA: 11:28 - loss: 0.0578 - accuracy: 0.9816 40/126 [========>.....................] - ETA: 11:20 - loss: 0.0577 - accuracy: 0.9814 41/126 [========>.....................] - ETA: 11:12 - loss: 0.0572 - accuracy: 0.9817 42/126 [=========>....................] - ETA: 11:03 - loss: 0.0565 - accuracy: 0.9818 43/126 [=========>....................] - ETA: 10:56 - loss: 0.0562 - accuracy: 0.9818 44/126 [=========>....................] - ETA: 10:48 - loss: 0.0557 - accuracy: 0.9821 45/126 [=========>....................] - ETA: 10:40 - loss: 0.0556 - accuracy: 0.9818 46/126 [=========>....................] - ETA: 10:32 - loss: 0.0551 - accuracy: 0.9818 47/126 [==========>...................] - ETA: 10:24 - loss: 0.0559 - accuracy: 0.9815 48/126 [==========>...................] - ETA: 10:16 - loss: 0.0552 - accuracy: 0.9818 49/126 [==========>...................] - ETA: 10:08 - loss: 0.0546 - accuracy: 0.9820 50/126 [==========>...................] - ETA: 10:00 - loss: 0.0544 - accuracy: 0.9820 51/126 [===========>..................] - ETA: 9:52 - loss: 0.0556 - accuracy: 0.9818  52/126 [===========>..................] - ETA: 9:44 - loss: 0.0553 - accuracy: 0.9818 53/126 [===========>..................] - ETA: 9:36 - loss: 0.0550 - accuracy: 0.9820 54/126 [===========>..................] - ETA: 9:28 - loss: 0.0548 - accuracy: 0.9822 55/126 [============>.................] - ETA: 9:20 - loss: 0.0550 - accuracy: 0.9820 56/126 [============>.................] - ETA: 9:12 - loss: 0.0544 - accuracy: 0.9823 57/126 [============>.................] - ETA: 9:04 - loss: 0.0544 - accuracy: 0.9823 58/126 [============>.................] - ETA: 8:56 - loss: 0.0547 - accuracy: 0.9824 59/126 [=============>................] - ETA: 8:48 - loss: 0.0545 - accuracy: 0.9824 60/126 [=============>................] - ETA: 8:40 - loss: 0.0542 - accuracy: 0.9826 61/126 [=============>................] - ETA: 8:32 - loss: 0.0539 - accuracy: 0.9827 62/126 [=============>................] - ETA: 8:24 - loss: 0.0543 - accuracy: 0.9825 63/126 [==============>...............] - ETA: 8:16 - loss: 0.0540 - accuracy: 0.9826 64/126 [==============>...............] - ETA: 8:08 - loss: 0.0538 - accuracy: 0.9827 65/126 [==============>...............] - ETA: 8:00 - loss: 0.0535 - accuracy: 0.9828 66/126 [==============>...............] - ETA: 7:52 - loss: 0.0530 - accuracy: 0.9831 67/126 [==============>...............] - ETA: 7:44 - loss: 0.0534 - accuracy: 0.9830 68/126 [===============>..............] - ETA: 7:36 - loss: 0.0533 - accuracy: 0.9830 69/126 [===============>..............] - ETA: 7:28 - loss: 0.0527 - accuracy: 0.9832 70/126 [===============>..............] - ETA: 7:20 - loss: 0.0527 - accuracy: 0.9833 71/126 [===============>..............] - ETA: 7:10 - loss: 0.0524 - accuracy: 0.9834 72/126 [================>.............] - ETA: 7:03 - loss: 0.0520 - accuracy: 0.9836 73/126 [================>.............] - ETA: 6:55 - loss: 0.0518 - accuracy: 0.9836 74/126 [================>.............] - ETA: 6:47 - loss: 0.0516 - accuracy: 0.9837 75/126 [================>.............] - ETA: 6:39 - loss: 0.0526 - accuracy: 0.9838 76/126 [=================>............] - ETA: 6:32 - loss: 0.0527 - accuracy: 0.9838 77/126 [=================>............] - ETA: 6:24 - loss: 0.0525 - accuracy: 0.9839 78/126 [=================>............] - ETA: 6:16 - loss: 0.0523 - accuracy: 0.9840 79/126 [=================>............] - ETA: 6:08 - loss: 0.0521 - accuracy: 0.9841 80/126 [==================>...........] - ETA: 6:00 - loss: 0.0520 - accuracy: 0.9842 81/126 [==================>...........] - ETA: 5:52 - loss: 0.0516 - accuracy: 0.9843 82/126 [==================>...........] - ETA: 5:44 - loss: 0.0516 - accuracy: 0.9842 83/126 [==================>...........] - ETA: 5:36 - loss: 0.0513 - accuracy: 0.9843 84/126 [===================>..........] - ETA: 5:28 - loss: 0.0518 - accuracy: 0.9841 85/126 [===================>..........] - ETA: 5:20 - loss: 0.0522 - accuracy: 0.9840 86/126 [===================>..........] - ETA: 5:13 - loss: 0.0521 - accuracy: 0.9841 87/126 [===================>..........] - ETA: 5:05 - loss: 0.0519 - accuracy: 0.9841 88/126 [===================>..........] - ETA: 4:57 - loss: 0.0520 - accuracy: 0.9841 89/126 [====================>.........] - ETA: 4:49 - loss: 0.0522 - accuracy: 0.9841 90/126 [====================>.........] - ETA: 4:41 - loss: 0.0519 - accuracy: 0.9842 91/126 [====================>.........] - ETA: 4:34 - loss: 0.0522 - accuracy: 0.9842 92/126 [====================>.........] - ETA: 4:26 - loss: 0.0519 - accuracy: 0.9842 93/126 [=====================>........] - ETA: 4:18 - loss: 0.0522 - accuracy: 0.9842 94/126 [=====================>........] - ETA: 4:10 - loss: 0.0521 - accuracy: 0.9843 95/126 [=====================>........] - ETA: 4:02 - loss: 0.0521 - accuracy: 0.9842 96/126 [=====================>........] - ETA: 3:55 - loss: 0.0522 - accuracy: 0.9842 97/126 [======================>.......] - ETA: 3:47 - loss: 0.0528 - accuracy: 0.9836 98/126 [======================>.......] - ETA: 3:39 - loss: 0.0525 - accuracy: 0.9838 99/126 [======================>.......] - ETA: 3:31 - loss: 0.0526 - accuracy: 0.9838100/126 [======================>.......] - ETA: 3:23 - loss: 0.0531 - accuracy: 0.9836101/126 [=======================>......] - ETA: 3:15 - loss: 0.0528 - accuracy: 0.9838102/126 [=======================>......] - ETA: 3:07 - loss: 0.0533 - accuracy: 0.9837103/126 [=======================>......] - ETA: 3:00 - loss: 0.0532 - accuracy: 0.9838104/126 [=======================>......] - ETA: 2:52 - loss: 0.0537 - accuracy: 0.9837105/126 [========================>.....] - ETA: 2:44 - loss: 0.0543 - accuracy: 0.9835106/126 [========================>.....] - ETA: 2:36 - loss: 0.0543 - accuracy: 0.9834107/126 [========================>.....] - ETA: 2:28 - loss: 0.0541 - accuracy: 0.9836108/126 [========================>.....] - ETA: 2:20 - loss: 0.0541 - accuracy: 0.9835109/126 [========================>.....] - ETA: 2:13 - loss: 0.0540 - accuracy: 0.9835110/126 [=========================>....] - ETA: 2:05 - loss: 0.0539 - accuracy: 0.9836111/126 [=========================>....] - ETA: 1:57 - loss: 0.0540 - accuracy: 0.9836112/126 [=========================>....] - ETA: 1:49 - loss: 0.0543 - accuracy: 0.9834113/126 [=========================>....] - ETA: 1:41 - loss: 0.0541 - accuracy: 0.9836114/126 [==========================>...] - ETA: 1:34 - loss: 0.0541 - accuracy: 0.9834115/126 [==========================>...] - ETA: 1:26 - loss: 0.0541 - accuracy: 0.9834116/126 [==========================>...] - ETA: 1:18 - loss: 0.0543 - accuracy: 0.9832117/126 [==========================>...] - ETA: 1:10 - loss: 0.0540 - accuracy: 0.9833118/126 [===========================>..] - ETA: 1:02 - loss: 0.0541 - accuracy: 0.9833119/126 [===========================>..] - ETA: 54s - loss: 0.0540 - accuracy: 0.9834 120/126 [===========================>..] - ETA: 47s - loss: 0.0539 - accuracy: 0.9834121/126 [===========================>..] - ETA: 39s - loss: 0.0537 - accuracy: 0.9834122/126 [============================>.] - ETA: 31s - loss: 0.0536 - accuracy: 0.9835123/126 [============================>.] - ETA: 23s - loss: 0.0535 - accuracy: 0.9835124/126 [============================>.] - ETA: 15s - loss: 0.0533 - accuracy: 0.9835125/126 [============================>.] - ETA: 7s - loss: 0.0532 - accuracy: 0.9836 126/126 [==============================] - ETA: 0s - loss: 0.0532 - accuracy: 0.9836
Epoch 00015: val_loss did not improve from 0.68230
126/126 [==============================] - 1043s 8s/step - loss: 0.0532 - accuracy: 0.9836 - val_loss: 0.6852 - val_accuracy: 0.5981
Epoch 16/30
  1/126 [..............................] - ETA: 20:39 - loss: 0.0224 - accuracy: 0.9922  2/126 [..............................] - ETA: 16:44 - loss: 0.0296 - accuracy: 0.9883  3/126 [..............................] - ETA: 16:14 - loss: 0.0294 - accuracy: 0.9896  4/126 [..............................] - ETA: 16:14 - loss: 0.0326 - accuracy: 0.9883  5/126 [>.............................] - ETA: 16:09 - loss: 0.0310 - accuracy: 0.9906  6/126 [>.............................] - ETA: 16:05 - loss: 0.0341 - accuracy: 0.9883  7/126 [>.............................] - ETA: 15:58 - loss: 0.0322 - accuracy: 0.9900  8/126 [>.............................] - ETA: 15:52 - loss: 0.0349 - accuracy: 0.9883  9/126 [=>............................] - ETA: 15:41 - loss: 0.0339 - accuracy: 0.9887 10/126 [=>............................] - ETA: 15:31 - loss: 0.0321 - accuracy: 0.9898 11/126 [=>............................] - ETA: 15:22 - loss: 0.0367 - accuracy: 0.9893 12/126 [=>............................] - ETA: 15:14 - loss: 0.0346 - accuracy: 0.9902 13/126 [==>...........................] - ETA: 15:05 - loss: 0.0352 - accuracy: 0.9898 14/126 [==>...........................] - ETA: 14:54 - loss: 0.0348 - accuracy: 0.9894 15/126 [==>...........................] - ETA: 14:48 - loss: 0.0357 - accuracy: 0.9896 16/126 [==>...........................] - ETA: 14:42 - loss: 0.0354 - accuracy: 0.9897 17/126 [===>..........................] - ETA: 14:34 - loss: 0.0360 - accuracy: 0.9890 18/126 [===>..........................] - ETA: 14:24 - loss: 0.0379 - accuracy: 0.9883 19/126 [===>..........................] - ETA: 14:14 - loss: 0.0394 - accuracy: 0.9881 20/126 [===>..........................] - ETA: 14:05 - loss: 0.0402 - accuracy: 0.9879 21/126 [====>.........................] - ETA: 13:55 - loss: 0.0407 - accuracy: 0.9877 22/126 [====>.........................] - ETA: 13:47 - loss: 0.0397 - accuracy: 0.9879 23/126 [====>.........................] - ETA: 13:39 - loss: 0.0395 - accuracy: 0.9878 24/126 [====>.........................] - ETA: 13:31 - loss: 0.0386 - accuracy: 0.9883 25/126 [====>.........................] - ETA: 13:22 - loss: 0.0390 - accuracy: 0.9881 26/126 [=====>........................] - ETA: 13:14 - loss: 0.0392 - accuracy: 0.9880 27/126 [=====>........................] - ETA: 13:05 - loss: 0.0405 - accuracy: 0.9873 28/126 [=====>........................] - ETA: 12:57 - loss: 0.0403 - accuracy: 0.9872 29/126 [=====>........................] - ETA: 12:49 - loss: 0.0413 - accuracy: 0.9871 30/126 [======>.......................] - ETA: 12:41 - loss: 0.0415 - accuracy: 0.9870 31/126 [======>.......................] - ETA: 12:33 - loss: 0.0416 - accuracy: 0.9871 32/126 [======>.......................] - ETA: 12:26 - loss: 0.0420 - accuracy: 0.9868 33/126 [======>.......................] - ETA: 12:18 - loss: 0.0417 - accuracy: 0.9870 34/126 [=======>......................] - ETA: 12:10 - loss: 0.0418 - accuracy: 0.9871 35/126 [=======>......................] - ETA: 12:02 - loss: 0.0421 - accuracy: 0.9866 36/126 [=======>......................] - ETA: 11:54 - loss: 0.0443 - accuracy: 0.9859 37/126 [=======>......................] - ETA: 11:47 - loss: 0.0444 - accuracy: 0.9856 38/126 [========>.....................] - ETA: 11:39 - loss: 0.0436 - accuracy: 0.9860 39/126 [========>.....................] - ETA: 11:31 - loss: 0.0433 - accuracy: 0.9862 40/126 [========>.....................] - ETA: 11:23 - loss: 0.0439 - accuracy: 0.9863 41/126 [========>.....................] - ETA: 11:15 - loss: 0.0444 - accuracy: 0.9861 42/126 [=========>....................] - ETA: 11:07 - loss: 0.0450 - accuracy: 0.9857 43/126 [=========>....................] - ETA: 10:59 - loss: 0.0455 - accuracy: 0.9855 44/126 [=========>....................] - ETA: 10:51 - loss: 0.0466 - accuracy: 0.9849 45/126 [=========>....................] - ETA: 10:43 - loss: 0.0463 - accuracy: 0.9851 46/126 [=========>....................] - ETA: 10:34 - loss: 0.0484 - accuracy: 0.9844 47/126 [==========>...................] - ETA: 10:26 - loss: 0.0487 - accuracy: 0.9842 48/126 [==========>...................] - ETA: 10:19 - loss: 0.0483 - accuracy: 0.9844 49/126 [==========>...................] - ETA: 10:11 - loss: 0.0488 - accuracy: 0.9842 50/126 [==========>...................] - ETA: 10:03 - loss: 0.0490 - accuracy: 0.9842 51/126 [===========>..................] - ETA: 9:56 - loss: 0.0494 - accuracy: 0.9841  52/126 [===========>..................] - ETA: 9:49 - loss: 0.0499 - accuracy: 0.9841 53/126 [===========>..................] - ETA: 9:41 - loss: 0.0504 - accuracy: 0.9838 54/126 [===========>..................] - ETA: 9:33 - loss: 0.0500 - accuracy: 0.9841 55/126 [============>.................] - ETA: 9:25 - loss: 0.0497 - accuracy: 0.9842 56/126 [============>.................] - ETA: 9:18 - loss: 0.0494 - accuracy: 0.9844 57/126 [============>.................] - ETA: 9:09 - loss: 0.0497 - accuracy: 0.9845 58/126 [============>.................] - ETA: 9:01 - loss: 0.0500 - accuracy: 0.9844 59/126 [=============>................] - ETA: 8:53 - loss: 0.0500 - accuracy: 0.9842 60/126 [=============>................] - ETA: 8:45 - loss: 0.0497 - accuracy: 0.9845 61/126 [=============>................] - ETA: 8:36 - loss: 0.0506 - accuracy: 0.9841 62/126 [=============>................] - ETA: 8:28 - loss: 0.0504 - accuracy: 0.9842 63/126 [==============>...............] - ETA: 8:21 - loss: 0.0501 - accuracy: 0.9845 64/126 [==============>...............] - ETA: 8:13 - loss: 0.0499 - accuracy: 0.9846 65/126 [==============>...............] - ETA: 8:05 - loss: 0.0499 - accuracy: 0.9846 66/126 [==============>...............] - ETA: 7:57 - loss: 0.0498 - accuracy: 0.9847 67/126 [==============>...............] - ETA: 7:49 - loss: 0.0495 - accuracy: 0.9848 68/126 [===============>..............] - ETA: 7:41 - loss: 0.0503 - accuracy: 0.9847 69/126 [===============>..............] - ETA: 7:32 - loss: 0.0498 - accuracy: 0.9849 70/126 [===============>..............] - ETA: 7:24 - loss: 0.0496 - accuracy: 0.9850 71/126 [===============>..............] - ETA: 7:16 - loss: 0.0492 - accuracy: 0.9851 72/126 [================>.............] - ETA: 7:08 - loss: 0.0493 - accuracy: 0.9851 73/126 [================>.............] - ETA: 7:00 - loss: 0.0493 - accuracy: 0.9851 74/126 [================>.............] - ETA: 6:53 - loss: 0.0491 - accuracy: 0.9852 75/126 [================>.............] - ETA: 6:45 - loss: 0.0488 - accuracy: 0.9852 76/126 [=================>............] - ETA: 6:37 - loss: 0.0491 - accuracy: 0.9852 77/126 [=================>............] - ETA: 6:29 - loss: 0.0503 - accuracy: 0.9850 78/126 [=================>............] - ETA: 6:21 - loss: 0.0508 - accuracy: 0.9850 79/126 [=================>............] - ETA: 6:13 - loss: 0.0511 - accuracy: 0.9848 80/126 [==================>...........] - ETA: 6:15 - loss: 0.0514 - accuracy: 0.9848 81/126 [==================>...........] - ETA: 6:07 - loss: 0.0514 - accuracy: 0.9847 82/126 [==================>...........] - ETA: 5:59 - loss: 0.0518 - accuracy: 0.9846 83/126 [==================>...........] - ETA: 5:50 - loss: 0.0516 - accuracy: 0.9848 84/126 [===================>..........] - ETA: 5:42 - loss: 0.0514 - accuracy: 0.9847 85/126 [===================>..........] - ETA: 5:34 - loss: 0.0514 - accuracy: 0.9847 86/126 [===================>..........] - ETA: 5:25 - loss: 0.0512 - accuracy: 0.9847 87/126 [===================>..........] - ETA: 5:17 - loss: 0.0513 - accuracy: 0.9846 88/126 [===================>..........] - ETA: 5:09 - loss: 0.0519 - accuracy: 0.9843 89/126 [====================>.........] - ETA: 4:59 - loss: 0.0533 - accuracy: 0.9839 90/126 [====================>.........] - ETA: 4:51 - loss: 0.0532 - accuracy: 0.9839 91/126 [====================>.........] - ETA: 4:43 - loss: 0.0534 - accuracy: 0.9837 92/126 [====================>.........] - ETA: 4:35 - loss: 0.0536 - accuracy: 0.9836 93/126 [=====================>........] - ETA: 4:26 - loss: 0.0534 - accuracy: 0.9837 94/126 [=====================>........] - ETA: 4:18 - loss: 0.0537 - accuracy: 0.9836 95/126 [=====================>........] - ETA: 4:18 - loss: 0.0535 - accuracy: 0.9837 96/126 [=====================>........] - ETA: 4:10 - loss: 0.0535 - accuracy: 0.9836 97/126 [======================>.......] - ETA: 4:01 - loss: 0.0537 - accuracy: 0.9834 98/126 [======================>.......] - ETA: 3:53 - loss: 0.0533 - accuracy: 0.9836 99/126 [======================>.......] - ETA: 3:44 - loss: 0.0531 - accuracy: 0.9838100/126 [======================>.......] - ETA: 3:36 - loss: 0.0530 - accuracy: 0.9837101/126 [=======================>......] - ETA: 3:27 - loss: 0.0530 - accuracy: 0.9837102/126 [=======================>......] - ETA: 3:19 - loss: 0.0531 - accuracy: 0.9836103/126 [=======================>......] - ETA: 3:10 - loss: 0.0530 - accuracy: 0.9836104/126 [=======================>......] - ETA: 3:02 - loss: 0.0532 - accuracy: 0.9834105/126 [========================>.....] - ETA: 2:54 - loss: 0.0543 - accuracy: 0.9831106/126 [========================>.....] - ETA: 2:45 - loss: 0.0542 - accuracy: 0.9831107/126 [========================>.....] - ETA: 2:37 - loss: 0.0541 - accuracy: 0.9831108/126 [========================>.....] - ETA: 2:28 - loss: 0.0545 - accuracy: 0.9830109/126 [========================>.....] - ETA: 2:20 - loss: 0.0545 - accuracy: 0.9830110/126 [=========================>....] - ETA: 2:12 - loss: 0.0544 - accuracy: 0.9830111/126 [=========================>....] - ETA: 2:03 - loss: 0.0547 - accuracy: 0.9829112/126 [=========================>....] - ETA: 1:55 - loss: 0.0545 - accuracy: 0.9829113/126 [=========================>....] - ETA: 1:47 - loss: 0.0544 - accuracy: 0.9829114/126 [==========================>...] - ETA: 1:38 - loss: 0.0554 - accuracy: 0.9825115/126 [==========================>...] - ETA: 1:30 - loss: 0.0555 - accuracy: 0.9824116/126 [==========================>...] - ETA: 1:22 - loss: 0.0553 - accuracy: 0.9825117/126 [==========================>...] - ETA: 1:14 - loss: 0.0550 - accuracy: 0.9827118/126 [===========================>..] - ETA: 1:05 - loss: 0.0550 - accuracy: 0.9826119/126 [===========================>..] - ETA: 57s - loss: 0.0548 - accuracy: 0.9828 120/126 [===========================>..] - ETA: 49s - loss: 0.0547 - accuracy: 0.9827121/126 [===========================>..] - ETA: 41s - loss: 0.0546 - accuracy: 0.9828122/126 [============================>.] - ETA: 32s - loss: 0.0546 - accuracy: 0.9827123/126 [============================>.] - ETA: 24s - loss: 0.0544 - accuracy: 0.9828124/126 [============================>.] - ETA: 16s - loss: 0.0546 - accuracy: 0.9827125/126 [============================>.] - ETA: 8s - loss: 0.0548 - accuracy: 0.9827 126/126 [==============================] - ETA: 0s - loss: 0.0546 - accuracy: 0.9827
Epoch 00016: val_loss did not improve from 0.68230
126/126 [==============================] - 1086s 9s/step - loss: 0.0546 - accuracy: 0.9827 - val_loss: 0.6948 - val_accuracy: 0.5981
Epoch 17/30
  1/126 [..............................] - ETA: 21:14 - loss: 0.0710 - accuracy: 0.9766  2/126 [..............................] - ETA: 15:34 - loss: 0.0519 - accuracy: 0.9844  3/126 [..............................] - ETA: 15:35 - loss: 0.0736 - accuracy: 0.9792  4/126 [..............................] - ETA: 15:39 - loss: 0.0615 - accuracy: 0.9824  5/126 [>.............................] - ETA: 15:37 - loss: 0.0607 - accuracy: 0.9812  6/126 [>.............................] - ETA: 15:31 - loss: 0.0625 - accuracy: 0.9805  7/126 [>.............................] - ETA: 15:36 - loss: 0.0596 - accuracy: 0.9821  8/126 [>.............................] - ETA: 15:23 - loss: 0.0592 - accuracy: 0.9814  9/126 [=>............................] - ETA: 15:15 - loss: 0.0565 - accuracy: 0.9826 10/126 [=>............................] - ETA: 15:13 - loss: 0.0574 - accuracy: 0.9828 11/126 [=>............................] - ETA: 15:07 - loss: 0.0590 - accuracy: 0.9808 12/126 [=>............................] - ETA: 15:01 - loss: 0.0571 - accuracy: 0.9811 13/126 [==>...........................] - ETA: 14:50 - loss: 0.0549 - accuracy: 0.9814 14/126 [==>...........................] - ETA: 14:41 - loss: 0.0556 - accuracy: 0.9816 15/126 [==>...........................] - ETA: 14:32 - loss: 0.0555 - accuracy: 0.9812 16/126 [==>...........................] - ETA: 14:21 - loss: 0.0556 - accuracy: 0.9810 17/126 [===>..........................] - ETA: 14:12 - loss: 0.0571 - accuracy: 0.9802 18/126 [===>..........................] - ETA: 14:05 - loss: 0.0566 - accuracy: 0.9809 19/126 [===>..........................] - ETA: 13:55 - loss: 0.0556 - accuracy: 0.9819 20/126 [===>..........................] - ETA: 13:49 - loss: 0.0542 - accuracy: 0.9824 21/126 [====>.........................] - ETA: 13:39 - loss: 0.0557 - accuracy: 0.9825 22/126 [====>.........................] - ETA: 13:31 - loss: 0.0541 - accuracy: 0.9833 23/126 [====>.........................] - ETA: 13:24 - loss: 0.0529 - accuracy: 0.9837 24/126 [====>.........................] - ETA: 13:16 - loss: 0.0531 - accuracy: 0.9837 25/126 [====>.........................] - ETA: 13:08 - loss: 0.0527 - accuracy: 0.9841 26/126 [=====>........................] - ETA: 13:01 - loss: 0.0522 - accuracy: 0.9844 27/126 [=====>........................] - ETA: 12:53 - loss: 0.0527 - accuracy: 0.9838 28/126 [=====>........................] - ETA: 12:45 - loss: 0.0536 - accuracy: 0.9833 29/126 [=====>........................] - ETA: 12:36 - loss: 0.0546 - accuracy: 0.9828 30/126 [======>.......................] - ETA: 12:28 - loss: 0.0546 - accuracy: 0.9826 31/126 [======>.......................] - ETA: 12:19 - loss: 0.0547 - accuracy: 0.9821 32/126 [======>.......................] - ETA: 12:11 - loss: 0.0542 - accuracy: 0.9824 33/126 [======>.......................] - ETA: 12:03 - loss: 0.0547 - accuracy: 0.9825 34/126 [=======>......................] - ETA: 11:55 - loss: 0.0552 - accuracy: 0.9828 35/126 [=======>......................] - ETA: 11:47 - loss: 0.0546 - accuracy: 0.9830 36/126 [=======>......................] - ETA: 11:39 - loss: 0.0559 - accuracy: 0.9831 37/126 [=======>......................] - ETA: 11:31 - loss: 0.0558 - accuracy: 0.9829 38/126 [========>.....................] - ETA: 11:23 - loss: 0.0553 - accuracy: 0.9831 39/126 [========>.....................] - ETA: 11:15 - loss: 0.0546 - accuracy: 0.9834 40/126 [========>.....................] - ETA: 11:07 - loss: 0.0542 - accuracy: 0.9836 41/126 [========>.....................] - ETA: 10:59 - loss: 0.0552 - accuracy: 0.9832 42/126 [=========>....................] - ETA: 10:52 - loss: 0.0547 - accuracy: 0.9834 43/126 [=========>....................] - ETA: 10:44 - loss: 0.0543 - accuracy: 0.9835 44/126 [=========>....................] - ETA: 10:37 - loss: 0.0539 - accuracy: 0.9835 45/126 [=========>....................] - ETA: 10:29 - loss: 0.0535 - accuracy: 0.9837 46/126 [=========>....................] - ETA: 10:21 - loss: 0.0534 - accuracy: 0.9839 47/126 [==========>...................] - ETA: 10:14 - loss: 0.0527 - accuracy: 0.9840 48/126 [==========>...................] - ETA: 10:06 - loss: 0.0523 - accuracy: 0.9842 49/126 [==========>...................] - ETA: 9:59 - loss: 0.0516 - accuracy: 0.9845  50/126 [==========>...................] - ETA: 9:51 - loss: 0.0511 - accuracy: 0.9848 51/126 [===========>..................] - ETA: 9:43 - loss: 0.0505 - accuracy: 0.9850 52/126 [===========>..................] - ETA: 9:35 - loss: 0.0512 - accuracy: 0.9847 53/126 [===========>..................] - ETA: 9:28 - loss: 0.0508 - accuracy: 0.9850 54/126 [===========>..................] - ETA: 9:20 - loss: 0.0504 - accuracy: 0.9850 55/126 [============>.................] - ETA: 9:13 - loss: 0.0503 - accuracy: 0.9848 56/126 [============>.................] - ETA: 9:04 - loss: 0.0497 - accuracy: 0.9851 57/126 [============>.................] - ETA: 8:57 - loss: 0.0492 - accuracy: 0.9853 58/126 [============>.................] - ETA: 8:49 - loss: 0.0497 - accuracy: 0.9852 59/126 [=============>................] - ETA: 8:41 - loss: 0.0497 - accuracy: 0.9853 60/126 [=============>................] - ETA: 8:33 - loss: 0.0495 - accuracy: 0.9852 61/126 [=============>................] - ETA: 8:25 - loss: 0.0491 - accuracy: 0.9853 62/126 [=============>................] - ETA: 8:18 - loss: 0.0486 - accuracy: 0.9855 63/126 [==============>...............] - ETA: 8:10 - loss: 0.0495 - accuracy: 0.9852 64/126 [==============>...............] - ETA: 8:02 - loss: 0.0493 - accuracy: 0.9852 65/126 [==============>...............] - ETA: 7:54 - loss: 0.0496 - accuracy: 0.9850 66/126 [==============>...............] - ETA: 7:46 - loss: 0.0503 - accuracy: 0.9847 67/126 [==============>...............] - ETA: 7:38 - loss: 0.0503 - accuracy: 0.9847 68/126 [===============>..............] - ETA: 7:30 - loss: 0.0499 - accuracy: 0.9849 69/126 [===============>..............] - ETA: 7:23 - loss: 0.0495 - accuracy: 0.9851 70/126 [===============>..............] - ETA: 7:15 - loss: 0.0504 - accuracy: 0.9848 71/126 [===============>..............] - ETA: 7:07 - loss: 0.0505 - accuracy: 0.9847 72/126 [================>.............] - ETA: 6:59 - loss: 0.0512 - accuracy: 0.9845 73/126 [================>.............] - ETA: 6:51 - loss: 0.0510 - accuracy: 0.9846 74/126 [================>.............] - ETA: 6:43 - loss: 0.0511 - accuracy: 0.9846 75/126 [================>.............] - ETA: 6:36 - loss: 0.0507 - accuracy: 0.9848 76/126 [=================>............] - ETA: 6:28 - loss: 0.0504 - accuracy: 0.9849 77/126 [=================>............] - ETA: 6:20 - loss: 0.0509 - accuracy: 0.9849 78/126 [=================>............] - ETA: 6:12 - loss: 0.0520 - accuracy: 0.9844 79/126 [=================>............] - ETA: 6:04 - loss: 0.0529 - accuracy: 0.9842 80/126 [==================>...........] - ETA: 5:56 - loss: 0.0528 - accuracy: 0.9842 81/126 [==================>...........] - ETA: 5:48 - loss: 0.0527 - accuracy: 0.9843 82/126 [==================>...........] - ETA: 5:41 - loss: 0.0524 - accuracy: 0.9845 83/126 [==================>...........] - ETA: 5:33 - loss: 0.0526 - accuracy: 0.9844 84/126 [===================>..........] - ETA: 5:25 - loss: 0.0524 - accuracy: 0.9846 85/126 [===================>..........] - ETA: 5:17 - loss: 0.0524 - accuracy: 0.9847 86/126 [===================>..........] - ETA: 5:10 - loss: 0.0523 - accuracy: 0.9846 87/126 [===================>..........] - ETA: 5:02 - loss: 0.0521 - accuracy: 0.9846 88/126 [===================>..........] - ETA: 4:54 - loss: 0.0519 - accuracy: 0.9847 89/126 [====================>.........] - ETA: 4:46 - loss: 0.0521 - accuracy: 0.9846 90/126 [====================>.........] - ETA: 4:39 - loss: 0.0520 - accuracy: 0.9845 91/126 [====================>.........] - ETA: 4:31 - loss: 0.0520 - accuracy: 0.9845 92/126 [====================>.........] - ETA: 4:23 - loss: 0.0517 - accuracy: 0.9847 93/126 [=====================>........] - ETA: 4:15 - loss: 0.0514 - accuracy: 0.9848 94/126 [=====================>........] - ETA: 4:07 - loss: 0.0510 - accuracy: 0.9850 95/126 [=====================>........] - ETA: 4:00 - loss: 0.0511 - accuracy: 0.9849 96/126 [=====================>........] - ETA: 3:52 - loss: 0.0513 - accuracy: 0.9849 97/126 [======================>.......] - ETA: 3:44 - loss: 0.0514 - accuracy: 0.9848 98/126 [======================>.......] - ETA: 3:36 - loss: 0.0514 - accuracy: 0.9847 99/126 [======================>.......] - ETA: 3:29 - loss: 0.0514 - accuracy: 0.9847100/126 [======================>.......] - ETA: 3:21 - loss: 0.0520 - accuracy: 0.9845101/126 [=======================>......] - ETA: 3:13 - loss: 0.0518 - accuracy: 0.9846102/126 [=======================>......] - ETA: 3:06 - loss: 0.0519 - accuracy: 0.9846103/126 [=======================>......] - ETA: 2:58 - loss: 0.0521 - accuracy: 0.9845104/126 [=======================>......] - ETA: 2:50 - loss: 0.0521 - accuracy: 0.9845105/126 [========================>.....] - ETA: 2:42 - loss: 0.0520 - accuracy: 0.9846106/126 [========================>.....] - ETA: 2:35 - loss: 0.0524 - accuracy: 0.9845107/126 [========================>.....] - ETA: 2:27 - loss: 0.0528 - accuracy: 0.9844108/126 [========================>.....] - ETA: 2:19 - loss: 0.0527 - accuracy: 0.9845109/126 [========================>.....] - ETA: 2:11 - loss: 0.0526 - accuracy: 0.9846110/126 [=========================>....] - ETA: 2:03 - loss: 0.0527 - accuracy: 0.9846111/126 [=========================>....] - ETA: 1:56 - loss: 0.0528 - accuracy: 0.9846112/126 [=========================>....] - ETA: 1:48 - loss: 0.0526 - accuracy: 0.9847113/126 [=========================>....] - ETA: 1:40 - loss: 0.0524 - accuracy: 0.9847114/126 [==========================>...] - ETA: 1:32 - loss: 0.0523 - accuracy: 0.9848115/126 [==========================>...] - ETA: 1:25 - loss: 0.0522 - accuracy: 0.9847116/126 [==========================>...] - ETA: 1:17 - loss: 0.0521 - accuracy: 0.9848117/126 [==========================>...] - ETA: 1:09 - loss: 0.0522 - accuracy: 0.9848118/126 [===========================>..] - ETA: 1:01 - loss: 0.0520 - accuracy: 0.9849119/126 [===========================>..] - ETA: 54s - loss: 0.0522 - accuracy: 0.9847 120/126 [===========================>..] - ETA: 46s - loss: 0.0521 - accuracy: 0.9848121/126 [===========================>..] - ETA: 38s - loss: 0.0519 - accuracy: 0.9849122/126 [============================>.] - ETA: 30s - loss: 0.0519 - accuracy: 0.9850123/126 [============================>.] - ETA: 23s - loss: 0.0520 - accuracy: 0.9849124/126 [============================>.] - ETA: 15s - loss: 0.0519 - accuracy: 0.9848125/126 [============================>.] - ETA: 7s - loss: 0.0517 - accuracy: 0.9849 126/126 [==============================] - ETA: 0s - loss: 0.0514 - accuracy: 0.9850
Epoch 00017: val_loss did not improve from 0.68230
126/126 [==============================] - 1027s 8s/step - loss: 0.0514 - accuracy: 0.9850 - val_loss: 0.9243 - val_accuracy: 0.4019
Epoch 18/30
  1/126 [..............................] - ETA: 19:55 - loss: 0.0552 - accuracy: 0.9922  2/126 [..............................] - ETA: 16:35 - loss: 0.0430 - accuracy: 0.9922  3/126 [..............................] - ETA: 16:16 - loss: 0.0369 - accuracy: 0.9922  4/126 [..............................] - ETA: 16:11 - loss: 0.0491 - accuracy: 0.9883  5/126 [>.............................] - ETA: 16:01 - loss: 0.0479 - accuracy: 0.9859  6/126 [>.............................] - ETA: 15:45 - loss: 0.0428 - accuracy: 0.9883  7/126 [>.............................] - ETA: 15:30 - loss: 0.0425 - accuracy: 0.9877  8/126 [>.............................] - ETA: 15:15 - loss: 0.0409 - accuracy: 0.9893  9/126 [=>............................] - ETA: 15:05 - loss: 0.0402 - accuracy: 0.9905 10/126 [=>............................] - ETA: 14:52 - loss: 0.0420 - accuracy: 0.9898 11/126 [=>............................] - ETA: 21:47 - loss: 0.0403 - accuracy: 0.9901 12/126 [=>............................] - ETA: 21:01 - loss: 0.0413 - accuracy: 0.9889 13/126 [==>...........................] - ETA: 20:18 - loss: 0.0409 - accuracy: 0.9886 14/126 [==>...........................] - ETA: 19:42 - loss: 0.0389 - accuracy: 0.9894 15/126 [==>...........................] - ETA: 19:10 - loss: 0.0398 - accuracy: 0.9891 16/126 [==>...........................] - ETA: 18:41 - loss: 0.0381 - accuracy: 0.9897 17/126 [===>..........................] - ETA: 18:14 - loss: 0.0411 - accuracy: 0.9899 18/126 [===>..........................] - ETA: 17:50 - loss: 0.0448 - accuracy: 0.9891 19/126 [===>..........................] - ETA: 17:30 - loss: 0.0432 - accuracy: 0.9897 20/126 [===>..........................] - ETA: 17:11 - loss: 0.0434 - accuracy: 0.9895 21/126 [====>.........................] - ETA: 16:51 - loss: 0.0425 - accuracy: 0.9896 22/126 [====>.........................] - ETA: 16:33 - loss: 0.0431 - accuracy: 0.9893 23/126 [====>.........................] - ETA: 16:16 - loss: 0.0421 - accuracy: 0.9895 24/126 [====>.........................] - ETA: 15:59 - loss: 0.0410 - accuracy: 0.9899 25/126 [====>.........................] - ETA: 15:44 - loss: 0.0406 - accuracy: 0.9900 26/126 [=====>........................] - ETA: 15:28 - loss: 0.0407 - accuracy: 0.9901 27/126 [=====>........................] - ETA: 15:13 - loss: 0.0400 - accuracy: 0.9902 28/126 [=====>........................] - ETA: 14:58 - loss: 0.0406 - accuracy: 0.9897 29/126 [=====>........................] - ETA: 14:45 - loss: 0.0399 - accuracy: 0.9900 30/126 [======>.......................] - ETA: 14:32 - loss: 0.0405 - accuracy: 0.9898 31/126 [======>.......................] - ETA: 14:19 - loss: 0.0399 - accuracy: 0.9899 32/126 [======>.......................] - ETA: 14:06 - loss: 0.0394 - accuracy: 0.9900 33/126 [======>.......................] - ETA: 13:54 - loss: 0.0393 - accuracy: 0.9898 34/126 [=======>......................] - ETA: 13:42 - loss: 0.0396 - accuracy: 0.9894 35/126 [=======>......................] - ETA: 13:31 - loss: 0.0394 - accuracy: 0.9895 36/126 [=======>......................] - ETA: 13:20 - loss: 0.0390 - accuracy: 0.9896 37/126 [=======>......................] - ETA: 13:09 - loss: 0.0388 - accuracy: 0.9897 38/126 [========>.....................] - ETA: 12:57 - loss: 0.0386 - accuracy: 0.9897 39/126 [========>.....................] - ETA: 12:45 - loss: 0.0385 - accuracy: 0.9898 40/126 [========>.....................] - ETA: 12:35 - loss: 0.0380 - accuracy: 0.9900 41/126 [========>.....................] - ETA: 12:24 - loss: 0.0378 - accuracy: 0.9901 42/126 [=========>....................] - ETA: 12:13 - loss: 0.0374 - accuracy: 0.9901 43/126 [=========>....................] - ETA: 12:03 - loss: 0.0392 - accuracy: 0.9895 44/126 [=========>....................] - ETA: 11:53 - loss: 0.0393 - accuracy: 0.9892 45/126 [=========>....................] - ETA: 11:43 - loss: 0.0392 - accuracy: 0.9891 46/126 [=========>....................] - ETA: 11:33 - loss: 0.0398 - accuracy: 0.9886 47/126 [==========>...................] - ETA: 11:23 - loss: 0.0393 - accuracy: 0.9889 48/126 [==========>...................] - ETA: 11:13 - loss: 0.0390 - accuracy: 0.9891 49/126 [==========>...................] - ETA: 11:02 - loss: 0.0387 - accuracy: 0.9893 50/126 [==========>...................] - ETA: 10:51 - loss: 0.0396 - accuracy: 0.9892 51/126 [===========>..................] - ETA: 10:42 - loss: 0.0396 - accuracy: 0.9891 52/126 [===========>..................] - ETA: 10:31 - loss: 0.0395 - accuracy: 0.9892 53/126 [===========>..................] - ETA: 10:21 - loss: 0.0398 - accuracy: 0.9889 54/126 [===========>..................] - ETA: 10:12 - loss: 0.0402 - accuracy: 0.9887 55/126 [============>.................] - ETA: 10:02 - loss: 0.0401 - accuracy: 0.9888 56/126 [============>.................] - ETA: 9:52 - loss: 0.0400 - accuracy: 0.9890  57/126 [============>.................] - ETA: 9:43 - loss: 0.0399 - accuracy: 0.9890 58/126 [============>.................] - ETA: 9:35 - loss: 0.0399 - accuracy: 0.9891 59/126 [=============>................] - ETA: 9:25 - loss: 0.0399 - accuracy: 0.9890 60/126 [=============>................] - ETA: 9:16 - loss: 0.0401 - accuracy: 0.9888 61/126 [=============>................] - ETA: 9:07 - loss: 0.0400 - accuracy: 0.9887 62/126 [=============>................] - ETA: 8:58 - loss: 0.0405 - accuracy: 0.9885 63/126 [==============>...............] - ETA: 8:49 - loss: 0.0402 - accuracy: 0.9887 64/126 [==============>...............] - ETA: 8:40 - loss: 0.0417 - accuracy: 0.9882 65/126 [==============>...............] - ETA: 8:31 - loss: 0.0418 - accuracy: 0.9880 66/126 [==============>...............] - ETA: 8:22 - loss: 0.0416 - accuracy: 0.9879 67/126 [==============>...............] - ETA: 8:13 - loss: 0.0413 - accuracy: 0.9881 68/126 [===============>..............] - ETA: 8:04 - loss: 0.0411 - accuracy: 0.9883 69/126 [===============>..............] - ETA: 7:53 - loss: 0.0411 - accuracy: 0.9883 70/126 [===============>..............] - ETA: 7:45 - loss: 0.0410 - accuracy: 0.9883 71/126 [===============>..............] - ETA: 7:36 - loss: 0.0414 - accuracy: 0.9884 72/126 [================>.............] - ETA: 7:28 - loss: 0.0414 - accuracy: 0.9885 73/126 [================>.............] - ETA: 7:19 - loss: 0.0418 - accuracy: 0.9883 74/126 [================>.............] - ETA: 7:11 - loss: 0.0421 - accuracy: 0.9880 75/126 [================>.............] - ETA: 7:02 - loss: 0.0419 - accuracy: 0.9880 76/126 [=================>............] - ETA: 6:54 - loss: 0.0416 - accuracy: 0.9881 77/126 [=================>............] - ETA: 6:45 - loss: 0.0413 - accuracy: 0.9883 78/126 [=================>............] - ETA: 6:37 - loss: 0.0412 - accuracy: 0.9883 79/126 [=================>............] - ETA: 6:28 - loss: 0.0410 - accuracy: 0.9884 80/126 [==================>...........] - ETA: 6:20 - loss: 0.0408 - accuracy: 0.9884 81/126 [==================>...........] - ETA: 6:11 - loss: 0.0408 - accuracy: 0.9884 82/126 [==================>...........] - ETA: 6:03 - loss: 0.0409 - accuracy: 0.9883 83/126 [==================>...........] - ETA: 5:55 - loss: 0.0406 - accuracy: 0.9884 84/126 [===================>..........] - ETA: 5:47 - loss: 0.0413 - accuracy: 0.9881 85/126 [===================>..........] - ETA: 5:38 - loss: 0.0413 - accuracy: 0.9880 86/126 [===================>..........] - ETA: 5:30 - loss: 0.0415 - accuracy: 0.9881 87/126 [===================>..........] - ETA: 5:22 - loss: 0.0424 - accuracy: 0.9880 88/126 [===================>..........] - ETA: 5:13 - loss: 0.0421 - accuracy: 0.9882 89/126 [====================>.........] - ETA: 5:05 - loss: 0.0418 - accuracy: 0.9883 90/126 [====================>.........] - ETA: 4:57 - loss: 0.0415 - accuracy: 0.9884 91/126 [====================>.........] - ETA: 4:48 - loss: 0.0418 - accuracy: 0.9883 92/126 [====================>.........] - ETA: 4:40 - loss: 0.0419 - accuracy: 0.9881 93/126 [=====================>........] - ETA: 4:32 - loss: 0.0420 - accuracy: 0.9880 94/126 [=====================>........] - ETA: 4:23 - loss: 0.0419 - accuracy: 0.9880 95/126 [=====================>........] - ETA: 4:15 - loss: 0.0418 - accuracy: 0.9880 96/126 [=====================>........] - ETA: 4:07 - loss: 0.0416 - accuracy: 0.9881 97/126 [======================>.......] - ETA: 3:58 - loss: 0.0418 - accuracy: 0.9879 98/126 [======================>.......] - ETA: 3:50 - loss: 0.0418 - accuracy: 0.9879 99/126 [======================>.......] - ETA: 3:42 - loss: 0.0415 - accuracy: 0.9881100/126 [======================>.......] - ETA: 3:34 - loss: 0.0415 - accuracy: 0.9882101/126 [=======================>......] - ETA: 3:25 - loss: 0.0413 - accuracy: 0.9883102/126 [=======================>......] - ETA: 3:17 - loss: 0.0412 - accuracy: 0.9883103/126 [=======================>......] - ETA: 3:09 - loss: 0.0415 - accuracy: 0.9881104/126 [=======================>......] - ETA: 3:01 - loss: 0.0416 - accuracy: 0.9880105/126 [========================>.....] - ETA: 2:52 - loss: 0.0420 - accuracy: 0.9877106/126 [========================>.....] - ETA: 2:44 - loss: 0.0420 - accuracy: 0.9877107/126 [========================>.....] - ETA: 2:36 - loss: 0.0418 - accuracy: 0.9878108/126 [========================>.....] - ETA: 2:28 - loss: 0.0416 - accuracy: 0.9880109/126 [========================>.....] - ETA: 2:19 - loss: 0.0416 - accuracy: 0.9879110/126 [=========================>....] - ETA: 2:11 - loss: 0.0418 - accuracy: 0.9878111/126 [=========================>....] - ETA: 2:03 - loss: 0.0419 - accuracy: 0.9877112/126 [=========================>....] - ETA: 1:55 - loss: 0.0418 - accuracy: 0.9878113/126 [=========================>....] - ETA: 1:46 - loss: 0.0416 - accuracy: 0.9879114/126 [==========================>...] - ETA: 1:38 - loss: 0.0419 - accuracy: 0.9878115/126 [==========================>...] - ETA: 1:30 - loss: 0.0418 - accuracy: 0.9878116/126 [==========================>...] - ETA: 1:22 - loss: 0.0417 - accuracy: 0.9878117/126 [==========================>...] - ETA: 1:13 - loss: 0.0416 - accuracy: 0.9879118/126 [===========================>..] - ETA: 1:05 - loss: 0.0414 - accuracy: 0.9879119/126 [===========================>..] - ETA: 57s - loss: 0.0413 - accuracy: 0.9880 120/126 [===========================>..] - ETA: 49s - loss: 0.0411 - accuracy: 0.9881121/126 [===========================>..] - ETA: 40s - loss: 0.0413 - accuracy: 0.9881122/126 [============================>.] - ETA: 32s - loss: 0.0412 - accuracy: 0.9881123/126 [============================>.] - ETA: 24s - loss: 0.0411 - accuracy: 0.9882124/126 [============================>.] - ETA: 16s - loss: 0.0409 - accuracy: 0.9883125/126 [============================>.] - ETA: 8s - loss: 0.0407 - accuracy: 0.9883 126/126 [==============================] - ETA: 0s - loss: 0.0406 - accuracy: 0.9883
Epoch 00018: val_loss did not improve from 0.68230
126/126 [==============================] - 1082s 9s/step - loss: 0.0406 - accuracy: 0.9883 - val_loss: 0.6897 - val_accuracy: 0.5981
Epoch 19/30
  1/126 [..............................] - ETA: 20:39 - loss: 0.0377 - accuracy: 0.9922  2/126 [..............................] - ETA: 15:41 - loss: 0.0308 - accuracy: 0.9961  3/126 [..............................] - ETA: 16:00 - loss: 0.0308 - accuracy: 0.9922  4/126 [..............................] - ETA: 16:06 - loss: 0.0269 - accuracy: 0.9941  5/126 [>.............................] - ETA: 15:46 - loss: 0.0244 - accuracy: 0.9953  6/126 [>.............................] - ETA: 15:34 - loss: 0.0248 - accuracy: 0.9948  7/126 [>.............................] - ETA: 15:27 - loss: 0.0278 - accuracy: 0.9944  8/126 [>.............................] - ETA: 15:19 - loss: 0.0263 - accuracy: 0.9951  9/126 [=>............................] - ETA: 15:07 - loss: 0.0272 - accuracy: 0.9939 10/126 [=>............................] - ETA: 15:25 - loss: 0.0387 - accuracy: 0.9937 11/126 [=>............................] - ETA: 15:04 - loss: 0.0361 - accuracy: 0.9943 12/126 [=>............................] - ETA: 14:55 - loss: 0.0355 - accuracy: 0.9941 13/126 [==>...........................] - ETA: 14:47 - loss: 0.0350 - accuracy: 0.9940 14/126 [==>...........................] - ETA: 14:42 - loss: 0.0332 - accuracy: 0.9944 15/126 [==>...........................] - ETA: 14:34 - loss: 0.0358 - accuracy: 0.9927 16/126 [==>...........................] - ETA: 14:25 - loss: 0.0361 - accuracy: 0.9922 17/126 [===>..........................] - ETA: 14:16 - loss: 0.0368 - accuracy: 0.9913 18/126 [===>..........................] - ETA: 14:06 - loss: 0.0389 - accuracy: 0.9905 19/126 [===>..........................] - ETA: 13:58 - loss: 0.0377 - accuracy: 0.9910 20/126 [===>..........................] - ETA: 13:49 - loss: 0.0385 - accuracy: 0.9898 21/126 [====>.........................] - ETA: 14:22 - loss: 0.0380 - accuracy: 0.9900 22/126 [====>.........................] - ETA: 14:12 - loss: 0.0383 - accuracy: 0.9897 23/126 [====>.........................] - ETA: 14:02 - loss: 0.0374 - accuracy: 0.9901 24/126 [====>.........................] - ETA: 13:52 - loss: 0.0385 - accuracy: 0.9899 25/126 [====>.........................] - ETA: 13:43 - loss: 0.0383 - accuracy: 0.9900 26/126 [=====>........................] - ETA: 13:34 - loss: 0.0376 - accuracy: 0.9904 27/126 [=====>........................] - ETA: 13:26 - loss: 0.0385 - accuracy: 0.9902 28/126 [=====>........................] - ETA: 13:15 - loss: 0.0378 - accuracy: 0.9905 29/126 [=====>........................] - ETA: 13:06 - loss: 0.0407 - accuracy: 0.9895 30/126 [======>.......................] - ETA: 12:57 - loss: 0.0405 - accuracy: 0.9896 31/126 [======>.......................] - ETA: 12:39 - loss: 0.0407 - accuracy: 0.9893 32/126 [======>.......................] - ETA: 12:30 - loss: 0.0405 - accuracy: 0.9892 33/126 [======>.......................] - ETA: 12:21 - loss: 0.0403 - accuracy: 0.9890 34/126 [=======>......................] - ETA: 12:12 - loss: 0.0398 - accuracy: 0.9891 35/126 [=======>......................] - ETA: 12:04 - loss: 0.0394 - accuracy: 0.9894 36/126 [=======>......................] - ETA: 11:55 - loss: 0.0395 - accuracy: 0.9893 37/126 [=======>......................] - ETA: 11:46 - loss: 0.0397 - accuracy: 0.9891 38/126 [========>.....................] - ETA: 11:38 - loss: 0.0391 - accuracy: 0.9894 39/126 [========>.....................] - ETA: 11:29 - loss: 0.0387 - accuracy: 0.9897 40/126 [========>.....................] - ETA: 11:20 - loss: 0.0385 - accuracy: 0.9898 41/126 [========>.....................] - ETA: 11:11 - loss: 0.0385 - accuracy: 0.9898 42/126 [=========>....................] - ETA: 11:03 - loss: 0.0380 - accuracy: 0.9899 43/126 [=========>....................] - ETA: 10:55 - loss: 0.0378 - accuracy: 0.9899 44/126 [=========>....................] - ETA: 10:46 - loss: 0.0372 - accuracy: 0.9902 45/126 [=========>....................] - ETA: 10:37 - loss: 0.0374 - accuracy: 0.9900 46/126 [=========>....................] - ETA: 10:29 - loss: 0.0371 - accuracy: 0.9903 47/126 [==========>...................] - ETA: 10:21 - loss: 0.0370 - accuracy: 0.9903 48/126 [==========>...................] - ETA: 10:13 - loss: 0.0367 - accuracy: 0.9905 49/126 [==========>...................] - ETA: 10:05 - loss: 0.0363 - accuracy: 0.9907 50/126 [==========>...................] - ETA: 9:57 - loss: 0.0359 - accuracy: 0.9909  51/126 [===========>..................] - ETA: 9:48 - loss: 0.0359 - accuracy: 0.9906 52/126 [===========>..................] - ETA: 9:40 - loss: 0.0361 - accuracy: 0.9905 53/126 [===========>..................] - ETA: 9:31 - loss: 0.0366 - accuracy: 0.9902 54/126 [===========>..................] - ETA: 9:23 - loss: 0.0363 - accuracy: 0.9903 55/126 [============>.................] - ETA: 9:15 - loss: 0.0358 - accuracy: 0.9904 56/126 [============>.................] - ETA: 9:07 - loss: 0.0355 - accuracy: 0.9906 57/126 [============>.................] - ETA: 8:59 - loss: 0.0355 - accuracy: 0.9906 58/126 [============>.................] - ETA: 8:51 - loss: 0.0351 - accuracy: 0.9908 59/126 [=============>................] - ETA: 8:42 - loss: 0.0349 - accuracy: 0.9908 60/126 [=============>................] - ETA: 8:35 - loss: 0.0351 - accuracy: 0.9907 61/126 [=============>................] - ETA: 8:27 - loss: 0.0348 - accuracy: 0.9909 62/126 [=============>................] - ETA: 8:18 - loss: 0.0346 - accuracy: 0.9909 63/126 [==============>...............] - ETA: 8:11 - loss: 0.0348 - accuracy: 0.9907 64/126 [==============>...............] - ETA: 8:02 - loss: 0.0346 - accuracy: 0.9907 65/126 [==============>...............] - ETA: 7:55 - loss: 0.0345 - accuracy: 0.9907 66/126 [==============>...............] - ETA: 7:47 - loss: 0.0347 - accuracy: 0.9906 67/126 [==============>...............] - ETA: 7:39 - loss: 0.0346 - accuracy: 0.9906 68/126 [===============>..............] - ETA: 7:31 - loss: 0.0343 - accuracy: 0.9907 69/126 [===============>..............] - ETA: 7:23 - loss: 0.0343 - accuracy: 0.9906 70/126 [===============>..............] - ETA: 7:15 - loss: 0.0345 - accuracy: 0.9905 71/126 [===============>..............] - ETA: 7:07 - loss: 0.0344 - accuracy: 0.9904 72/126 [================>.............] - ETA: 6:59 - loss: 0.0342 - accuracy: 0.9904 73/126 [================>.............] - ETA: 6:51 - loss: 0.0346 - accuracy: 0.9903 74/126 [================>.............] - ETA: 6:43 - loss: 0.0346 - accuracy: 0.9904 75/126 [================>.............] - ETA: 6:35 - loss: 0.0350 - accuracy: 0.9904 76/126 [=================>............] - ETA: 6:47 - loss: 0.0350 - accuracy: 0.9904 77/126 [=================>............] - ETA: 6:39 - loss: 0.0355 - accuracy: 0.9903 78/126 [=================>............] - ETA: 6:30 - loss: 0.0357 - accuracy: 0.9903 79/126 [=================>............] - ETA: 6:22 - loss: 0.0358 - accuracy: 0.9904 80/126 [==================>...........] - ETA: 6:13 - loss: 0.0357 - accuracy: 0.9904 81/126 [==================>...........] - ETA: 6:05 - loss: 0.0356 - accuracy: 0.9904 82/126 [==================>...........] - ETA: 5:57 - loss: 0.0355 - accuracy: 0.9905 83/126 [==================>...........] - ETA: 5:48 - loss: 0.0366 - accuracy: 0.9902 84/126 [===================>..........] - ETA: 5:40 - loss: 0.0363 - accuracy: 0.9903 85/126 [===================>..........] - ETA: 5:31 - loss: 0.0374 - accuracy: 0.9901 86/126 [===================>..........] - ETA: 5:23 - loss: 0.0375 - accuracy: 0.9901 87/126 [===================>..........] - ETA: 5:14 - loss: 0.0379 - accuracy: 0.9898 88/126 [===================>..........] - ETA: 5:06 - loss: 0.0385 - accuracy: 0.9898 89/126 [====================>.........] - ETA: 4:57 - loss: 0.0387 - accuracy: 0.9896 90/126 [====================>.........] - ETA: 4:49 - loss: 0.0385 - accuracy: 0.9897 91/126 [====================>.........] - ETA: 4:41 - loss: 0.0385 - accuracy: 0.9897 92/126 [====================>.........] - ETA: 4:33 - loss: 0.0385 - accuracy: 0.9897 93/126 [=====================>........] - ETA: 4:24 - loss: 0.0387 - accuracy: 0.9896 94/126 [=====================>........] - ETA: 4:16 - loss: 0.0386 - accuracy: 0.9896 95/126 [=====================>........] - ETA: 4:08 - loss: 0.0385 - accuracy: 0.9896 96/126 [=====================>........] - ETA: 4:00 - loss: 0.0389 - accuracy: 0.9894 97/126 [======================>.......] - ETA: 3:52 - loss: 0.0390 - accuracy: 0.9893 98/126 [======================>.......] - ETA: 3:43 - loss: 0.0390 - accuracy: 0.9894 99/126 [======================>.......] - ETA: 3:35 - loss: 0.0391 - accuracy: 0.9894100/126 [======================>.......] - ETA: 3:27 - loss: 0.0390 - accuracy: 0.9895101/126 [=======================>......] - ETA: 3:19 - loss: 0.0390 - accuracy: 0.9894102/126 [=======================>......] - ETA: 3:11 - loss: 0.0389 - accuracy: 0.9895103/126 [=======================>......] - ETA: 3:03 - loss: 0.0390 - accuracy: 0.9894104/126 [=======================>......] - ETA: 2:55 - loss: 0.0390 - accuracy: 0.9893105/126 [========================>.....] - ETA: 2:47 - loss: 0.0398 - accuracy: 0.9890106/126 [========================>.....] - ETA: 2:39 - loss: 0.0398 - accuracy: 0.9890107/126 [========================>.....] - ETA: 2:31 - loss: 0.0399 - accuracy: 0.9890108/126 [========================>.....] - ETA: 2:23 - loss: 0.0397 - accuracy: 0.9891109/126 [========================>.....] - ETA: 2:15 - loss: 0.0397 - accuracy: 0.9891110/126 [=========================>....] - ETA: 2:07 - loss: 0.0397 - accuracy: 0.9891111/126 [=========================>....] - ETA: 1:59 - loss: 0.0396 - accuracy: 0.9891112/126 [=========================>....] - ETA: 1:51 - loss: 0.0395 - accuracy: 0.9892113/126 [=========================>....] - ETA: 1:43 - loss: 0.0393 - accuracy: 0.9892114/126 [==========================>...] - ETA: 1:35 - loss: 0.0391 - accuracy: 0.9893115/126 [==========================>...] - ETA: 1:27 - loss: 0.0391 - accuracy: 0.9893116/126 [==========================>...] - ETA: 1:19 - loss: 0.0392 - accuracy: 0.9893117/126 [==========================>...] - ETA: 1:11 - loss: 0.0390 - accuracy: 0.9894118/126 [===========================>..] - ETA: 1:03 - loss: 0.0391 - accuracy: 0.9893119/126 [===========================>..] - ETA: 55s - loss: 0.0391 - accuracy: 0.9893 120/126 [===========================>..] - ETA: 47s - loss: 0.0389 - accuracy: 0.9894121/126 [===========================>..] - ETA: 39s - loss: 0.0387 - accuracy: 0.9895122/126 [============================>.] - ETA: 31s - loss: 0.0385 - accuracy: 0.9896123/126 [============================>.] - ETA: 23s - loss: 0.0386 - accuracy: 0.9896124/126 [============================>.] - ETA: 15s - loss: 0.0386 - accuracy: 0.9896125/126 [============================>.] - ETA: 7s - loss: 0.0388 - accuracy: 0.9896 126/126 [==============================] - ETA: 0s - loss: 0.0387 - accuracy: 0.9896
Epoch 00019: val_loss did not improve from 0.68230
126/126 [==============================] - 1047s 8s/step - loss: 0.0387 - accuracy: 0.9896 - val_loss: 0.6857 - val_accuracy: 0.5981
Epoch 20/30
  1/126 [..............................] - ETA: 21:03 - loss: 0.0241 - accuracy: 0.9922  2/126 [..............................] - ETA: 16:56 - loss: 0.0311 - accuracy: 0.9922  3/126 [..............................] - ETA: 16:03 - loss: 0.0335 - accuracy: 0.9896  4/126 [..............................] - ETA: 17:59 - loss: 0.0597 - accuracy: 0.9844  5/126 [>.............................] - ETA: 17:15 - loss: 0.0542 - accuracy: 0.9859  6/126 [>.............................] - ETA: 16:47 - loss: 0.0480 - accuracy: 0.9883  7/126 [>.............................] - ETA: 16:19 - loss: 0.0481 - accuracy: 0.9855  8/126 [>.............................] - ETA: 15:59 - loss: 0.0447 - accuracy: 0.9863  9/126 [=>............................] - ETA: 15:48 - loss: 0.0425 - accuracy: 0.9870 10/126 [=>............................] - ETA: 15:34 - loss: 0.0434 - accuracy: 0.9867 11/126 [=>............................] - ETA: 15:15 - loss: 0.0425 - accuracy: 0.9872 12/126 [=>............................] - ETA: 15:01 - loss: 0.0426 - accuracy: 0.9876 13/126 [==>...........................] - ETA: 14:45 - loss: 0.0438 - accuracy: 0.9874 14/126 [==>...........................] - ETA: 14:31 - loss: 0.0420 - accuracy: 0.9883 15/126 [==>...........................] - ETA: 14:17 - loss: 0.0447 - accuracy: 0.9865 16/126 [==>...........................] - ETA: 14:04 - loss: 0.0438 - accuracy: 0.9868 17/126 [===>..........................] - ETA: 13:56 - loss: 0.0440 - accuracy: 0.9871 18/126 [===>..........................] - ETA: 13:47 - loss: 0.0430 - accuracy: 0.9874 19/126 [===>..........................] - ETA: 13:48 - loss: 0.0434 - accuracy: 0.9868 20/126 [===>..........................] - ETA: 13:42 - loss: 0.0426 - accuracy: 0.9867 21/126 [====>.........................] - ETA: 13:37 - loss: 0.0424 - accuracy: 0.9870 22/126 [====>.........................] - ETA: 13:30 - loss: 0.0421 - accuracy: 0.9872 23/126 [====>.........................] - ETA: 13:24 - loss: 0.0414 - accuracy: 0.9874 24/126 [====>.........................] - ETA: 13:15 - loss: 0.0432 - accuracy: 0.9873 25/126 [====>.........................] - ETA: 13:06 - loss: 0.0420 - accuracy: 0.9878 26/126 [=====>........................] - ETA: 12:56 - loss: 0.0433 - accuracy: 0.9874 27/126 [=====>........................] - ETA: 12:48 - loss: 0.0423 - accuracy: 0.9878 28/126 [=====>........................] - ETA: 12:39 - loss: 0.0420 - accuracy: 0.9880 29/126 [=====>........................] - ETA: 12:30 - loss: 0.0417 - accuracy: 0.9881 30/126 [======>.......................] - ETA: 12:21 - loss: 0.0410 - accuracy: 0.9885 31/126 [======>.......................] - ETA: 12:13 - loss: 0.0419 - accuracy: 0.9884 32/126 [======>.......................] - ETA: 12:10 - loss: 0.0413 - accuracy: 0.9885 33/126 [======>.......................] - ETA: 12:02 - loss: 0.0415 - accuracy: 0.9879 34/126 [=======>......................] - ETA: 11:54 - loss: 0.0414 - accuracy: 0.9881 35/126 [=======>......................] - ETA: 11:45 - loss: 0.0415 - accuracy: 0.9879 36/126 [=======>......................] - ETA: 11:40 - loss: 0.0411 - accuracy: 0.9878 37/126 [=======>......................] - ETA: 11:31 - loss: 0.0411 - accuracy: 0.9880 38/126 [========>.....................] - ETA: 11:23 - loss: 0.0412 - accuracy: 0.9879 39/126 [========>.....................] - ETA: 11:14 - loss: 0.0408 - accuracy: 0.9880 40/126 [========>.....................] - ETA: 11:06 - loss: 0.0410 - accuracy: 0.9879 41/126 [========>.....................] - ETA: 10:58 - loss: 0.0407 - accuracy: 0.9878 42/126 [=========>....................] - ETA: 10:49 - loss: 0.0402 - accuracy: 0.9881 43/126 [=========>....................] - ETA: 10:41 - loss: 0.0412 - accuracy: 0.9876 44/126 [=========>....................] - ETA: 10:32 - loss: 0.0405 - accuracy: 0.9879 45/126 [=========>....................] - ETA: 10:24 - loss: 0.0415 - accuracy: 0.9875 46/126 [=========>....................] - ETA: 10:16 - loss: 0.0410 - accuracy: 0.9878 47/126 [==========>...................] - ETA: 10:07 - loss: 0.0406 - accuracy: 0.9880 48/126 [==========>...................] - ETA: 9:58 - loss: 0.0408 - accuracy: 0.9878  49/126 [==========>...................] - ETA: 9:51 - loss: 0.0406 - accuracy: 0.9877 50/126 [==========>...................] - ETA: 9:43 - loss: 0.0402 - accuracy: 0.9880 51/126 [===========>..................] - ETA: 9:48 - loss: 0.0405 - accuracy: 0.9877 52/126 [===========>..................] - ETA: 9:40 - loss: 0.0402 - accuracy: 0.9878 53/126 [===========>..................] - ETA: 9:31 - loss: 0.0406 - accuracy: 0.9878 54/126 [===========>..................] - ETA: 9:24 - loss: 0.0411 - accuracy: 0.9878 55/126 [============>.................] - ETA: 9:16 - loss: 0.0406 - accuracy: 0.9881 56/126 [============>.................] - ETA: 9:08 - loss: 0.0409 - accuracy: 0.9879 57/126 [============>.................] - ETA: 9:00 - loss: 0.0404 - accuracy: 0.9881 58/126 [============>.................] - ETA: 8:51 - loss: 0.0403 - accuracy: 0.9881 59/126 [=============>................] - ETA: 8:43 - loss: 0.0402 - accuracy: 0.9881 60/126 [=============>................] - ETA: 8:35 - loss: 0.0402 - accuracy: 0.9882 61/126 [=============>................] - ETA: 8:27 - loss: 0.0402 - accuracy: 0.9882 62/126 [=============>................] - ETA: 8:19 - loss: 0.0399 - accuracy: 0.9884 63/126 [==============>...............] - ETA: 8:11 - loss: 0.0398 - accuracy: 0.9883 64/126 [==============>...............] - ETA: 8:03 - loss: 0.0395 - accuracy: 0.9885 65/126 [==============>...............] - ETA: 7:55 - loss: 0.0396 - accuracy: 0.9886 66/126 [==============>...............] - ETA: 7:46 - loss: 0.0396 - accuracy: 0.9886 67/126 [==============>...............] - ETA: 7:38 - loss: 0.0394 - accuracy: 0.9887 68/126 [===============>..............] - ETA: 7:30 - loss: 0.0395 - accuracy: 0.9886 69/126 [===============>..............] - ETA: 7:22 - loss: 0.0396 - accuracy: 0.9887 70/126 [===============>..............] - ETA: 7:16 - loss: 0.0396 - accuracy: 0.9886 71/126 [===============>..............] - ETA: 7:08 - loss: 0.0400 - accuracy: 0.9883 72/126 [================>.............] - ETA: 6:59 - loss: 0.0398 - accuracy: 0.9884 73/126 [================>.............] - ETA: 6:55 - loss: 0.0394 - accuracy: 0.9885 74/126 [================>.............] - ETA: 6:47 - loss: 0.0393 - accuracy: 0.9885 75/126 [================>.............] - ETA: 6:39 - loss: 0.0392 - accuracy: 0.9884 76/126 [=================>............] - ETA: 6:31 - loss: 0.0392 - accuracy: 0.9884 77/126 [=================>............] - ETA: 6:23 - loss: 0.0394 - accuracy: 0.9882 78/126 [=================>............] - ETA: 6:15 - loss: 0.0395 - accuracy: 0.9883 79/126 [=================>............] - ETA: 6:07 - loss: 0.0393 - accuracy: 0.9883 80/126 [==================>...........] - ETA: 5:59 - loss: 0.0393 - accuracy: 0.9884 81/126 [==================>...........] - ETA: 5:51 - loss: 0.0392 - accuracy: 0.9883 82/126 [==================>...........] - ETA: 5:43 - loss: 0.0393 - accuracy: 0.9882 83/126 [==================>...........] - ETA: 5:35 - loss: 0.0392 - accuracy: 0.9882 84/126 [===================>..........] - ETA: 5:27 - loss: 0.0389 - accuracy: 0.9884 85/126 [===================>..........] - ETA: 5:19 - loss: 0.0390 - accuracy: 0.9883 86/126 [===================>..........] - ETA: 5:11 - loss: 0.0388 - accuracy: 0.9885 87/126 [===================>..........] - ETA: 5:03 - loss: 0.0385 - accuracy: 0.9885 88/126 [===================>..........] - ETA: 4:55 - loss: 0.0383 - accuracy: 0.9886 89/126 [====================>.........] - ETA: 4:47 - loss: 0.0383 - accuracy: 0.9887 90/126 [====================>.........] - ETA: 4:39 - loss: 0.0383 - accuracy: 0.9887 91/126 [====================>.........] - ETA: 4:31 - loss: 0.0382 - accuracy: 0.9887 92/126 [====================>.........] - ETA: 4:24 - loss: 0.0382 - accuracy: 0.9886 93/126 [=====================>........] - ETA: 4:16 - loss: 0.0383 - accuracy: 0.9886 94/126 [=====================>........] - ETA: 4:08 - loss: 0.0383 - accuracy: 0.9884 95/126 [=====================>........] - ETA: 4:00 - loss: 0.0381 - accuracy: 0.9886 96/126 [=====================>........] - ETA: 3:52 - loss: 0.0381 - accuracy: 0.9885 97/126 [======================>.......] - ETA: 3:44 - loss: 0.0378 - accuracy: 0.9886 98/126 [======================>.......] - ETA: 3:36 - loss: 0.0376 - accuracy: 0.9888 99/126 [======================>.......] - ETA: 3:29 - loss: 0.0377 - accuracy: 0.9888100/126 [======================>.......] - ETA: 3:21 - loss: 0.0374 - accuracy: 0.9889101/126 [=======================>......] - ETA: 3:13 - loss: 0.0373 - accuracy: 0.9889102/126 [=======================>......] - ETA: 3:05 - loss: 0.0373 - accuracy: 0.9890103/126 [=======================>......] - ETA: 2:58 - loss: 0.0371 - accuracy: 0.9890104/126 [=======================>......] - ETA: 2:50 - loss: 0.0369 - accuracy: 0.9891105/126 [========================>.....] - ETA: 2:42 - loss: 0.0368 - accuracy: 0.9892106/126 [========================>.....] - ETA: 2:34 - loss: 0.0368 - accuracy: 0.9891107/126 [========================>.....] - ETA: 2:26 - loss: 0.0368 - accuracy: 0.9891108/126 [========================>.....] - ETA: 2:18 - loss: 0.0369 - accuracy: 0.9891109/126 [========================>.....] - ETA: 2:11 - loss: 0.0369 - accuracy: 0.9891110/126 [=========================>....] - ETA: 2:03 - loss: 0.0370 - accuracy: 0.9890111/126 [=========================>....] - ETA: 1:55 - loss: 0.0368 - accuracy: 0.9890112/126 [=========================>....] - ETA: 1:47 - loss: 0.0369 - accuracy: 0.9889113/126 [=========================>....] - ETA: 1:41 - loss: 0.0370 - accuracy: 0.9888114/126 [==========================>...] - ETA: 1:33 - loss: 0.0367 - accuracy: 0.9889115/126 [==========================>...] - ETA: 1:25 - loss: 0.0369 - accuracy: 0.9888116/126 [==========================>...] - ETA: 1:17 - loss: 0.0370 - accuracy: 0.9889117/126 [==========================>...] - ETA: 1:09 - loss: 0.0368 - accuracy: 0.9889118/126 [===========================>..] - ETA: 1:02 - loss: 0.0366 - accuracy: 0.9890119/126 [===========================>..] - ETA: 54s - loss: 0.0365 - accuracy: 0.9890 120/126 [===========================>..] - ETA: 46s - loss: 0.0368 - accuracy: 0.9890121/126 [===========================>..] - ETA: 38s - loss: 0.0366 - accuracy: 0.9891122/126 [============================>.] - ETA: 32s - loss: 0.0369 - accuracy: 0.9890123/126 [============================>.] - ETA: 24s - loss: 0.0368 - accuracy: 0.9891124/126 [============================>.] - ETA: 16s - loss: 0.0367 - accuracy: 0.9891125/126 [============================>.] - ETA: 8s - loss: 0.0366 - accuracy: 0.9892 126/126 [==============================] - ETA: 0s - loss: 0.0363 - accuracy: 0.9893
Epoch 00020: val_loss did not improve from 0.68230
126/126 [==============================] - 1070s 8s/step - loss: 0.0363 - accuracy: 0.9893 - val_loss: 0.6834 - val_accuracy: 0.5981
Epoch 21/30
  1/126 [..............................] - ETA: 20:01 - loss: 0.0288 - accuracy: 0.9844  2/126 [..............................] - ETA: 14:21 - loss: 0.0333 - accuracy: 0.9805  3/126 [..............................] - ETA: 14:56 - loss: 0.0281 - accuracy: 0.9844  4/126 [..............................] - ETA: 14:59 - loss: 0.0290 - accuracy: 0.9863  5/126 [>.............................] - ETA: 14:47 - loss: 0.0299 - accuracy: 0.9875  6/126 [>.............................] - ETA: 14:43 - loss: 0.0284 - accuracy: 0.9883  7/126 [>.............................] - ETA: 14:34 - loss: 0.0306 - accuracy: 0.9855  8/126 [>.............................] - ETA: 14:29 - loss: 0.0338 - accuracy: 0.9854  9/126 [=>............................] - ETA: 14:27 - loss: 0.0317 - accuracy: 0.9870 10/126 [=>............................] - ETA: 14:18 - loss: 0.0308 - accuracy: 0.9883 11/126 [=>............................] - ETA: 14:11 - loss: 0.0313 - accuracy: 0.9879 12/126 [=>............................] - ETA: 14:01 - loss: 0.0372 - accuracy: 0.9857 13/126 [==>...........................] - ETA: 13:56 - loss: 0.0360 - accuracy: 0.9862 14/126 [==>...........................] - ETA: 13:50 - loss: 0.0345 - accuracy: 0.9872 15/126 [==>...........................] - ETA: 13:43 - loss: 0.0328 - accuracy: 0.9880 16/126 [==>...........................] - ETA: 13:36 - loss: 0.0340 - accuracy: 0.9868 17/126 [===>..........................] - ETA: 13:11 - loss: 0.0331 - accuracy: 0.9874 18/126 [===>..........................] - ETA: 13:07 - loss: 0.0323 - accuracy: 0.9877 19/126 [===>..........................] - ETA: 13:02 - loss: 0.0328 - accuracy: 0.9875 20/126 [===>..........................] - ETA: 12:54 - loss: 0.0342 - accuracy: 0.9873 21/126 [====>.........................] - ETA: 12:46 - loss: 0.0334 - accuracy: 0.9879 22/126 [====>.........................] - ETA: 12:39 - loss: 0.0337 - accuracy: 0.9881 23/126 [====>.........................] - ETA: 12:32 - loss: 0.0335 - accuracy: 0.9880 24/126 [====>.........................] - ETA: 12:27 - loss: 0.0332 - accuracy: 0.9881 25/126 [====>.........................] - ETA: 13:27 - loss: 0.0329 - accuracy: 0.9883 26/126 [=====>........................] - ETA: 13:18 - loss: 0.0338 - accuracy: 0.9878 27/126 [=====>........................] - ETA: 13:09 - loss: 0.0333 - accuracy: 0.9883 28/126 [=====>........................] - ETA: 12:59 - loss: 0.0327 - accuracy: 0.9887 29/126 [=====>........................] - ETA: 12:49 - loss: 0.0324 - accuracy: 0.9888 30/126 [======>.......................] - ETA: 12:39 - loss: 0.0317 - accuracy: 0.9892 31/126 [======>.......................] - ETA: 12:30 - loss: 0.0317 - accuracy: 0.9891 32/126 [======>.......................] - ETA: 12:20 - loss: 0.0312 - accuracy: 0.9894 33/126 [======>.......................] - ETA: 12:10 - loss: 0.0307 - accuracy: 0.9897 34/126 [=======>......................] - ETA: 12:21 - loss: 0.0307 - accuracy: 0.9898 35/126 [=======>......................] - ETA: 12:12 - loss: 0.0307 - accuracy: 0.9899 36/126 [=======>......................] - ETA: 12:03 - loss: 0.0307 - accuracy: 0.9899 37/126 [=======>......................] - ETA: 11:53 - loss: 0.0303 - accuracy: 0.9902 38/126 [========>.....................] - ETA: 11:44 - loss: 0.0298 - accuracy: 0.9905 39/126 [========>.....................] - ETA: 11:33 - loss: 0.0293 - accuracy: 0.9907 40/126 [========>.....................] - ETA: 11:23 - loss: 0.0293 - accuracy: 0.9908 41/126 [========>.....................] - ETA: 11:14 - loss: 0.0290 - accuracy: 0.9910 42/126 [=========>....................] - ETA: 11:04 - loss: 0.0301 - accuracy: 0.9904 43/126 [=========>....................] - ETA: 11:13 - loss: 0.0297 - accuracy: 0.9907 44/126 [=========>....................] - ETA: 11:04 - loss: 0.0296 - accuracy: 0.9907 45/126 [=========>....................] - ETA: 10:54 - loss: 0.0298 - accuracy: 0.9907 46/126 [=========>....................] - ETA: 10:45 - loss: 0.0295 - accuracy: 0.9909 47/126 [==========>...................] - ETA: 10:34 - loss: 0.0315 - accuracy: 0.9906 48/126 [==========>...................] - ETA: 10:25 - loss: 0.0315 - accuracy: 0.9907 49/126 [==========>...................] - ETA: 10:16 - loss: 0.0314 - accuracy: 0.9907 50/126 [==========>...................] - ETA: 10:06 - loss: 0.0311 - accuracy: 0.9909 51/126 [===========>..................] - ETA: 9:57 - loss: 0.0316 - accuracy: 0.9906  52/126 [===========>..................] - ETA: 9:48 - loss: 0.0322 - accuracy: 0.9903 53/126 [===========>..................] - ETA: 9:40 - loss: 0.0321 - accuracy: 0.9905 54/126 [===========>..................] - ETA: 9:34 - loss: 0.0320 - accuracy: 0.9904 55/126 [============>.................] - ETA: 9:26 - loss: 0.0321 - accuracy: 0.9903 56/126 [============>.................] - ETA: 9:18 - loss: 0.0319 - accuracy: 0.9905 57/126 [============>.................] - ETA: 9:09 - loss: 0.0316 - accuracy: 0.9905 58/126 [============>.................] - ETA: 9:00 - loss: 0.0314 - accuracy: 0.9905 59/126 [=============>................] - ETA: 8:52 - loss: 0.0314 - accuracy: 0.9906 60/126 [=============>................] - ETA: 8:43 - loss: 0.0314 - accuracy: 0.9905 61/126 [=============>................] - ETA: 8:35 - loss: 0.0312 - accuracy: 0.9906 62/126 [=============>................] - ETA: 8:26 - loss: 0.0310 - accuracy: 0.9906 63/126 [==============>...............] - ETA: 8:19 - loss: 0.0316 - accuracy: 0.9903 64/126 [==============>...............] - ETA: 8:10 - loss: 0.0319 - accuracy: 0.9901 65/126 [==============>...............] - ETA: 8:01 - loss: 0.0318 - accuracy: 0.9900 66/126 [==============>...............] - ETA: 7:53 - loss: 0.0316 - accuracy: 0.9901 67/126 [==============>...............] - ETA: 7:45 - loss: 0.0314 - accuracy: 0.9902 68/126 [===============>..............] - ETA: 7:37 - loss: 0.0312 - accuracy: 0.9903 69/126 [===============>..............] - ETA: 7:29 - loss: 0.0314 - accuracy: 0.9902 70/126 [===============>..............] - ETA: 7:21 - loss: 0.0313 - accuracy: 0.9904 71/126 [===============>..............] - ETA: 7:13 - loss: 0.0311 - accuracy: 0.9905 72/126 [================>.............] - ETA: 7:05 - loss: 0.0310 - accuracy: 0.9904 73/126 [================>.............] - ETA: 6:56 - loss: 0.0315 - accuracy: 0.9902 74/126 [================>.............] - ETA: 6:48 - loss: 0.0313 - accuracy: 0.9904 75/126 [================>.............] - ETA: 6:40 - loss: 0.0317 - accuracy: 0.9902 76/126 [=================>............] - ETA: 6:32 - loss: 0.0315 - accuracy: 0.9903 77/126 [=================>............] - ETA: 6:24 - loss: 0.0314 - accuracy: 0.9904 78/126 [=================>............] - ETA: 6:16 - loss: 0.0312 - accuracy: 0.9906 79/126 [=================>............] - ETA: 6:08 - loss: 0.0310 - accuracy: 0.9907 80/126 [==================>...........] - ETA: 6:00 - loss: 0.0312 - accuracy: 0.9905 81/126 [==================>...........] - ETA: 5:52 - loss: 0.0310 - accuracy: 0.9906 82/126 [==================>...........] - ETA: 5:44 - loss: 0.0311 - accuracy: 0.9904 83/126 [==================>...........] - ETA: 5:36 - loss: 0.0309 - accuracy: 0.9906 84/126 [===================>..........] - ETA: 5:28 - loss: 0.0310 - accuracy: 0.9904 85/126 [===================>..........] - ETA: 5:21 - loss: 0.0308 - accuracy: 0.9905 86/126 [===================>..........] - ETA: 5:13 - loss: 0.0306 - accuracy: 0.9906 87/126 [===================>..........] - ETA: 5:05 - loss: 0.0304 - accuracy: 0.9907 88/126 [===================>..........] - ETA: 4:57 - loss: 0.0304 - accuracy: 0.9907 89/126 [====================>.........] - ETA: 4:49 - loss: 0.0311 - accuracy: 0.9907 90/126 [====================>.........] - ETA: 4:41 - loss: 0.0309 - accuracy: 0.9908 91/126 [====================>.........] - ETA: 4:34 - loss: 0.0307 - accuracy: 0.9909 92/126 [====================>.........] - ETA: 4:26 - loss: 0.0304 - accuracy: 0.9910 93/126 [=====================>........] - ETA: 4:18 - loss: 0.0308 - accuracy: 0.9910 94/126 [=====================>........] - ETA: 4:10 - loss: 0.0310 - accuracy: 0.9907 95/126 [=====================>........] - ETA: 4:02 - loss: 0.0308 - accuracy: 0.9908 96/126 [=====================>........] - ETA: 3:54 - loss: 0.0308 - accuracy: 0.9907 97/126 [======================>.......] - ETA: 3:46 - loss: 0.0307 - accuracy: 0.9908 98/126 [======================>.......] - ETA: 3:38 - loss: 0.0307 - accuracy: 0.9908 99/126 [======================>.......] - ETA: 3:30 - loss: 0.0308 - accuracy: 0.9908100/126 [======================>.......] - ETA: 3:23 - loss: 0.0312 - accuracy: 0.9908101/126 [=======================>......] - ETA: 3:15 - loss: 0.0315 - accuracy: 0.9908102/126 [=======================>......] - ETA: 3:07 - loss: 0.0318 - accuracy: 0.9906103/126 [=======================>......] - ETA: 2:59 - loss: 0.0317 - accuracy: 0.9906104/126 [=======================>......] - ETA: 2:51 - loss: 0.0317 - accuracy: 0.9907105/126 [========================>.....] - ETA: 2:43 - loss: 0.0319 - accuracy: 0.9905106/126 [========================>.....] - ETA: 2:35 - loss: 0.0318 - accuracy: 0.9906107/126 [========================>.....] - ETA: 2:27 - loss: 0.0318 - accuracy: 0.9906108/126 [========================>.....] - ETA: 2:19 - loss: 0.0322 - accuracy: 0.9904109/126 [========================>.....] - ETA: 2:11 - loss: 0.0320 - accuracy: 0.9905110/126 [=========================>....] - ETA: 2:04 - loss: 0.0319 - accuracy: 0.9905111/126 [=========================>....] - ETA: 1:56 - loss: 0.0320 - accuracy: 0.9905112/126 [=========================>....] - ETA: 1:48 - loss: 0.0319 - accuracy: 0.9905113/126 [=========================>....] - ETA: 1:40 - loss: 0.0321 - accuracy: 0.9903114/126 [==========================>...] - ETA: 1:33 - loss: 0.0321 - accuracy: 0.9903115/126 [==========================>...] - ETA: 1:25 - loss: 0.0324 - accuracy: 0.9903116/126 [==========================>...] - ETA: 1:17 - loss: 0.0324 - accuracy: 0.9902117/126 [==========================>...] - ETA: 1:09 - loss: 0.0325 - accuracy: 0.9902118/126 [===========================>..] - ETA: 1:02 - loss: 0.0323 - accuracy: 0.9902119/126 [===========================>..] - ETA: 54s - loss: 0.0324 - accuracy: 0.9902 120/126 [===========================>..] - ETA: 46s - loss: 0.0324 - accuracy: 0.9901121/126 [===========================>..] - ETA: 38s - loss: 0.0325 - accuracy: 0.9900122/126 [============================>.] - ETA: 31s - loss: 0.0325 - accuracy: 0.9899123/126 [============================>.] - ETA: 23s - loss: 0.0332 - accuracy: 0.9898124/126 [============================>.] - ETA: 15s - loss: 0.0332 - accuracy: 0.9898125/126 [============================>.] - ETA: 7s - loss: 0.0332 - accuracy: 0.9899 126/126 [==============================] - ETA: 0s - loss: 0.0331 - accuracy: 0.9899
Epoch 00021: val_loss did not improve from 0.68230
126/126 [==============================] - 1028s 8s/step - loss: 0.0331 - accuracy: 0.9899 - val_loss: 0.6863 - val_accuracy: 0.5981
Epoch 22/30
  1/126 [..............................] - ETA: 19:32 - loss: 0.0513 - accuracy: 0.9844  2/126 [..............................] - ETA: 16:27 - loss: 0.0329 - accuracy: 0.9922  3/126 [..............................] - ETA: 16:44 - loss: 0.0267 - accuracy: 0.9948  4/126 [..............................] - ETA: 16:14 - loss: 0.0262 - accuracy: 0.9961  5/126 [>.............................] - ETA: 15:59 - loss: 0.0247 - accuracy: 0.9969  6/126 [>.............................] - ETA: 15:41 - loss: 0.0289 - accuracy: 0.9948  7/126 [>.............................] - ETA: 15:41 - loss: 0.0283 - accuracy: 0.9944  8/126 [>.............................] - ETA: 15:26 - loss: 0.0262 - accuracy: 0.9951  9/126 [=>............................] - ETA: 15:17 - loss: 0.0257 - accuracy: 0.9948 10/126 [=>............................] - ETA: 15:07 - loss: 0.0264 - accuracy: 0.9937 11/126 [=>............................] - ETA: 14:59 - loss: 0.0253 - accuracy: 0.9943 12/126 [=>............................] - ETA: 14:28 - loss: 0.0250 - accuracy: 0.9947 13/126 [==>...........................] - ETA: 14:21 - loss: 0.0249 - accuracy: 0.9945 14/126 [==>...........................] - ETA: 14:14 - loss: 0.0258 - accuracy: 0.9937 15/126 [==>...........................] - ETA: 14:10 - loss: 0.0279 - accuracy: 0.9931 16/126 [==>...........................] - ETA: 14:05 - loss: 0.0302 - accuracy: 0.9930 17/126 [===>..........................] - ETA: 13:59 - loss: 0.0302 - accuracy: 0.9930 18/126 [===>..........................] - ETA: 13:50 - loss: 0.0307 - accuracy: 0.9925 19/126 [===>..........................] - ETA: 13:43 - loss: 0.0306 - accuracy: 0.9921 20/126 [===>..........................] - ETA: 13:34 - loss: 0.0304 - accuracy: 0.9921 21/126 [====>.........................] - ETA: 13:28 - loss: 0.0294 - accuracy: 0.9925 22/126 [====>.........................] - ETA: 13:21 - loss: 0.0292 - accuracy: 0.9924 23/126 [====>.........................] - ETA: 13:14 - loss: 0.0286 - accuracy: 0.9928 24/126 [====>.........................] - ETA: 13:07 - loss: 0.0280 - accuracy: 0.9931 25/126 [====>.........................] - ETA: 13:00 - loss: 0.0289 - accuracy: 0.9930 26/126 [=====>........................] - ETA: 12:52 - loss: 0.0287 - accuracy: 0.9930 27/126 [=====>........................] - ETA: 12:44 - loss: 0.0290 - accuracy: 0.9927 28/126 [=====>........................] - ETA: 12:36 - loss: 0.0293 - accuracy: 0.9927 29/126 [=====>........................] - ETA: 12:28 - loss: 0.0294 - accuracy: 0.9927 30/126 [======>.......................] - ETA: 12:20 - loss: 0.0288 - accuracy: 0.9929 31/126 [======>.......................] - ETA: 12:12 - loss: 0.0283 - accuracy: 0.9931 32/126 [======>.......................] - ETA: 12:06 - loss: 0.0283 - accuracy: 0.9929 33/126 [======>.......................] - ETA: 11:57 - loss: 0.0294 - accuracy: 0.9926 34/126 [=======>......................] - ETA: 11:51 - loss: 0.0289 - accuracy: 0.9928 35/126 [=======>......................] - ETA: 11:44 - loss: 0.0285 - accuracy: 0.9930 36/126 [=======>......................] - ETA: 11:41 - loss: 0.0282 - accuracy: 0.9932 37/126 [=======>......................] - ETA: 11:34 - loss: 0.0284 - accuracy: 0.9932 38/126 [========>.....................] - ETA: 11:26 - loss: 0.0279 - accuracy: 0.9934 39/126 [========>.....................] - ETA: 11:18 - loss: 0.0287 - accuracy: 0.9927 40/126 [========>.....................] - ETA: 11:11 - loss: 0.0287 - accuracy: 0.9927 41/126 [========>.....................] - ETA: 11:02 - loss: 0.0291 - accuracy: 0.9925 42/126 [=========>....................] - ETA: 11:00 - loss: 0.0287 - accuracy: 0.9927 43/126 [=========>....................] - ETA: 10:52 - loss: 0.0293 - accuracy: 0.9927 44/126 [=========>....................] - ETA: 10:44 - loss: 0.0292 - accuracy: 0.9925 45/126 [=========>....................] - ETA: 10:38 - loss: 0.0289 - accuracy: 0.9927 46/126 [=========>....................] - ETA: 10:30 - loss: 0.0285 - accuracy: 0.9928 47/126 [==========>...................] - ETA: 10:22 - loss: 0.0290 - accuracy: 0.9925 48/126 [==========>...................] - ETA: 10:14 - loss: 0.0288 - accuracy: 0.9925 49/126 [==========>...................] - ETA: 11:09 - loss: 0.0290 - accuracy: 0.9925 50/126 [==========>...................] - ETA: 10:59 - loss: 0.0289 - accuracy: 0.9925 51/126 [===========>..................] - ETA: 10:49 - loss: 0.0288 - accuracy: 0.9925 52/126 [===========>..................] - ETA: 10:38 - loss: 0.0288 - accuracy: 0.9924 53/126 [===========>..................] - ETA: 10:29 - loss: 0.0290 - accuracy: 0.9923 54/126 [===========>..................] - ETA: 10:18 - loss: 0.0301 - accuracy: 0.9920 55/126 [============>.................] - ETA: 10:09 - loss: 0.0300 - accuracy: 0.9920 56/126 [============>.................] - ETA: 9:59 - loss: 0.0299 - accuracy: 0.9920  57/126 [============>.................] - ETA: 9:49 - loss: 0.0297 - accuracy: 0.9921 58/126 [============>.................] - ETA: 9:40 - loss: 0.0295 - accuracy: 0.9923 59/126 [=============>................] - ETA: 9:30 - loss: 0.0294 - accuracy: 0.9923 60/126 [=============>................] - ETA: 9:22 - loss: 0.0297 - accuracy: 0.9922 61/126 [=============>................] - ETA: 9:12 - loss: 0.0294 - accuracy: 0.9923 62/126 [=============>................] - ETA: 9:03 - loss: 0.0296 - accuracy: 0.9923 63/126 [==============>...............] - ETA: 8:54 - loss: 0.0299 - accuracy: 0.9922 64/126 [==============>...............] - ETA: 8:45 - loss: 0.0299 - accuracy: 0.9922 65/126 [==============>...............] - ETA: 8:35 - loss: 0.0300 - accuracy: 0.9920 66/126 [==============>...............] - ETA: 8:26 - loss: 0.0305 - accuracy: 0.9918 67/126 [==============>...............] - ETA: 8:17 - loss: 0.0303 - accuracy: 0.9919 68/126 [===============>..............] - ETA: 8:08 - loss: 0.0301 - accuracy: 0.9920 69/126 [===============>..............] - ETA: 7:59 - loss: 0.0300 - accuracy: 0.9922 70/126 [===============>..............] - ETA: 7:50 - loss: 0.0299 - accuracy: 0.9923 71/126 [===============>..............] - ETA: 7:41 - loss: 0.0297 - accuracy: 0.9923 72/126 [================>.............] - ETA: 7:32 - loss: 0.0296 - accuracy: 0.9923 73/126 [================>.............] - ETA: 7:23 - loss: 0.0298 - accuracy: 0.9923 74/126 [================>.............] - ETA: 7:14 - loss: 0.0304 - accuracy: 0.9921 75/126 [================>.............] - ETA: 7:05 - loss: 0.0311 - accuracy: 0.9916 76/126 [=================>............] - ETA: 6:57 - loss: 0.0316 - accuracy: 0.9914 77/126 [=================>............] - ETA: 6:48 - loss: 0.0314 - accuracy: 0.9915 78/126 [=================>............] - ETA: 6:39 - loss: 0.0312 - accuracy: 0.9916 79/126 [=================>............] - ETA: 6:30 - loss: 0.0310 - accuracy: 0.9917 80/126 [==================>...........] - ETA: 6:21 - loss: 0.0309 - accuracy: 0.9917 81/126 [==================>...........] - ETA: 6:13 - loss: 0.0308 - accuracy: 0.9916 82/126 [==================>...........] - ETA: 6:04 - loss: 0.0313 - accuracy: 0.9913 83/126 [==================>...........] - ETA: 5:55 - loss: 0.0311 - accuracy: 0.9914 84/126 [===================>..........] - ETA: 5:47 - loss: 0.0308 - accuracy: 0.9915 85/126 [===================>..........] - ETA: 5:38 - loss: 0.0308 - accuracy: 0.9916 86/126 [===================>..........] - ETA: 5:30 - loss: 0.0306 - accuracy: 0.9917 87/126 [===================>..........] - ETA: 5:22 - loss: 0.0305 - accuracy: 0.9917 88/126 [===================>..........] - ETA: 5:13 - loss: 0.0306 - accuracy: 0.9917 89/126 [====================>.........] - ETA: 5:05 - loss: 0.0307 - accuracy: 0.9916 90/126 [====================>.........] - ETA: 4:57 - loss: 0.0306 - accuracy: 0.9916 91/126 [====================>.........] - ETA: 4:48 - loss: 0.0308 - accuracy: 0.9915 92/126 [====================>.........] - ETA: 4:40 - loss: 0.0306 - accuracy: 0.9916 93/126 [=====================>........] - ETA: 4:31 - loss: 0.0305 - accuracy: 0.9916 94/126 [=====================>........] - ETA: 4:23 - loss: 0.0308 - accuracy: 0.9916 95/126 [=====================>........] - ETA: 4:14 - loss: 0.0314 - accuracy: 0.9913 96/126 [=====================>........] - ETA: 4:06 - loss: 0.0312 - accuracy: 0.9914 97/126 [======================>.......] - ETA: 3:57 - loss: 0.0314 - accuracy: 0.9913 98/126 [======================>.......] - ETA: 3:49 - loss: 0.0315 - accuracy: 0.9912 99/126 [======================>.......] - ETA: 3:41 - loss: 0.0313 - accuracy: 0.9913100/126 [======================>.......] - ETA: 3:32 - loss: 0.0312 - accuracy: 0.9914101/126 [=======================>......] - ETA: 3:24 - loss: 0.0310 - accuracy: 0.9915102/126 [=======================>......] - ETA: 3:15 - loss: 0.0311 - accuracy: 0.9915103/126 [=======================>......] - ETA: 3:07 - loss: 0.0313 - accuracy: 0.9914104/126 [=======================>......] - ETA: 2:59 - loss: 0.0313 - accuracy: 0.9915105/126 [========================>.....] - ETA: 2:50 - loss: 0.0312 - accuracy: 0.9916106/126 [========================>.....] - ETA: 2:42 - loss: 0.0310 - accuracy: 0.9916107/126 [========================>.....] - ETA: 2:34 - loss: 0.0311 - accuracy: 0.9915108/126 [========================>.....] - ETA: 2:26 - loss: 0.0310 - accuracy: 0.9915109/126 [========================>.....] - ETA: 2:18 - loss: 0.0309 - accuracy: 0.9915110/126 [=========================>....] - ETA: 2:09 - loss: 0.0310 - accuracy: 0.9915111/126 [=========================>....] - ETA: 2:01 - loss: 0.0309 - accuracy: 0.9915112/126 [=========================>....] - ETA: 1:53 - loss: 0.0309 - accuracy: 0.9915113/126 [=========================>....] - ETA: 1:45 - loss: 0.0307 - accuracy: 0.9916114/126 [==========================>...] - ETA: 1:37 - loss: 0.0308 - accuracy: 0.9915115/126 [==========================>...] - ETA: 1:29 - loss: 0.0309 - accuracy: 0.9914116/126 [==========================>...] - ETA: 1:20 - loss: 0.0307 - accuracy: 0.9915117/126 [==========================>...] - ETA: 1:12 - loss: 0.0308 - accuracy: 0.9914118/126 [===========================>..] - ETA: 1:04 - loss: 0.0306 - accuracy: 0.9915119/126 [===========================>..] - ETA: 56s - loss: 0.0305 - accuracy: 0.9916 120/126 [===========================>..] - ETA: 48s - loss: 0.0304 - accuracy: 0.9916121/126 [===========================>..] - ETA: 40s - loss: 0.0303 - accuracy: 0.9917122/126 [============================>.] - ETA: 32s - loss: 0.0301 - accuracy: 0.9918123/126 [============================>.] - ETA: 24s - loss: 0.0301 - accuracy: 0.9918124/126 [============================>.] - ETA: 16s - loss: 0.0305 - accuracy: 0.9917125/126 [============================>.] - ETA: 8s - loss: 0.0304 - accuracy: 0.9918 126/126 [==============================] - ETA: 0s - loss: 0.0303 - accuracy: 0.9918
Epoch 00022: val_loss did not improve from 0.68230
126/126 [==============================] - 1076s 9s/step - loss: 0.0303 - accuracy: 0.9918 - val_loss: 0.6868 - val_accuracy: 0.5981
Epoch 23/30
  1/126 [..............................] - ETA: 20:09 - loss: 0.0889 - accuracy: 0.9844  2/126 [..............................] - ETA: 15:07 - loss: 0.0670 - accuracy: 0.9805  3/126 [..............................] - ETA: 15:29 - loss: 0.0628 - accuracy: 0.9844  4/126 [..............................] - ETA: 15:29 - loss: 0.0523 - accuracy: 0.9863  5/126 [>.............................] - ETA: 15:09 - loss: 0.0499 - accuracy: 0.9859  6/126 [>.............................] - ETA: 15:05 - loss: 0.0441 - accuracy: 0.9883  7/126 [>.............................] - ETA: 14:57 - loss: 0.0440 - accuracy: 0.9877  8/126 [>.............................] - ETA: 14:03 - loss: 0.0410 - accuracy: 0.9889  9/126 [=>............................] - ETA: 14:01 - loss: 0.0374 - accuracy: 0.9901 10/126 [=>............................] - ETA: 13:59 - loss: 0.0346 - accuracy: 0.9912 11/126 [=>............................] - ETA: 13:59 - loss: 0.0391 - accuracy: 0.9891 12/126 [=>............................] - ETA: 13:49 - loss: 0.0379 - accuracy: 0.9893 13/126 [==>...........................] - ETA: 13:45 - loss: 0.0362 - accuracy: 0.9902 14/126 [==>...........................] - ETA: 13:41 - loss: 0.0364 - accuracy: 0.9897 15/126 [==>...........................] - ETA: 13:33 - loss: 0.0347 - accuracy: 0.9904 16/126 [==>...........................] - ETA: 13:26 - loss: 0.0341 - accuracy: 0.9911 17/126 [===>..........................] - ETA: 13:21 - loss: 0.0328 - accuracy: 0.9916 18/126 [===>..........................] - ETA: 13:15 - loss: 0.0320 - accuracy: 0.9921 19/126 [===>..........................] - ETA: 13:07 - loss: 0.0316 - accuracy: 0.9917 20/126 [===>..........................] - ETA: 13:00 - loss: 0.0307 - accuracy: 0.9921 21/126 [====>.........................] - ETA: 12:52 - loss: 0.0303 - accuracy: 0.9917 22/126 [====>.........................] - ETA: 12:47 - loss: 0.0293 - accuracy: 0.9921 23/126 [====>.........................] - ETA: 12:40 - loss: 0.0286 - accuracy: 0.9921 24/126 [====>.........................] - ETA: 12:33 - loss: 0.0298 - accuracy: 0.9914 25/126 [====>.........................] - ETA: 12:26 - loss: 0.0299 - accuracy: 0.9912 26/126 [=====>........................] - ETA: 12:19 - loss: 0.0308 - accuracy: 0.9909 27/126 [=====>........................] - ETA: 12:12 - loss: 0.0303 - accuracy: 0.9909 28/126 [=====>........................] - ETA: 12:06 - loss: 0.0301 - accuracy: 0.9910 29/126 [=====>........................] - ETA: 13:08 - loss: 0.0297 - accuracy: 0.9913 30/126 [======>.......................] - ETA: 13:14 - loss: 0.0298 - accuracy: 0.9911 31/126 [======>.......................] - ETA: 13:08 - loss: 0.0292 - accuracy: 0.9914 32/126 [======>.......................] - ETA: 12:58 - loss: 0.0291 - accuracy: 0.9914 33/126 [======>.......................] - ETA: 12:49 - loss: 0.0291 - accuracy: 0.9912 34/126 [=======>......................] - ETA: 12:39 - loss: 0.0292 - accuracy: 0.9912 35/126 [=======>......................] - ETA: 12:28 - loss: 0.0287 - accuracy: 0.9914 36/126 [=======>......................] - ETA: 12:18 - loss: 0.0284 - accuracy: 0.9915 37/126 [=======>......................] - ETA: 12:07 - loss: 0.0290 - accuracy: 0.9911 38/126 [========>.....................] - ETA: 11:57 - loss: 0.0291 - accuracy: 0.9911 39/126 [========>.....................] - ETA: 11:47 - loss: 0.0286 - accuracy: 0.9913 40/126 [========>.....................] - ETA: 11:39 - loss: 0.0282 - accuracy: 0.9915 41/126 [========>.....................] - ETA: 11:29 - loss: 0.0287 - accuracy: 0.9912 42/126 [=========>....................] - ETA: 11:20 - loss: 0.0293 - accuracy: 0.9910 43/126 [=========>....................] - ETA: 11:11 - loss: 0.0290 - accuracy: 0.9910 44/126 [=========>....................] - ETA: 11:02 - loss: 0.0287 - accuracy: 0.9911 45/126 [=========>....................] - ETA: 10:53 - loss: 0.0283 - accuracy: 0.9913 46/126 [=========>....................] - ETA: 10:44 - loss: 0.0282 - accuracy: 0.9915 47/126 [==========>...................] - ETA: 10:35 - loss: 0.0279 - accuracy: 0.9916 48/126 [==========>...................] - ETA: 10:26 - loss: 0.0289 - accuracy: 0.9912 49/126 [==========>...................] - ETA: 10:18 - loss: 0.0289 - accuracy: 0.9912 50/126 [==========>...................] - ETA: 10:09 - loss: 0.0286 - accuracy: 0.9914 51/126 [===========>..................] - ETA: 10:00 - loss: 0.0294 - accuracy: 0.9911 52/126 [===========>..................] - ETA: 9:52 - loss: 0.0304 - accuracy: 0.9911  53/126 [===========>..................] - ETA: 9:43 - loss: 0.0306 - accuracy: 0.9910 54/126 [===========>..................] - ETA: 9:35 - loss: 0.0306 - accuracy: 0.9910 55/126 [============>.................] - ETA: 9:26 - loss: 0.0303 - accuracy: 0.9911 56/126 [============>.................] - ETA: 9:18 - loss: 0.0303 - accuracy: 0.9912 57/126 [============>.................] - ETA: 9:09 - loss: 0.0305 - accuracy: 0.9909 58/126 [============>.................] - ETA: 9:07 - loss: 0.0314 - accuracy: 0.9907 59/126 [=============>................] - ETA: 8:59 - loss: 0.0311 - accuracy: 0.9908 60/126 [=============>................] - ETA: 8:50 - loss: 0.0309 - accuracy: 0.9910 61/126 [=============>................] - ETA: 8:42 - loss: 0.0307 - accuracy: 0.9911 62/126 [=============>................] - ETA: 8:33 - loss: 0.0305 - accuracy: 0.9913 63/126 [==============>...............] - ETA: 8:24 - loss: 0.0304 - accuracy: 0.9912 64/126 [==============>...............] - ETA: 8:16 - loss: 0.0303 - accuracy: 0.9912 65/126 [==============>...............] - ETA: 8:07 - loss: 0.0302 - accuracy: 0.9913 66/126 [==============>...............] - ETA: 7:59 - loss: 0.0302 - accuracy: 0.9913 67/126 [==============>...............] - ETA: 7:50 - loss: 0.0301 - accuracy: 0.9913 68/126 [===============>..............] - ETA: 7:42 - loss: 0.0298 - accuracy: 0.9915 69/126 [===============>..............] - ETA: 7:33 - loss: 0.0298 - accuracy: 0.9916 70/126 [===============>..............] - ETA: 7:25 - loss: 0.0300 - accuracy: 0.9915 71/126 [===============>..............] - ETA: 7:17 - loss: 0.0297 - accuracy: 0.9916 72/126 [================>.............] - ETA: 7:09 - loss: 0.0295 - accuracy: 0.9917 73/126 [================>.............] - ETA: 7:01 - loss: 0.0292 - accuracy: 0.9918 74/126 [================>.............] - ETA: 6:52 - loss: 0.0290 - accuracy: 0.9919 75/126 [================>.............] - ETA: 6:44 - loss: 0.0289 - accuracy: 0.9919 76/126 [=================>............] - ETA: 6:36 - loss: 0.0286 - accuracy: 0.9921 77/126 [=================>............] - ETA: 6:27 - loss: 0.0284 - accuracy: 0.9922 78/126 [=================>............] - ETA: 6:19 - loss: 0.0281 - accuracy: 0.9923 79/126 [=================>............] - ETA: 6:11 - loss: 0.0284 - accuracy: 0.9921 80/126 [==================>...........] - ETA: 6:03 - loss: 0.0283 - accuracy: 0.9922 81/126 [==================>...........] - ETA: 5:55 - loss: 0.0282 - accuracy: 0.9922 82/126 [==================>...........] - ETA: 5:47 - loss: 0.0281 - accuracy: 0.9922 83/126 [==================>...........] - ETA: 5:39 - loss: 0.0283 - accuracy: 0.9921 84/126 [===================>..........] - ETA: 5:31 - loss: 0.0285 - accuracy: 0.9921 85/126 [===================>..........] - ETA: 5:23 - loss: 0.0286 - accuracy: 0.9921 86/126 [===================>..........] - ETA: 5:15 - loss: 0.0284 - accuracy: 0.9921 87/126 [===================>..........] - ETA: 5:06 - loss: 0.0284 - accuracy: 0.9920 88/126 [===================>..........] - ETA: 4:58 - loss: 0.0282 - accuracy: 0.9921 89/126 [====================>.........] - ETA: 4:50 - loss: 0.0281 - accuracy: 0.9922 90/126 [====================>.........] - ETA: 4:42 - loss: 0.0279 - accuracy: 0.9923 91/126 [====================>.........] - ETA: 4:34 - loss: 0.0277 - accuracy: 0.9923 92/126 [====================>.........] - ETA: 4:26 - loss: 0.0276 - accuracy: 0.9924 93/126 [=====================>........] - ETA: 4:18 - loss: 0.0274 - accuracy: 0.9925 94/126 [=====================>........] - ETA: 4:10 - loss: 0.0275 - accuracy: 0.9925 95/126 [=====================>........] - ETA: 4:02 - loss: 0.0277 - accuracy: 0.9925 96/126 [=====================>........] - ETA: 3:55 - loss: 0.0280 - accuracy: 0.9924 97/126 [======================>.......] - ETA: 3:46 - loss: 0.0280 - accuracy: 0.9924 98/126 [======================>.......] - ETA: 3:39 - loss: 0.0278 - accuracy: 0.9925 99/126 [======================>.......] - ETA: 3:31 - loss: 0.0276 - accuracy: 0.9926100/126 [======================>.......] - ETA: 3:23 - loss: 0.0279 - accuracy: 0.9925101/126 [=======================>......] - ETA: 3:15 - loss: 0.0280 - accuracy: 0.9925102/126 [=======================>......] - ETA: 3:07 - loss: 0.0281 - accuracy: 0.9924103/126 [=======================>......] - ETA: 2:59 - loss: 0.0282 - accuracy: 0.9923104/126 [=======================>......] - ETA: 2:51 - loss: 0.0280 - accuracy: 0.9924105/126 [========================>.....] - ETA: 2:43 - loss: 0.0279 - accuracy: 0.9924106/126 [========================>.....] - ETA: 2:36 - loss: 0.0279 - accuracy: 0.9924107/126 [========================>.....] - ETA: 2:28 - loss: 0.0278 - accuracy: 0.9925108/126 [========================>.....] - ETA: 2:20 - loss: 0.0277 - accuracy: 0.9925109/126 [========================>.....] - ETA: 2:12 - loss: 0.0277 - accuracy: 0.9925110/126 [=========================>....] - ETA: 2:04 - loss: 0.0278 - accuracy: 0.9925111/126 [=========================>....] - ETA: 1:56 - loss: 0.0277 - accuracy: 0.9924112/126 [=========================>....] - ETA: 1:49 - loss: 0.0276 - accuracy: 0.9925113/126 [=========================>....] - ETA: 1:41 - loss: 0.0275 - accuracy: 0.9925114/126 [==========================>...] - ETA: 1:34 - loss: 0.0274 - accuracy: 0.9926115/126 [==========================>...] - ETA: 1:26 - loss: 0.0276 - accuracy: 0.9924116/126 [==========================>...] - ETA: 1:18 - loss: 0.0274 - accuracy: 0.9925117/126 [==========================>...] - ETA: 1:10 - loss: 0.0275 - accuracy: 0.9925118/126 [===========================>..] - ETA: 1:02 - loss: 0.0276 - accuracy: 0.9924119/126 [===========================>..] - ETA: 54s - loss: 0.0275 - accuracy: 0.9924 120/126 [===========================>..] - ETA: 47s - loss: 0.0274 - accuracy: 0.9924121/126 [===========================>..] - ETA: 39s - loss: 0.0274 - accuracy: 0.9924122/126 [============================>.] - ETA: 31s - loss: 0.0273 - accuracy: 0.9924123/126 [============================>.] - ETA: 23s - loss: 0.0273 - accuracy: 0.9924124/126 [============================>.] - ETA: 15s - loss: 0.0273 - accuracy: 0.9924125/126 [============================>.] - ETA: 7s - loss: 0.0274 - accuracy: 0.9924 126/126 [==============================] - ETA: 0s - loss: 0.0274 - accuracy: 0.9924
Epoch 00023: val_loss did not improve from 0.68230
126/126 [==============================] - 1040s 8s/step - loss: 0.0274 - accuracy: 0.9924 - val_loss: 0.6832 - val_accuracy: 0.5981
Epoch 24/30
  1/126 [..............................] - ETA: 13:46 - loss: 0.0276 - accuracy: 0.9891  2/126 [..............................] - ETA: 15:13 - loss: 0.0203 - accuracy: 0.9955  3/126 [..............................] - ETA: 15:31 - loss: 0.0352 - accuracy: 0.9943  4/126 [..............................] - ETA: 15:26 - loss: 0.0282 - accuracy: 0.9958  5/126 [>.............................] - ETA: 15:26 - loss: 0.0262 - accuracy: 0.9950  6/126 [>.............................] - ETA: 15:27 - loss: 0.0233 - accuracy: 0.9959  7/126 [>.............................] - ETA: 15:15 - loss: 0.0216 - accuracy: 0.9965  8/126 [>.............................] - ETA: 14:59 - loss: 0.0276 - accuracy: 0.9949  9/126 [=>............................] - ETA: 14:51 - loss: 0.0274 - accuracy: 0.9946 10/126 [=>............................] - ETA: 14:45 - loss: 0.0269 - accuracy: 0.9944 11/126 [=>............................] - ETA: 14:36 - loss: 0.0306 - accuracy: 0.9927 12/126 [=>............................] - ETA: 14:31 - loss: 0.0289 - accuracy: 0.9933 13/126 [==>...........................] - ETA: 14:25 - loss: 0.0276 - accuracy: 0.9939 14/126 [==>...........................] - ETA: 14:20 - loss: 0.0265 - accuracy: 0.9943 15/126 [==>...........................] - ETA: 14:12 - loss: 0.0271 - accuracy: 0.9936 16/126 [==>...........................] - ETA: 14:05 - loss: 0.0264 - accuracy: 0.9940 17/126 [===>..........................] - ETA: 13:57 - loss: 0.0281 - accuracy: 0.9925 18/126 [===>..........................] - ETA: 13:49 - loss: 0.0281 - accuracy: 0.9925 19/126 [===>..........................] - ETA: 13:42 - loss: 0.0273 - accuracy: 0.9929 20/126 [===>..........................] - ETA: 13:36 - loss: 0.0266 - accuracy: 0.9933 21/126 [====>.........................] - ETA: 13:28 - loss: 0.0262 - accuracy: 0.9932 22/126 [====>.........................] - ETA: 13:22 - loss: 0.0259 - accuracy: 0.9935 23/126 [====>.........................] - ETA: 13:15 - loss: 0.0251 - accuracy: 0.9938 24/126 [====>.........................] - ETA: 13:06 - loss: 0.0248 - accuracy: 0.9941 25/126 [====>.........................] - ETA: 12:59 - loss: 0.0243 - accuracy: 0.9943 26/126 [=====>........................] - ETA: 12:51 - loss: 0.0246 - accuracy: 0.9939 27/126 [=====>........................] - ETA: 12:44 - loss: 0.0261 - accuracy: 0.9933 28/126 [=====>........................] - ETA: 12:38 - loss: 0.0277 - accuracy: 0.9921 29/126 [=====>........................] - ETA: 12:31 - loss: 0.0273 - accuracy: 0.9924 30/126 [======>.......................] - ETA: 12:24 - loss: 0.0297 - accuracy: 0.9921 31/126 [======>.......................] - ETA: 12:18 - loss: 0.0292 - accuracy: 0.9924 32/126 [======>.......................] - ETA: 12:10 - loss: 0.0287 - accuracy: 0.9924 33/126 [======>.......................] - ETA: 12:03 - loss: 0.0288 - accuracy: 0.9921 34/126 [=======>......................] - ETA: 11:55 - loss: 0.0297 - accuracy: 0.9919 35/126 [=======>......................] - ETA: 11:47 - loss: 0.0302 - accuracy: 0.9917 36/126 [=======>......................] - ETA: 11:39 - loss: 0.0297 - accuracy: 0.9919 37/126 [=======>......................] - ETA: 11:32 - loss: 0.0294 - accuracy: 0.9919 38/126 [========>.....................] - ETA: 11:24 - loss: 0.0290 - accuracy: 0.9921 39/126 [========>.....................] - ETA: 11:17 - loss: 0.0289 - accuracy: 0.9919 40/126 [========>.....................] - ETA: 11:09 - loss: 0.0288 - accuracy: 0.9919 41/126 [========>.....................] - ETA: 11:01 - loss: 0.0284 - accuracy: 0.9921 42/126 [=========>....................] - ETA: 10:52 - loss: 0.0282 - accuracy: 0.9921 43/126 [=========>....................] - ETA: 10:46 - loss: 0.0281 - accuracy: 0.9921 44/126 [=========>....................] - ETA: 10:39 - loss: 0.0281 - accuracy: 0.9921 45/126 [=========>....................] - ETA: 10:31 - loss: 0.0287 - accuracy: 0.9920 46/126 [=========>....................] - ETA: 10:23 - loss: 0.0285 - accuracy: 0.9920 47/126 [==========>...................] - ETA: 10:15 - loss: 0.0286 - accuracy: 0.9918 48/126 [==========>...................] - ETA: 10:08 - loss: 0.0287 - accuracy: 0.9918 49/126 [==========>...................] - ETA: 10:00 - loss: 0.0287 - accuracy: 0.9917 50/126 [==========>...................] - ETA: 9:53 - loss: 0.0285 - accuracy: 0.9918  51/126 [===========>..................] - ETA: 9:45 - loss: 0.0282 - accuracy: 0.9920 52/126 [===========>..................] - ETA: 9:37 - loss: 0.0281 - accuracy: 0.9920 53/126 [===========>..................] - ETA: 9:30 - loss: 0.0277 - accuracy: 0.9921 54/126 [===========>..................] - ETA: 9:22 - loss: 0.0274 - accuracy: 0.9923 55/126 [============>.................] - ETA: 9:15 - loss: 0.0280 - accuracy: 0.9920 56/126 [============>.................] - ETA: 9:07 - loss: 0.0277 - accuracy: 0.9921 57/126 [============>.................] - ETA: 8:59 - loss: 0.0279 - accuracy: 0.9921 58/126 [============>.................] - ETA: 8:51 - loss: 0.0283 - accuracy: 0.9921 59/126 [=============>................] - ETA: 8:43 - loss: 0.0282 - accuracy: 0.9922 60/126 [=============>................] - ETA: 8:34 - loss: 0.0279 - accuracy: 0.9923 61/126 [=============>................] - ETA: 8:26 - loss: 0.0277 - accuracy: 0.9923 62/126 [=============>................] - ETA: 8:18 - loss: 0.0276 - accuracy: 0.9924 63/126 [==============>...............] - ETA: 8:10 - loss: 0.0278 - accuracy: 0.9923 64/126 [==============>...............] - ETA: 8:06 - loss: 0.0278 - accuracy: 0.9922 65/126 [==============>...............] - ETA: 7:59 - loss: 0.0276 - accuracy: 0.9923 66/126 [==============>...............] - ETA: 7:51 - loss: 0.0274 - accuracy: 0.9924 67/126 [==============>...............] - ETA: 7:44 - loss: 0.0271 - accuracy: 0.9925 68/126 [===============>..............] - ETA: 7:36 - loss: 0.0269 - accuracy: 0.9925 69/126 [===============>..............] - ETA: 7:28 - loss: 0.0267 - accuracy: 0.9926 70/126 [===============>..............] - ETA: 7:20 - loss: 0.0265 - accuracy: 0.9927 71/126 [===============>..............] - ETA: 7:12 - loss: 0.0269 - accuracy: 0.9924 72/126 [================>.............] - ETA: 7:04 - loss: 0.0267 - accuracy: 0.9925 73/126 [================>.............] - ETA: 6:56 - loss: 0.0268 - accuracy: 0.9925 74/126 [================>.............] - ETA: 6:48 - loss: 0.0266 - accuracy: 0.9925 75/126 [================>.............] - ETA: 6:41 - loss: 0.0265 - accuracy: 0.9926 76/126 [=================>............] - ETA: 6:33 - loss: 0.0263 - accuracy: 0.9926 77/126 [=================>............] - ETA: 6:25 - loss: 0.0264 - accuracy: 0.9925 78/126 [=================>............] - ETA: 6:17 - loss: 0.0263 - accuracy: 0.9925 79/126 [=================>............] - ETA: 6:10 - loss: 0.0263 - accuracy: 0.9925 80/126 [==================>...........] - ETA: 6:02 - loss: 0.0262 - accuracy: 0.9926 81/126 [==================>...........] - ETA: 5:54 - loss: 0.0266 - accuracy: 0.9925 82/126 [==================>...........] - ETA: 5:46 - loss: 0.0264 - accuracy: 0.9926 83/126 [==================>...........] - ETA: 5:38 - loss: 0.0262 - accuracy: 0.9927 84/126 [===================>..........] - ETA: 5:30 - loss: 0.0260 - accuracy: 0.9928 85/126 [===================>..........] - ETA: 5:22 - loss: 0.0259 - accuracy: 0.9928 86/126 [===================>..........] - ETA: 5:14 - loss: 0.0259 - accuracy: 0.9928 87/126 [===================>..........] - ETA: 5:06 - loss: 0.0257 - accuracy: 0.9929 88/126 [===================>..........] - ETA: 4:58 - loss: 0.0255 - accuracy: 0.9930 89/126 [====================>.........] - ETA: 4:51 - loss: 0.0255 - accuracy: 0.9929 90/126 [====================>.........] - ETA: 4:43 - loss: 0.0255 - accuracy: 0.9929 91/126 [====================>.........] - ETA: 4:35 - loss: 0.0256 - accuracy: 0.9929 92/126 [====================>.........] - ETA: 4:27 - loss: 0.0262 - accuracy: 0.9927 93/126 [=====================>........] - ETA: 4:19 - loss: 0.0264 - accuracy: 0.9925 94/126 [=====================>........] - ETA: 4:11 - loss: 0.0263 - accuracy: 0.9926 95/126 [=====================>........] - ETA: 4:03 - loss: 0.0263 - accuracy: 0.9926 96/126 [=====================>........] - ETA: 3:56 - loss: 0.0263 - accuracy: 0.9927 97/126 [======================>.......] - ETA: 3:48 - loss: 0.0263 - accuracy: 0.9926 98/126 [======================>.......] - ETA: 3:40 - loss: 0.0261 - accuracy: 0.9927 99/126 [======================>.......] - ETA: 3:32 - loss: 0.0267 - accuracy: 0.9926100/126 [======================>.......] - ETA: 3:24 - loss: 0.0267 - accuracy: 0.9926101/126 [=======================>......] - ETA: 3:16 - loss: 0.0265 - accuracy: 0.9926102/126 [=======================>......] - ETA: 3:08 - loss: 0.0265 - accuracy: 0.9926103/126 [=======================>......] - ETA: 3:00 - loss: 0.0263 - accuracy: 0.9927104/126 [=======================>......] - ETA: 2:52 - loss: 0.0262 - accuracy: 0.9928105/126 [========================>.....] - ETA: 2:44 - loss: 0.0263 - accuracy: 0.9928106/126 [========================>.....] - ETA: 2:37 - loss: 0.0264 - accuracy: 0.9927107/126 [========================>.....] - ETA: 2:29 - loss: 0.0262 - accuracy: 0.9928108/126 [========================>.....] - ETA: 2:21 - loss: 0.0261 - accuracy: 0.9928109/126 [========================>.....] - ETA: 2:13 - loss: 0.0260 - accuracy: 0.9929110/126 [=========================>....] - ETA: 2:05 - loss: 0.0261 - accuracy: 0.9928111/126 [=========================>....] - ETA: 1:57 - loss: 0.0263 - accuracy: 0.9927112/126 [=========================>....] - ETA: 1:49 - loss: 0.0263 - accuracy: 0.9927113/126 [=========================>....] - ETA: 1:42 - loss: 0.0268 - accuracy: 0.9927114/126 [==========================>...] - ETA: 1:34 - loss: 0.0269 - accuracy: 0.9926115/126 [==========================>...] - ETA: 1:26 - loss: 0.0270 - accuracy: 0.9926116/126 [==========================>...] - ETA: 1:18 - loss: 0.0270 - accuracy: 0.9926117/126 [==========================>...] - ETA: 1:10 - loss: 0.0270 - accuracy: 0.9926118/126 [===========================>..] - ETA: 1:02 - loss: 0.0270 - accuracy: 0.9926119/126 [===========================>..] - ETA: 54s - loss: 0.0269 - accuracy: 0.9926 120/126 [===========================>..] - ETA: 47s - loss: 0.0269 - accuracy: 0.9926121/126 [===========================>..] - ETA: 39s - loss: 0.0270 - accuracy: 0.9925122/126 [============================>.] - ETA: 31s - loss: 0.0270 - accuracy: 0.9925123/126 [============================>.] - ETA: 23s - loss: 0.0269 - accuracy: 0.9925124/126 [============================>.] - ETA: 15s - loss: 0.0268 - accuracy: 0.9925125/126 [============================>.] - ETA: 7s - loss: 0.0267 - accuracy: 0.9926 126/126 [==============================] - ETA: 0s - loss: 0.0267 - accuracy: 0.9925
Epoch 00024: val_loss did not improve from 0.68230
126/126 [==============================] - 1038s 8s/step - loss: 0.0267 - accuracy: 0.9925 - val_loss: 0.6889 - val_accuracy: 0.5981
Epoch 25/30
  1/126 [..............................] - ETA: 1:08:39 - loss: 0.0450 - accuracy: 0.9844  2/126 [..............................] - ETA: 12:35 - loss: 0.0318 - accuracy: 0.9909    3/126 [..............................] - ETA: 14:22 - loss: 0.0243 - accuracy: 0.9943  4/126 [..............................] - ETA: 15:21 - loss: 0.0226 - accuracy: 0.9958  5/126 [>.............................] - ETA: 15:25 - loss: 0.0217 - accuracy: 0.9950  6/126 [>.............................] - ETA: 15:20 - loss: 0.0226 - accuracy: 0.9945  7/126 [>.............................] - ETA: 15:15 - loss: 0.0250 - accuracy: 0.9930  8/126 [>.............................] - ETA: 15:16 - loss: 0.0237 - accuracy: 0.9939  9/126 [=>............................] - ETA: 15:05 - loss: 0.0240 - accuracy: 0.9937 10/126 [=>............................] - ETA: 15:01 - loss: 0.0225 - accuracy: 0.9944 11/126 [=>............................] - ETA: 14:55 - loss: 0.0242 - accuracy: 0.9942 12/126 [=>............................] - ETA: 14:45 - loss: 0.0241 - accuracy: 0.9940 13/126 [==>...........................] - ETA: 14:38 - loss: 0.0233 - accuracy: 0.9945 14/126 [==>...........................] - ETA: 14:29 - loss: 0.0241 - accuracy: 0.9937 15/126 [==>...........................] - ETA: 14:23 - loss: 0.0263 - accuracy: 0.9915 16/126 [==>...........................] - ETA: 14:13 - loss: 0.0270 - accuracy: 0.9911 17/126 [===>..........................] - ETA: 14:08 - loss: 0.0263 - accuracy: 0.9911 18/126 [===>..........................] - ETA: 13:59 - loss: 0.0274 - accuracy: 0.9907 19/126 [===>..........................] - ETA: 13:52 - loss: 0.0265 - accuracy: 0.9912 20/126 [===>..........................] - ETA: 13:44 - loss: 0.0264 - accuracy: 0.9913 21/126 [====>.........................] - ETA: 13:36 - loss: 0.0263 - accuracy: 0.9910 22/126 [====>.........................] - ETA: 13:28 - loss: 0.0255 - accuracy: 0.9914 23/126 [====>.........................] - ETA: 13:20 - loss: 0.0247 - accuracy: 0.9917 24/126 [====>.........................] - ETA: 13:13 - loss: 0.0242 - accuracy: 0.9921 25/126 [====>.........................] - ETA: 13:05 - loss: 0.0237 - accuracy: 0.9924 26/126 [=====>........................] - ETA: 12:58 - loss: 0.0231 - accuracy: 0.9927 27/126 [=====>........................] - ETA: 12:50 - loss: 0.0239 - accuracy: 0.9924 28/126 [=====>........................] - ETA: 12:44 - loss: 0.0236 - accuracy: 0.9924 29/126 [=====>........................] - ETA: 12:37 - loss: 0.0242 - accuracy: 0.9918 30/126 [======>.......................] - ETA: 12:28 - loss: 0.0242 - accuracy: 0.9919 31/126 [======>.......................] - ETA: 12:21 - loss: 0.0239 - accuracy: 0.9919 32/126 [======>.......................] - ETA: 12:13 - loss: 0.0238 - accuracy: 0.9921 33/126 [======>.......................] - ETA: 12:04 - loss: 0.0235 - accuracy: 0.9924 34/126 [=======>......................] - ETA: 11:56 - loss: 0.0235 - accuracy: 0.9924 35/126 [=======>......................] - ETA: 11:48 - loss: 0.0237 - accuracy: 0.9923 36/126 [=======>......................] - ETA: 11:40 - loss: 0.0235 - accuracy: 0.9926 37/126 [=======>......................] - ETA: 11:38 - loss: 0.0238 - accuracy: 0.9923 38/126 [========>.....................] - ETA: 11:31 - loss: 0.0234 - accuracy: 0.9925 39/126 [========>.....................] - ETA: 11:22 - loss: 0.0236 - accuracy: 0.9923 40/126 [========>.....................] - ETA: 11:14 - loss: 0.0242 - accuracy: 0.9921 41/126 [========>.....................] - ETA: 11:07 - loss: 0.0244 - accuracy: 0.9921 42/126 [=========>....................] - ETA: 10:59 - loss: 0.0241 - accuracy: 0.9923 43/126 [=========>....................] - ETA: 10:51 - loss: 0.0237 - accuracy: 0.9925 44/126 [=========>....................] - ETA: 10:43 - loss: 0.0246 - accuracy: 0.9920 45/126 [=========>....................] - ETA: 10:35 - loss: 0.0249 - accuracy: 0.9920 46/126 [=========>....................] - ETA: 10:28 - loss: 0.0247 - accuracy: 0.9920 47/126 [==========>...................] - ETA: 10:20 - loss: 0.0250 - accuracy: 0.9918 48/126 [==========>...................] - ETA: 10:13 - loss: 0.0248 - accuracy: 0.9918 49/126 [==========>...................] - ETA: 10:05 - loss: 0.0247 - accuracy: 0.9918 50/126 [==========>...................] - ETA: 9:56 - loss: 0.0249 - accuracy: 0.9918  51/126 [===========>..................] - ETA: 9:49 - loss: 0.0249 - accuracy: 0.9917 52/126 [===========>..................] - ETA: 9:41 - loss: 0.0255 - accuracy: 0.9917 53/126 [===========>..................] - ETA: 9:34 - loss: 0.0255 - accuracy: 0.9918 54/126 [===========>..................] - ETA: 9:25 - loss: 0.0256 - accuracy: 0.9917 55/126 [============>.................] - ETA: 9:18 - loss: 0.0254 - accuracy: 0.9919 56/126 [============>.................] - ETA: 9:09 - loss: 0.0257 - accuracy: 0.9917 57/126 [============>.................] - ETA: 9:02 - loss: 0.0255 - accuracy: 0.9919 58/126 [============>.................] - ETA: 8:54 - loss: 0.0253 - accuracy: 0.9920 59/126 [=============>................] - ETA: 8:46 - loss: 0.0254 - accuracy: 0.9920 60/126 [=============>................] - ETA: 8:37 - loss: 0.0251 - accuracy: 0.9922 61/126 [=============>................] - ETA: 8:30 - loss: 0.0251 - accuracy: 0.9920 62/126 [=============>................] - ETA: 8:21 - loss: 0.0249 - accuracy: 0.9920 63/126 [==============>...............] - ETA: 8:14 - loss: 0.0248 - accuracy: 0.9920 64/126 [==============>...............] - ETA: 8:06 - loss: 0.0248 - accuracy: 0.9919 65/126 [==============>...............] - ETA: 7:58 - loss: 0.0249 - accuracy: 0.9919 66/126 [==============>...............] - ETA: 7:51 - loss: 0.0251 - accuracy: 0.9918 67/126 [==============>...............] - ETA: 7:43 - loss: 0.0249 - accuracy: 0.9919 68/126 [===============>..............] - ETA: 7:35 - loss: 0.0246 - accuracy: 0.9920 69/126 [===============>..............] - ETA: 7:27 - loss: 0.0247 - accuracy: 0.9920 70/126 [===============>..............] - ETA: 7:19 - loss: 0.0247 - accuracy: 0.9920 71/126 [===============>..............] - ETA: 7:12 - loss: 0.0246 - accuracy: 0.9920 72/126 [================>.............] - ETA: 7:04 - loss: 0.0247 - accuracy: 0.9920 73/126 [================>.............] - ETA: 6:56 - loss: 0.0246 - accuracy: 0.9922 74/126 [================>.............] - ETA: 6:48 - loss: 0.0247 - accuracy: 0.9922 75/126 [================>.............] - ETA: 6:40 - loss: 0.0246 - accuracy: 0.9923 76/126 [=================>............] - ETA: 6:32 - loss: 0.0245 - accuracy: 0.9924 77/126 [=================>............] - ETA: 6:24 - loss: 0.0249 - accuracy: 0.9923 78/126 [=================>............] - ETA: 6:16 - loss: 0.0251 - accuracy: 0.9922 79/126 [=================>............] - ETA: 6:08 - loss: 0.0249 - accuracy: 0.9923 80/126 [==================>...........] - ETA: 6:00 - loss: 0.0250 - accuracy: 0.9923 81/126 [==================>...........] - ETA: 5:53 - loss: 0.0253 - accuracy: 0.9922 82/126 [==================>...........] - ETA: 5:45 - loss: 0.0255 - accuracy: 0.9920 83/126 [==================>...........] - ETA: 5:37 - loss: 0.0255 - accuracy: 0.9920 84/126 [===================>..........] - ETA: 5:29 - loss: 0.0255 - accuracy: 0.9919 85/126 [===================>..........] - ETA: 5:21 - loss: 0.0257 - accuracy: 0.9918 86/126 [===================>..........] - ETA: 5:14 - loss: 0.0256 - accuracy: 0.9919 87/126 [===================>..........] - ETA: 5:06 - loss: 0.0256 - accuracy: 0.9919 88/126 [===================>..........] - ETA: 4:58 - loss: 0.0256 - accuracy: 0.9918 89/126 [====================>.........] - ETA: 4:50 - loss: 0.0256 - accuracy: 0.9918 90/126 [====================>.........] - ETA: 4:42 - loss: 0.0256 - accuracy: 0.9918 91/126 [====================>.........] - ETA: 4:34 - loss: 0.0256 - accuracy: 0.9919 92/126 [====================>.........] - ETA: 4:26 - loss: 0.0258 - accuracy: 0.9919 93/126 [=====================>........] - ETA: 4:18 - loss: 0.0257 - accuracy: 0.9920 94/126 [=====================>........] - ETA: 4:10 - loss: 0.0257 - accuracy: 0.9920 95/126 [=====================>........] - ETA: 4:02 - loss: 0.0258 - accuracy: 0.9919 96/126 [=====================>........] - ETA: 3:54 - loss: 0.0258 - accuracy: 0.9919 97/126 [======================>.......] - ETA: 3:46 - loss: 0.0258 - accuracy: 0.9920 98/126 [======================>.......] - ETA: 3:39 - loss: 0.0258 - accuracy: 0.9920 99/126 [======================>.......] - ETA: 3:31 - loss: 0.0260 - accuracy: 0.9918100/126 [======================>.......] - ETA: 3:23 - loss: 0.0260 - accuracy: 0.9918101/126 [=======================>......] - ETA: 3:15 - loss: 0.0261 - accuracy: 0.9917102/126 [=======================>......] - ETA: 3:07 - loss: 0.0261 - accuracy: 0.9917103/126 [=======================>......] - ETA: 2:59 - loss: 0.0259 - accuracy: 0.9918104/126 [=======================>......] - ETA: 2:51 - loss: 0.0260 - accuracy: 0.9917105/126 [========================>.....] - ETA: 2:44 - loss: 0.0259 - accuracy: 0.9918106/126 [========================>.....] - ETA: 2:36 - loss: 0.0258 - accuracy: 0.9918107/126 [========================>.....] - ETA: 2:28 - loss: 0.0257 - accuracy: 0.9919108/126 [========================>.....] - ETA: 2:20 - loss: 0.0256 - accuracy: 0.9919109/126 [========================>.....] - ETA: 2:12 - loss: 0.0254 - accuracy: 0.9920110/126 [=========================>....] - ETA: 2:05 - loss: 0.0255 - accuracy: 0.9920111/126 [=========================>....] - ETA: 1:57 - loss: 0.0254 - accuracy: 0.9920112/126 [=========================>....] - ETA: 1:49 - loss: 0.0253 - accuracy: 0.9920113/126 [=========================>....] - ETA: 1:41 - loss: 0.0252 - accuracy: 0.9921114/126 [==========================>...] - ETA: 1:33 - loss: 0.0253 - accuracy: 0.9920115/126 [==========================>...] - ETA: 1:26 - loss: 0.0252 - accuracy: 0.9921116/126 [==========================>...] - ETA: 1:18 - loss: 0.0255 - accuracy: 0.9921117/126 [==========================>...] - ETA: 1:10 - loss: 0.0254 - accuracy: 0.9922118/126 [===========================>..] - ETA: 1:02 - loss: 0.0253 - accuracy: 0.9922119/126 [===========================>..] - ETA: 54s - loss: 0.0252 - accuracy: 0.9923 120/126 [===========================>..] - ETA: 46s - loss: 0.0254 - accuracy: 0.9923121/126 [===========================>..] - ETA: 39s - loss: 0.0253 - accuracy: 0.9923122/126 [============================>.] - ETA: 31s - loss: 0.0253 - accuracy: 0.9923123/126 [============================>.] - ETA: 23s - loss: 0.0253 - accuracy: 0.9924124/126 [============================>.] - ETA: 15s - loss: 0.0251 - accuracy: 0.9924125/126 [============================>.] - ETA: 7s - loss: 0.0251 - accuracy: 0.9924 126/126 [==============================] - ETA: 0s - loss: 0.0250 - accuracy: 0.9925
Epoch 00025: val_loss improved from 0.68230 to 0.68173, saving model to NASNetMobile_checkpoint_best_0.6817.h5
126/126 [==============================] - 1069s 8s/step - loss: 0.0250 - accuracy: 0.9925 - val_loss: 0.6817 - val_accuracy: 0.5981
Epoch 26/30
  1/126 [..............................] - ETA: 19:47 - loss: 0.0174 - accuracy: 0.9922  2/126 [..............................] - ETA: 15:47 - loss: 0.0175 - accuracy: 0.9922  3/126 [..............................] - ETA: 16:13 - loss: 0.0180 - accuracy: 0.9922  4/126 [..............................] - ETA: 16:08 - loss: 0.0175 - accuracy: 0.9922  5/126 [>.............................] - ETA: 15:52 - loss: 0.0166 - accuracy: 0.9922  6/126 [>.............................] - ETA: 15:39 - loss: 0.0166 - accuracy: 0.9922  7/126 [>.............................] - ETA: 15:29 - loss: 0.0163 - accuracy: 0.9933  8/126 [>.............................] - ETA: 15:18 - loss: 0.0184 - accuracy: 0.9932  9/126 [=>............................] - ETA: 15:10 - loss: 0.0173 - accuracy: 0.9939 10/126 [=>............................] - ETA: 14:57 - loss: 0.0229 - accuracy: 0.9937 11/126 [=>............................] - ETA: 14:49 - loss: 0.0221 - accuracy: 0.9943 12/126 [=>............................] - ETA: 14:44 - loss: 0.0228 - accuracy: 0.9935 13/126 [==>...........................] - ETA: 14:36 - loss: 0.0233 - accuracy: 0.9934 14/126 [==>...........................] - ETA: 14:32 - loss: 0.0229 - accuracy: 0.9933 15/126 [==>...........................] - ETA: 14:27 - loss: 0.0235 - accuracy: 0.9932 16/126 [==>...........................] - ETA: 14:18 - loss: 0.0229 - accuracy: 0.9937 17/126 [===>..........................] - ETA: 14:10 - loss: 0.0223 - accuracy: 0.9940 18/126 [===>..........................] - ETA: 14:03 - loss: 0.0218 - accuracy: 0.9944 19/126 [===>..........................] - ETA: 13:56 - loss: 0.0214 - accuracy: 0.9942 20/126 [===>..........................] - ETA: 13:48 - loss: 0.0209 - accuracy: 0.9945 21/126 [====>.........................] - ETA: 13:41 - loss: 0.0209 - accuracy: 0.9944 22/126 [====>.........................] - ETA: 13:33 - loss: 0.0210 - accuracy: 0.9943 23/126 [====>.........................] - ETA: 13:26 - loss: 0.0213 - accuracy: 0.9942 24/126 [====>.........................] - ETA: 13:20 - loss: 0.0209 - accuracy: 0.9941 25/126 [====>.........................] - ETA: 13:13 - loss: 0.0210 - accuracy: 0.9941 26/126 [=====>........................] - ETA: 13:05 - loss: 0.0205 - accuracy: 0.9943 27/126 [=====>........................] - ETA: 12:57 - loss: 0.0204 - accuracy: 0.9942 28/126 [=====>........................] - ETA: 12:48 - loss: 0.0210 - accuracy: 0.9941 29/126 [=====>........................] - ETA: 12:40 - loss: 0.0205 - accuracy: 0.9943 30/126 [======>.......................] - ETA: 12:32 - loss: 0.0206 - accuracy: 0.9943 31/126 [======>.......................] - ETA: 12:25 - loss: 0.0207 - accuracy: 0.9942 32/126 [======>.......................] - ETA: 12:17 - loss: 0.0204 - accuracy: 0.9944 33/126 [======>.......................] - ETA: 12:09 - loss: 0.0204 - accuracy: 0.9946 34/126 [=======>......................] - ETA: 12:02 - loss: 0.0205 - accuracy: 0.9943 35/126 [=======>......................] - ETA: 11:55 - loss: 0.0217 - accuracy: 0.9935 36/126 [=======>......................] - ETA: 11:46 - loss: 0.0214 - accuracy: 0.9937 37/126 [=======>......................] - ETA: 11:37 - loss: 0.0217 - accuracy: 0.9935 38/126 [========>.....................] - ETA: 11:29 - loss: 0.0215 - accuracy: 0.9936 39/126 [========>.....................] - ETA: 11:21 - loss: 0.0212 - accuracy: 0.9938 40/126 [========>.....................] - ETA: 11:13 - loss: 0.0208 - accuracy: 0.9939 41/126 [========>.....................] - ETA: 11:05 - loss: 0.0207 - accuracy: 0.9941 42/126 [=========>....................] - ETA: 10:58 - loss: 0.0205 - accuracy: 0.9942 43/126 [=========>....................] - ETA: 10:50 - loss: 0.0210 - accuracy: 0.9940 44/126 [=========>....................] - ETA: 10:42 - loss: 0.0207 - accuracy: 0.9941 45/126 [=========>....................] - ETA: 10:34 - loss: 0.0210 - accuracy: 0.9939 46/126 [=========>....................] - ETA: 10:27 - loss: 0.0209 - accuracy: 0.9941 47/126 [==========>...................] - ETA: 10:19 - loss: 0.0206 - accuracy: 0.9942 48/126 [==========>...................] - ETA: 10:11 - loss: 0.0204 - accuracy: 0.9943 49/126 [==========>...................] - ETA: 10:04 - loss: 0.0205 - accuracy: 0.9943 50/126 [==========>...................] - ETA: 9:56 - loss: 0.0202 - accuracy: 0.9944  51/126 [===========>..................] - ETA: 9:48 - loss: 0.0205 - accuracy: 0.9942 52/126 [===========>..................] - ETA: 9:41 - loss: 0.0207 - accuracy: 0.9940 53/126 [===========>..................] - ETA: 9:33 - loss: 0.0207 - accuracy: 0.9940 54/126 [===========>..................] - ETA: 9:25 - loss: 0.0208 - accuracy: 0.9939 55/126 [============>.................] - ETA: 9:16 - loss: 0.0212 - accuracy: 0.9937 56/126 [============>.................] - ETA: 9:08 - loss: 0.0211 - accuracy: 0.9937 57/126 [============>.................] - ETA: 9:01 - loss: 0.0209 - accuracy: 0.9938 58/126 [============>.................] - ETA: 8:53 - loss: 0.0217 - accuracy: 0.9938 59/126 [=============>................] - ETA: 8:45 - loss: 0.0218 - accuracy: 0.9939 60/126 [=============>................] - ETA: 8:37 - loss: 0.0223 - accuracy: 0.9937 61/126 [=============>................] - ETA: 8:30 - loss: 0.0227 - accuracy: 0.9937 62/126 [=============>................] - ETA: 8:20 - loss: 0.0232 - accuracy: 0.9937 63/126 [==============>...............] - ETA: 8:12 - loss: 0.0239 - accuracy: 0.9935 64/126 [==============>...............] - ETA: 8:04 - loss: 0.0244 - accuracy: 0.9933 65/126 [==============>...............] - ETA: 7:57 - loss: 0.0241 - accuracy: 0.9934 66/126 [==============>...............] - ETA: 7:49 - loss: 0.0241 - accuracy: 0.9935 67/126 [==============>...............] - ETA: 7:41 - loss: 0.0242 - accuracy: 0.9934 68/126 [===============>..............] - ETA: 7:33 - loss: 0.0242 - accuracy: 0.9934 69/126 [===============>..............] - ETA: 7:25 - loss: 0.0242 - accuracy: 0.9934 70/126 [===============>..............] - ETA: 7:17 - loss: 0.0240 - accuracy: 0.9935 71/126 [===============>..............] - ETA: 7:10 - loss: 0.0241 - accuracy: 0.9934 72/126 [================>.............] - ETA: 7:02 - loss: 0.0239 - accuracy: 0.9935 73/126 [================>.............] - ETA: 6:54 - loss: 0.0239 - accuracy: 0.9936 74/126 [================>.............] - ETA: 6:46 - loss: 0.0237 - accuracy: 0.9935 75/126 [================>.............] - ETA: 6:39 - loss: 0.0236 - accuracy: 0.9936 76/126 [=================>............] - ETA: 6:31 - loss: 0.0239 - accuracy: 0.9936 77/126 [=================>............] - ETA: 6:23 - loss: 0.0237 - accuracy: 0.9937 78/126 [=================>............] - ETA: 6:15 - loss: 0.0235 - accuracy: 0.9938 79/126 [=================>............] - ETA: 6:08 - loss: 0.0233 - accuracy: 0.9938 80/126 [==================>...........] - ETA: 6:00 - loss: 0.0231 - accuracy: 0.9939 81/126 [==================>...........] - ETA: 5:52 - loss: 0.0231 - accuracy: 0.9940 82/126 [==================>...........] - ETA: 5:44 - loss: 0.0230 - accuracy: 0.9941 83/126 [==================>...........] - ETA: 5:37 - loss: 0.0230 - accuracy: 0.9941 84/126 [===================>..........] - ETA: 5:29 - loss: 0.0232 - accuracy: 0.9941 85/126 [===================>..........] - ETA: 5:21 - loss: 0.0230 - accuracy: 0.9942 86/126 [===================>..........] - ETA: 5:13 - loss: 0.0229 - accuracy: 0.9943 87/126 [===================>..........] - ETA: 5:05 - loss: 0.0232 - accuracy: 0.9942 88/126 [===================>..........] - ETA: 4:57 - loss: 0.0232 - accuracy: 0.9942 89/126 [====================>.........] - ETA: 4:50 - loss: 0.0231 - accuracy: 0.9943 90/126 [====================>.........] - ETA: 4:42 - loss: 0.0229 - accuracy: 0.9943 91/126 [====================>.........] - ETA: 4:34 - loss: 0.0229 - accuracy: 0.9944 92/126 [====================>.........] - ETA: 4:26 - loss: 0.0229 - accuracy: 0.9944 93/126 [=====================>........] - ETA: 4:18 - loss: 0.0232 - accuracy: 0.9943 94/126 [=====================>........] - ETA: 4:11 - loss: 0.0235 - accuracy: 0.9942 95/126 [=====================>........] - ETA: 4:03 - loss: 0.0238 - accuracy: 0.9941 96/126 [=====================>........] - ETA: 3:55 - loss: 0.0237 - accuracy: 0.9941 97/126 [======================>.......] - ETA: 3:47 - loss: 0.0236 - accuracy: 0.9942 98/126 [======================>.......] - ETA: 3:39 - loss: 0.0235 - accuracy: 0.9942 99/126 [======================>.......] - ETA: 3:31 - loss: 0.0233 - accuracy: 0.9943100/126 [======================>.......] - ETA: 3:23 - loss: 0.0233 - accuracy: 0.9943101/126 [=======================>......] - ETA: 3:16 - loss: 0.0232 - accuracy: 0.9943102/126 [=======================>......] - ETA: 3:08 - loss: 0.0232 - accuracy: 0.9944103/126 [=======================>......] - ETA: 3:00 - loss: 0.0230 - accuracy: 0.9944104/126 [=======================>......] - ETA: 2:52 - loss: 0.0229 - accuracy: 0.9945105/126 [========================>.....] - ETA: 2:44 - loss: 0.0228 - accuracy: 0.9946106/126 [========================>.....] - ETA: 2:36 - loss: 0.0227 - accuracy: 0.9946107/126 [========================>.....] - ETA: 2:29 - loss: 0.0228 - accuracy: 0.9946108/126 [========================>.....] - ETA: 2:21 - loss: 0.0227 - accuracy: 0.9946109/126 [========================>.....] - ETA: 2:13 - loss: 0.0228 - accuracy: 0.9945110/126 [=========================>....] - ETA: 2:05 - loss: 0.0227 - accuracy: 0.9944111/126 [=========================>....] - ETA: 1:57 - loss: 0.0231 - accuracy: 0.9942112/126 [=========================>....] - ETA: 1:49 - loss: 0.0230 - accuracy: 0.9943113/126 [=========================>....] - ETA: 1:42 - loss: 0.0229 - accuracy: 0.9943114/126 [==========================>...] - ETA: 1:34 - loss: 0.0228 - accuracy: 0.9943115/126 [==========================>...] - ETA: 1:26 - loss: 0.0227 - accuracy: 0.9943116/126 [==========================>...] - ETA: 1:18 - loss: 0.0228 - accuracy: 0.9943117/126 [==========================>...] - ETA: 1:10 - loss: 0.0228 - accuracy: 0.9942118/126 [===========================>..] - ETA: 1:02 - loss: 0.0233 - accuracy: 0.9940119/126 [===========================>..] - ETA: 54s - loss: 0.0233 - accuracy: 0.9940 120/126 [===========================>..] - ETA: 47s - loss: 0.0233 - accuracy: 0.9940121/126 [===========================>..] - ETA: 39s - loss: 0.0235 - accuracy: 0.9940122/126 [============================>.] - ETA: 31s - loss: 0.0236 - accuracy: 0.9938123/126 [============================>.] - ETA: 23s - loss: 0.0235 - accuracy: 0.9939124/126 [============================>.] - ETA: 15s - loss: 0.0235 - accuracy: 0.9939125/126 [============================>.] - ETA: 7s - loss: 0.0236 - accuracy: 0.9939 126/126 [==============================] - ETA: 0s - loss: 0.0235 - accuracy: 0.9940
Epoch 00026: val_loss did not improve from 0.68173
126/126 [==============================] - 1039s 8s/step - loss: 0.0235 - accuracy: 0.9940 - val_loss: 0.7249 - val_accuracy: 0.4024
Epoch 27/30
  1/126 [..............................] - ETA: 20:38 - loss: 0.0079 - accuracy: 1.0000  2/126 [..............................] - ETA: 17:00 - loss: 0.0141 - accuracy: 0.9961  3/126 [..............................] - ETA: 16:32 - loss: 0.0158 - accuracy: 0.9948  4/126 [..............................] - ETA: 16:13 - loss: 0.0145 - accuracy: 0.9961  5/126 [>.............................] - ETA: 16:10 - loss: 0.0164 - accuracy: 0.9953  6/126 [>.............................] - ETA: 16:38 - loss: 0.0227 - accuracy: 0.9922  7/126 [>.............................] - ETA: 16:20 - loss: 0.0209 - accuracy: 0.9933  8/126 [>.............................] - ETA: 16:43 - loss: 0.0228 - accuracy: 0.9932  9/126 [=>............................] - ETA: 16:27 - loss: 0.0255 - accuracy: 0.9922 10/126 [=>............................] - ETA: 16:12 - loss: 0.0250 - accuracy: 0.9922 11/126 [=>............................] - ETA: 15:57 - loss: 0.0246 - accuracy: 0.9922 12/126 [=>............................] - ETA: 15:43 - loss: 0.0241 - accuracy: 0.9928 13/126 [==>...........................] - ETA: 15:29 - loss: 0.0234 - accuracy: 0.9934 14/126 [==>...........................] - ETA: 15:17 - loss: 0.0231 - accuracy: 0.9933 15/126 [==>...........................] - ETA: 15:05 - loss: 0.0231 - accuracy: 0.9932 16/126 [==>...........................] - ETA: 14:54 - loss: 0.0224 - accuracy: 0.9937 17/126 [===>..........................] - ETA: 14:28 - loss: 0.0226 - accuracy: 0.9935 18/126 [===>..........................] - ETA: 14:19 - loss: 0.0220 - accuracy: 0.9938 19/126 [===>..........................] - ETA: 14:09 - loss: 0.0212 - accuracy: 0.9942 20/126 [===>..........................] - ETA: 14:02 - loss: 0.0244 - accuracy: 0.9941 21/126 [====>.........................] - ETA: 13:53 - loss: 0.0248 - accuracy: 0.9936 22/126 [====>.........................] - ETA: 13:44 - loss: 0.0245 - accuracy: 0.9935 23/126 [====>.........................] - ETA: 13:36 - loss: 0.0259 - accuracy: 0.9931 24/126 [====>.........................] - ETA: 13:29 - loss: 0.0257 - accuracy: 0.9931 25/126 [====>.........................] - ETA: 13:21 - loss: 0.0251 - accuracy: 0.9934 26/126 [=====>........................] - ETA: 13:13 - loss: 0.0251 - accuracy: 0.9933 27/126 [=====>........................] - ETA: 13:04 - loss: 0.0246 - accuracy: 0.9936 28/126 [=====>........................] - ETA: 12:55 - loss: 0.0250 - accuracy: 0.9935 29/126 [=====>........................] - ETA: 12:47 - loss: 0.0250 - accuracy: 0.9935 30/126 [======>.......................] - ETA: 12:39 - loss: 0.0247 - accuracy: 0.9937 31/126 [======>.......................] - ETA: 12:30 - loss: 0.0251 - accuracy: 0.9936 32/126 [======>.......................] - ETA: 12:23 - loss: 0.0250 - accuracy: 0.9936 33/126 [======>.......................] - ETA: 12:14 - loss: 0.0253 - accuracy: 0.9936 34/126 [=======>......................] - ETA: 12:06 - loss: 0.0249 - accuracy: 0.9937 35/126 [=======>......................] - ETA: 11:58 - loss: 0.0244 - accuracy: 0.9939 36/126 [=======>......................] - ETA: 11:50 - loss: 0.0245 - accuracy: 0.9937 37/126 [=======>......................] - ETA: 11:41 - loss: 0.0241 - accuracy: 0.9938 38/126 [========>.....................] - ETA: 11:33 - loss: 0.0239 - accuracy: 0.9940 39/126 [========>.....................] - ETA: 11:25 - loss: 0.0240 - accuracy: 0.9941 40/126 [========>.....................] - ETA: 11:17 - loss: 0.0238 - accuracy: 0.9943 41/126 [========>.....................] - ETA: 11:09 - loss: 0.0235 - accuracy: 0.9944 42/126 [=========>....................] - ETA: 11:00 - loss: 0.0234 - accuracy: 0.9944 43/126 [=========>....................] - ETA: 10:53 - loss: 0.0231 - accuracy: 0.9945 44/126 [=========>....................] - ETA: 10:45 - loss: 0.0228 - accuracy: 0.9946 45/126 [=========>....................] - ETA: 10:37 - loss: 0.0226 - accuracy: 0.9948 46/126 [=========>....................] - ETA: 10:30 - loss: 0.0223 - accuracy: 0.9949 47/126 [==========>...................] - ETA: 10:21 - loss: 0.0221 - accuracy: 0.9948 48/126 [==========>...................] - ETA: 10:14 - loss: 0.0222 - accuracy: 0.9948 49/126 [==========>...................] - ETA: 10:07 - loss: 0.0227 - accuracy: 0.9945 50/126 [==========>...................] - ETA: 9:58 - loss: 0.0225 - accuracy: 0.9947  51/126 [===========>..................] - ETA: 9:50 - loss: 0.0223 - accuracy: 0.9948 52/126 [===========>..................] - ETA: 9:43 - loss: 0.0230 - accuracy: 0.9947 53/126 [===========>..................] - ETA: 9:35 - loss: 0.0227 - accuracy: 0.9948 54/126 [===========>..................] - ETA: 9:27 - loss: 0.0230 - accuracy: 0.9948 55/126 [============>.................] - ETA: 9:19 - loss: 0.0227 - accuracy: 0.9949 56/126 [============>.................] - ETA: 9:11 - loss: 0.0227 - accuracy: 0.9948 57/126 [============>.................] - ETA: 9:03 - loss: 0.0225 - accuracy: 0.9949 58/126 [============>.................] - ETA: 8:56 - loss: 0.0223 - accuracy: 0.9949 59/126 [=============>................] - ETA: 8:48 - loss: 0.0230 - accuracy: 0.9947 60/126 [=============>................] - ETA: 8:40 - loss: 0.0229 - accuracy: 0.9948 61/126 [=============>................] - ETA: 8:32 - loss: 0.0227 - accuracy: 0.9949 62/126 [=============>................] - ETA: 8:24 - loss: 0.0225 - accuracy: 0.9949 63/126 [==============>...............] - ETA: 8:16 - loss: 0.0226 - accuracy: 0.9949 64/126 [==============>...............] - ETA: 8:08 - loss: 0.0226 - accuracy: 0.9949 65/126 [==============>...............] - ETA: 8:00 - loss: 0.0228 - accuracy: 0.9948 66/126 [==============>...............] - ETA: 7:52 - loss: 0.0226 - accuracy: 0.9949 67/126 [==============>...............] - ETA: 7:44 - loss: 0.0226 - accuracy: 0.9948 68/126 [===============>..............] - ETA: 7:36 - loss: 0.0230 - accuracy: 0.9946 69/126 [===============>..............] - ETA: 7:28 - loss: 0.0231 - accuracy: 0.9943 70/126 [===============>..............] - ETA: 7:20 - loss: 0.0229 - accuracy: 0.9944 71/126 [===============>..............] - ETA: 7:12 - loss: 0.0227 - accuracy: 0.9945 72/126 [================>.............] - ETA: 7:05 - loss: 0.0226 - accuracy: 0.9946 73/126 [================>.............] - ETA: 6:57 - loss: 0.0225 - accuracy: 0.9946 74/126 [================>.............] - ETA: 6:49 - loss: 0.0226 - accuracy: 0.9946 75/126 [================>.............] - ETA: 6:41 - loss: 0.0226 - accuracy: 0.9946 76/126 [=================>............] - ETA: 6:33 - loss: 0.0229 - accuracy: 0.9945 77/126 [=================>............] - ETA: 6:25 - loss: 0.0228 - accuracy: 0.9946 78/126 [=================>............] - ETA: 6:17 - loss: 0.0227 - accuracy: 0.9946 79/126 [=================>............] - ETA: 6:09 - loss: 0.0226 - accuracy: 0.9946 80/126 [==================>...........] - ETA: 6:01 - loss: 0.0228 - accuracy: 0.9945 81/126 [==================>...........] - ETA: 5:53 - loss: 0.0233 - accuracy: 0.9943 82/126 [==================>...........] - ETA: 5:46 - loss: 0.0231 - accuracy: 0.9944 83/126 [==================>...........] - ETA: 5:38 - loss: 0.0230 - accuracy: 0.9944 84/126 [===================>..........] - ETA: 5:30 - loss: 0.0230 - accuracy: 0.9944 85/126 [===================>..........] - ETA: 5:22 - loss: 0.0228 - accuracy: 0.9945 86/126 [===================>..........] - ETA: 5:14 - loss: 0.0227 - accuracy: 0.9945 87/126 [===================>..........] - ETA: 5:06 - loss: 0.0225 - accuracy: 0.9946 88/126 [===================>..........] - ETA: 4:58 - loss: 0.0225 - accuracy: 0.9947 89/126 [====================>.........] - ETA: 4:51 - loss: 0.0223 - accuracy: 0.9947 90/126 [====================>.........] - ETA: 4:43 - loss: 0.0222 - accuracy: 0.9948 91/126 [====================>.........] - ETA: 4:35 - loss: 0.0221 - accuracy: 0.9948 92/126 [====================>.........] - ETA: 4:27 - loss: 0.0219 - accuracy: 0.9949 93/126 [=====================>........] - ETA: 4:19 - loss: 0.0219 - accuracy: 0.9949 94/126 [=====================>........] - ETA: 4:11 - loss: 0.0218 - accuracy: 0.9949 95/126 [=====================>........] - ETA: 4:03 - loss: 0.0218 - accuracy: 0.9949 96/126 [=====================>........] - ETA: 3:55 - loss: 0.0220 - accuracy: 0.9949 97/126 [======================>.......] - ETA: 3:48 - loss: 0.0218 - accuracy: 0.9949 98/126 [======================>.......] - ETA: 3:40 - loss: 0.0217 - accuracy: 0.9950 99/126 [======================>.......] - ETA: 3:32 - loss: 0.0216 - accuracy: 0.9950100/126 [======================>.......] - ETA: 3:24 - loss: 0.0217 - accuracy: 0.9950101/126 [=======================>......] - ETA: 3:16 - loss: 0.0217 - accuracy: 0.9950102/126 [=======================>......] - ETA: 3:08 - loss: 0.0216 - accuracy: 0.9950103/126 [=======================>......] - ETA: 3:00 - loss: 0.0215 - accuracy: 0.9951104/126 [=======================>......] - ETA: 2:52 - loss: 0.0215 - accuracy: 0.9951105/126 [========================>.....] - ETA: 2:45 - loss: 0.0216 - accuracy: 0.9951106/126 [========================>.....] - ETA: 2:37 - loss: 0.0215 - accuracy: 0.9951107/126 [========================>.....] - ETA: 2:29 - loss: 0.0214 - accuracy: 0.9952108/126 [========================>.....] - ETA: 2:21 - loss: 0.0214 - accuracy: 0.9951109/126 [========================>.....] - ETA: 2:13 - loss: 0.0213 - accuracy: 0.9952110/126 [=========================>....] - ETA: 2:05 - loss: 0.0213 - accuracy: 0.9952111/126 [=========================>....] - ETA: 1:57 - loss: 0.0212 - accuracy: 0.9952112/126 [=========================>....] - ETA: 1:49 - loss: 0.0211 - accuracy: 0.9952113/126 [=========================>....] - ETA: 1:42 - loss: 0.0211 - accuracy: 0.9953114/126 [==========================>...] - ETA: 1:34 - loss: 0.0214 - accuracy: 0.9951115/126 [==========================>...] - ETA: 1:26 - loss: 0.0215 - accuracy: 0.9951116/126 [==========================>...] - ETA: 1:18 - loss: 0.0214 - accuracy: 0.9951117/126 [==========================>...] - ETA: 1:10 - loss: 0.0213 - accuracy: 0.9952118/126 [===========================>..] - ETA: 1:02 - loss: 0.0213 - accuracy: 0.9951119/126 [===========================>..] - ETA: 54s - loss: 0.0214 - accuracy: 0.9951 120/126 [===========================>..] - ETA: 47s - loss: 0.0214 - accuracy: 0.9950121/126 [===========================>..] - ETA: 39s - loss: 0.0218 - accuracy: 0.9950122/126 [============================>.] - ETA: 31s - loss: 0.0219 - accuracy: 0.9949123/126 [============================>.] - ETA: 23s - loss: 0.0222 - accuracy: 0.9948124/126 [============================>.] - ETA: 15s - loss: 0.0222 - accuracy: 0.9948125/126 [============================>.] - ETA: 7s - loss: 0.0222 - accuracy: 0.9949 126/126 [==============================] - ETA: 0s - loss: 0.0221 - accuracy: 0.9949
Epoch 00027: val_loss did not improve from 0.68173
126/126 [==============================] - 1044s 8s/step - loss: 0.0221 - accuracy: 0.9949 - val_loss: 0.6854 - val_accuracy: 0.5981
Epoch 28/30
  1/126 [..............................] - ETA: 20:41 - loss: 0.0067 - accuracy: 1.0000  2/126 [..............................] - ETA: 15:19 - loss: 0.0200 - accuracy: 0.9922  3/126 [..............................] - ETA: 15:39 - loss: 0.0249 - accuracy: 0.9870  4/126 [..............................] - ETA: 15:30 - loss: 0.0287 - accuracy: 0.9844  5/126 [>.............................] - ETA: 15:27 - loss: 0.0266 - accuracy: 0.9875  6/126 [>.............................] - ETA: 15:14 - loss: 0.0264 - accuracy: 0.9883  7/126 [>.............................] - ETA: 15:09 - loss: 0.0239 - accuracy: 0.9900  8/126 [>.............................] - ETA: 15:01 - loss: 0.0264 - accuracy: 0.9893  9/126 [=>............................] - ETA: 14:55 - loss: 0.0268 - accuracy: 0.9887 10/126 [=>............................] - ETA: 14:48 - loss: 0.0272 - accuracy: 0.9891 11/126 [=>............................] - ETA: 14:41 - loss: 0.0260 - accuracy: 0.9901 12/126 [=>............................] - ETA: 14:34 - loss: 0.0250 - accuracy: 0.9909 13/126 [==>...........................] - ETA: 14:27 - loss: 0.0238 - accuracy: 0.9916 14/126 [==>...........................] - ETA: 14:21 - loss: 0.0235 - accuracy: 0.9916 15/126 [==>...........................] - ETA: 14:11 - loss: 0.0232 - accuracy: 0.9917 16/126 [==>...........................] - ETA: 14:02 - loss: 0.0234 - accuracy: 0.9917 17/126 [===>..........................] - ETA: 13:55 - loss: 0.0229 - accuracy: 0.9922 18/126 [===>..........................] - ETA: 13:45 - loss: 0.0227 - accuracy: 0.9922 19/126 [===>..........................] - ETA: 13:37 - loss: 0.0220 - accuracy: 0.9926 20/126 [===>..........................] - ETA: 13:30 - loss: 0.0218 - accuracy: 0.9926 21/126 [====>.........................] - ETA: 13:23 - loss: 0.0215 - accuracy: 0.9929 22/126 [====>.........................] - ETA: 13:16 - loss: 0.0212 - accuracy: 0.9933 23/126 [====>.........................] - ETA: 13:09 - loss: 0.0209 - accuracy: 0.9935 24/126 [====>.........................] - ETA: 13:02 - loss: 0.0205 - accuracy: 0.9938 25/126 [====>.........................] - ETA: 13:00 - loss: 0.0200 - accuracy: 0.9941 26/126 [=====>........................] - ETA: 12:51 - loss: 0.0195 - accuracy: 0.9943 27/126 [=====>........................] - ETA: 12:42 - loss: 0.0198 - accuracy: 0.9942 28/126 [=====>........................] - ETA: 12:33 - loss: 0.0204 - accuracy: 0.9941 29/126 [=====>........................] - ETA: 12:25 - loss: 0.0200 - accuracy: 0.9943 30/126 [======>.......................] - ETA: 12:17 - loss: 0.0198 - accuracy: 0.9945 31/126 [======>.......................] - ETA: 12:09 - loss: 0.0202 - accuracy: 0.9945 32/126 [======>.......................] - ETA: 12:02 - loss: 0.0199 - accuracy: 0.9946 33/126 [======>.......................] - ETA: 11:54 - loss: 0.0195 - accuracy: 0.9948 34/126 [=======>......................] - ETA: 11:45 - loss: 0.0204 - accuracy: 0.9945 35/126 [=======>......................] - ETA: 11:37 - loss: 0.0201 - accuracy: 0.9946 36/126 [=======>......................] - ETA: 11:29 - loss: 0.0212 - accuracy: 0.9946 37/126 [=======>......................] - ETA: 11:22 - loss: 0.0210 - accuracy: 0.9947 38/126 [========>.....................] - ETA: 11:15 - loss: 0.0219 - accuracy: 0.9944 39/126 [========>.....................] - ETA: 11:07 - loss: 0.0217 - accuracy: 0.9946 40/126 [========>.....................] - ETA: 10:59 - loss: 0.0215 - accuracy: 0.9947 41/126 [========>.....................] - ETA: 10:52 - loss: 0.0217 - accuracy: 0.9947 42/126 [=========>....................] - ETA: 10:44 - loss: 0.0231 - accuracy: 0.9944 43/126 [=========>....................] - ETA: 10:37 - loss: 0.0230 - accuracy: 0.9944 44/126 [=========>....................] - ETA: 10:29 - loss: 0.0227 - accuracy: 0.9945 45/126 [=========>....................] - ETA: 10:22 - loss: 0.0224 - accuracy: 0.9946 46/126 [=========>....................] - ETA: 10:14 - loss: 0.0223 - accuracy: 0.9946 47/126 [==========>...................] - ETA: 10:06 - loss: 0.0222 - accuracy: 0.9945 48/126 [==========>...................] - ETA: 9:59 - loss: 0.0220 - accuracy: 0.9946  49/126 [==========>...................] - ETA: 9:52 - loss: 0.0218 - accuracy: 0.9947 50/126 [==========>...................] - ETA: 9:45 - loss: 0.0218 - accuracy: 0.9947 51/126 [===========>..................] - ETA: 9:37 - loss: 0.0217 - accuracy: 0.9948 52/126 [===========>..................] - ETA: 9:30 - loss: 0.0221 - accuracy: 0.9946 53/126 [===========>..................] - ETA: 9:22 - loss: 0.0219 - accuracy: 0.9947 54/126 [===========>..................] - ETA: 9:15 - loss: 0.0218 - accuracy: 0.9946 55/126 [============>.................] - ETA: 9:07 - loss: 0.0217 - accuracy: 0.9946 56/126 [============>.................] - ETA: 9:00 - loss: 0.0216 - accuracy: 0.9947 57/126 [============>.................] - ETA: 8:52 - loss: 0.0214 - accuracy: 0.9948 58/126 [============>.................] - ETA: 8:45 - loss: 0.0213 - accuracy: 0.9949 59/126 [=============>................] - ETA: 8:37 - loss: 0.0211 - accuracy: 0.9950 60/126 [=============>................] - ETA: 8:30 - loss: 0.0209 - accuracy: 0.9951 61/126 [=============>................] - ETA: 8:22 - loss: 0.0207 - accuracy: 0.9951 62/126 [=============>................] - ETA: 8:14 - loss: 0.0207 - accuracy: 0.9951 63/126 [==============>...............] - ETA: 8:07 - loss: 0.0206 - accuracy: 0.9952 64/126 [==============>...............] - ETA: 7:59 - loss: 0.0207 - accuracy: 0.9951 65/126 [==============>...............] - ETA: 7:51 - loss: 0.0205 - accuracy: 0.9952 66/126 [==============>...............] - ETA: 7:44 - loss: 0.0208 - accuracy: 0.9951 67/126 [==============>...............] - ETA: 7:36 - loss: 0.0206 - accuracy: 0.9952 68/126 [===============>..............] - ETA: 7:28 - loss: 0.0204 - accuracy: 0.9953 69/126 [===============>..............] - ETA: 7:21 - loss: 0.0203 - accuracy: 0.9952 70/126 [===============>..............] - ETA: 7:13 - loss: 0.0202 - accuracy: 0.9953 71/126 [===============>..............] - ETA: 7:06 - loss: 0.0203 - accuracy: 0.9952 72/126 [================>.............] - ETA: 6:58 - loss: 0.0201 - accuracy: 0.9952 73/126 [================>.............] - ETA: 6:51 - loss: 0.0205 - accuracy: 0.9950 74/126 [================>.............] - ETA: 6:43 - loss: 0.0206 - accuracy: 0.9949 75/126 [================>.............] - ETA: 6:35 - loss: 0.0213 - accuracy: 0.9947 76/126 [=================>............] - ETA: 6:28 - loss: 0.0211 - accuracy: 0.9948 77/126 [=================>............] - ETA: 6:20 - loss: 0.0210 - accuracy: 0.9947 78/126 [=================>............] - ETA: 6:12 - loss: 0.0210 - accuracy: 0.9947 79/126 [=================>............] - ETA: 6:04 - loss: 0.0210 - accuracy: 0.9947 80/126 [==================>...........] - ETA: 5:55 - loss: 0.0209 - accuracy: 0.9947 81/126 [==================>...........] - ETA: 5:48 - loss: 0.0207 - accuracy: 0.9948 82/126 [==================>...........] - ETA: 5:40 - loss: 0.0206 - accuracy: 0.9948 83/126 [==================>...........] - ETA: 5:32 - loss: 0.0207 - accuracy: 0.9948 84/126 [===================>..........] - ETA: 5:25 - loss: 0.0206 - accuracy: 0.9949 85/126 [===================>..........] - ETA: 5:17 - loss: 0.0207 - accuracy: 0.9948 86/126 [===================>..........] - ETA: 5:09 - loss: 0.0210 - accuracy: 0.9947 87/126 [===================>..........] - ETA: 5:02 - loss: 0.0211 - accuracy: 0.9947 88/126 [===================>..........] - ETA: 4:54 - loss: 0.0210 - accuracy: 0.9947 89/126 [====================>.........] - ETA: 4:46 - loss: 0.0209 - accuracy: 0.9948 90/126 [====================>.........] - ETA: 4:39 - loss: 0.0211 - accuracy: 0.9948 91/126 [====================>.........] - ETA: 4:31 - loss: 0.0211 - accuracy: 0.9947 92/126 [====================>.........] - ETA: 4:23 - loss: 0.0212 - accuracy: 0.9947 93/126 [=====================>........] - ETA: 4:15 - loss: 0.0211 - accuracy: 0.9947 94/126 [=====================>........] - ETA: 4:08 - loss: 0.0211 - accuracy: 0.9947 95/126 [=====================>........] - ETA: 4:00 - loss: 0.0209 - accuracy: 0.9948 96/126 [=====================>........] - ETA: 3:52 - loss: 0.0208 - accuracy: 0.9949 97/126 [======================>.......] - ETA: 3:45 - loss: 0.0207 - accuracy: 0.9949 98/126 [======================>.......] - ETA: 3:37 - loss: 0.0206 - accuracy: 0.9950 99/126 [======================>.......] - ETA: 3:29 - loss: 0.0211 - accuracy: 0.9948100/126 [======================>.......] - ETA: 3:22 - loss: 0.0211 - accuracy: 0.9948101/126 [=======================>......] - ETA: 3:14 - loss: 0.0211 - accuracy: 0.9947102/126 [=======================>......] - ETA: 3:06 - loss: 0.0212 - accuracy: 0.9947103/126 [=======================>......] - ETA: 2:58 - loss: 0.0211 - accuracy: 0.9947104/126 [=======================>......] - ETA: 2:51 - loss: 0.0210 - accuracy: 0.9947105/126 [========================>.....] - ETA: 2:43 - loss: 0.0212 - accuracy: 0.9946106/126 [========================>.....] - ETA: 2:35 - loss: 0.0212 - accuracy: 0.9947107/126 [========================>.....] - ETA: 2:27 - loss: 0.0212 - accuracy: 0.9947108/126 [========================>.....] - ETA: 2:20 - loss: 0.0215 - accuracy: 0.9945109/126 [========================>.....] - ETA: 2:12 - loss: 0.0213 - accuracy: 0.9945110/126 [=========================>....] - ETA: 2:04 - loss: 0.0214 - accuracy: 0.9945111/126 [=========================>....] - ETA: 1:56 - loss: 0.0214 - accuracy: 0.9945112/126 [=========================>....] - ETA: 1:49 - loss: 0.0214 - accuracy: 0.9945113/126 [=========================>....] - ETA: 1:41 - loss: 0.0213 - accuracy: 0.9945114/126 [==========================>...] - ETA: 1:33 - loss: 0.0213 - accuracy: 0.9946115/126 [==========================>...] - ETA: 1:25 - loss: 0.0212 - accuracy: 0.9946116/126 [==========================>...] - ETA: 1:17 - loss: 0.0213 - accuracy: 0.9945117/126 [==========================>...] - ETA: 1:10 - loss: 0.0212 - accuracy: 0.9946118/126 [===========================>..] - ETA: 1:02 - loss: 0.0211 - accuracy: 0.9946119/126 [===========================>..] - ETA: 54s - loss: 0.0212 - accuracy: 0.9946 120/126 [===========================>..] - ETA: 46s - loss: 0.0212 - accuracy: 0.9945121/126 [===========================>..] - ETA: 38s - loss: 0.0212 - accuracy: 0.9946122/126 [============================>.] - ETA: 31s - loss: 0.0211 - accuracy: 0.9945123/126 [============================>.] - ETA: 23s - loss: 0.0210 - accuracy: 0.9946124/126 [============================>.] - ETA: 15s - loss: 0.0211 - accuracy: 0.9946125/126 [============================>.] - ETA: 7s - loss: 0.0210 - accuracy: 0.9947 126/126 [==============================] - ETA: 0s - loss: 0.0210 - accuracy: 0.9947
Epoch 00028: val_loss improved from 0.68173 to 0.68155, saving model to NASNetMobile_checkpoint_best_0.6815.h5
126/126 [==============================] - 1039s 8s/step - loss: 0.0210 - accuracy: 0.9947 - val_loss: 0.6815 - val_accuracy: 0.5981
Epoch 29/30
  1/126 [..............................] - ETA: 19:23 - loss: 0.0101 - accuracy: 1.0000  2/126 [..............................] - ETA: 15:55 - loss: 0.0166 - accuracy: 0.9961  3/126 [..............................] - ETA: 16:01 - loss: 0.0144 - accuracy: 0.9974  4/126 [..............................] - ETA: 15:56 - loss: 0.0141 - accuracy: 0.9980  5/126 [>.............................] - ETA: 15:52 - loss: 0.0142 - accuracy: 0.9984  6/126 [>.............................] - ETA: 15:41 - loss: 0.0137 - accuracy: 0.9987  7/126 [>.............................] - ETA: 14:46 - loss: 0.0142 - accuracy: 0.9988  8/126 [>.............................] - ETA: 14:49 - loss: 0.0153 - accuracy: 0.9980  9/126 [=>............................] - ETA: 14:49 - loss: 0.0150 - accuracy: 0.9982 10/126 [=>............................] - ETA: 14:45 - loss: 0.0143 - accuracy: 0.9984 11/126 [=>............................] - ETA: 14:37 - loss: 0.0138 - accuracy: 0.9985 12/126 [=>............................] - ETA: 14:32 - loss: 0.0153 - accuracy: 0.9980 13/126 [==>...........................] - ETA: 14:32 - loss: 0.0153 - accuracy: 0.9975 14/126 [==>...........................] - ETA: 14:26 - loss: 0.0150 - accuracy: 0.9977 15/126 [==>...........................] - ETA: 14:19 - loss: 0.0149 - accuracy: 0.9979 16/126 [==>...........................] - ETA: 14:10 - loss: 0.0151 - accuracy: 0.9975 17/126 [===>..........................] - ETA: 14:03 - loss: 0.0146 - accuracy: 0.9977 18/126 [===>..........................] - ETA: 13:47 - loss: 0.0151 - accuracy: 0.9969 19/126 [===>..........................] - ETA: 13:33 - loss: 0.0156 - accuracy: 0.9967 20/126 [===>..........................] - ETA: 13:21 - loss: 0.0159 - accuracy: 0.9964 21/126 [====>.........................] - ETA: 13:08 - loss: 0.0178 - accuracy: 0.9962 22/126 [====>.........................] - ETA: 12:55 - loss: 0.0178 - accuracy: 0.9960 23/126 [====>.........................] - ETA: 12:41 - loss: 0.0181 - accuracy: 0.9959 24/126 [====>.........................] - ETA: 12:29 - loss: 0.0178 - accuracy: 0.9960 25/126 [====>.........................] - ETA: 12:18 - loss: 0.0174 - accuracy: 0.9962 26/126 [=====>........................] - ETA: 12:08 - loss: 0.0175 - accuracy: 0.9961 27/126 [=====>........................] - ETA: 12:47 - loss: 0.0173 - accuracy: 0.9962 28/126 [=====>........................] - ETA: 12:37 - loss: 0.0189 - accuracy: 0.9961 29/126 [=====>........................] - ETA: 12:26 - loss: 0.0200 - accuracy: 0.9959 30/126 [======>.......................] - ETA: 12:14 - loss: 0.0200 - accuracy: 0.9958 31/126 [======>.......................] - ETA: 12:03 - loss: 0.0195 - accuracy: 0.9959 32/126 [======>.......................] - ETA: 11:54 - loss: 0.0211 - accuracy: 0.9958 33/126 [======>.......................] - ETA: 11:44 - loss: 0.0209 - accuracy: 0.9957 34/126 [=======>......................] - ETA: 11:34 - loss: 0.0206 - accuracy: 0.9958 35/126 [=======>......................] - ETA: 11:25 - loss: 0.0205 - accuracy: 0.9957 36/126 [=======>......................] - ETA: 11:20 - loss: 0.0211 - accuracy: 0.9954 37/126 [=======>......................] - ETA: 11:14 - loss: 0.0209 - accuracy: 0.9955 38/126 [========>.....................] - ETA: 11:04 - loss: 0.0206 - accuracy: 0.9957 39/126 [========>.....................] - ETA: 10:54 - loss: 0.0205 - accuracy: 0.9958 40/126 [========>.....................] - ETA: 10:45 - loss: 0.0203 - accuracy: 0.9959 41/126 [========>.....................] - ETA: 10:36 - loss: 0.0200 - accuracy: 0.9960 42/126 [=========>....................] - ETA: 10:26 - loss: 0.0201 - accuracy: 0.9959 43/126 [=========>....................] - ETA: 10:17 - loss: 0.0202 - accuracy: 0.9958 44/126 [=========>....................] - ETA: 10:16 - loss: 0.0202 - accuracy: 0.9957 45/126 [=========>....................] - ETA: 10:07 - loss: 0.0199 - accuracy: 0.9958 46/126 [=========>....................] - ETA: 9:57 - loss: 0.0199 - accuracy: 0.9957  47/126 [==========>...................] - ETA: 9:48 - loss: 0.0199 - accuracy: 0.9955 48/126 [==========>...................] - ETA: 9:47 - loss: 0.0203 - accuracy: 0.9954 49/126 [==========>...................] - ETA: 9:38 - loss: 0.0200 - accuracy: 0.9955 50/126 [==========>...................] - ETA: 9:33 - loss: 0.0199 - accuracy: 0.9956 51/126 [===========>..................] - ETA: 9:25 - loss: 0.0207 - accuracy: 0.9954 52/126 [===========>..................] - ETA: 9:17 - loss: 0.0207 - accuracy: 0.9955 53/126 [===========>..................] - ETA: 9:09 - loss: 0.0205 - accuracy: 0.9956 54/126 [===========>..................] - ETA: 9:00 - loss: 0.0204 - accuracy: 0.9956 55/126 [============>.................] - ETA: 8:51 - loss: 0.0202 - accuracy: 0.9957 56/126 [============>.................] - ETA: 8:44 - loss: 0.0200 - accuracy: 0.9958 57/126 [============>.................] - ETA: 8:38 - loss: 0.0199 - accuracy: 0.9959 58/126 [============>.................] - ETA: 8:30 - loss: 0.0198 - accuracy: 0.9958 59/126 [=============>................] - ETA: 8:23 - loss: 0.0197 - accuracy: 0.9959 60/126 [=============>................] - ETA: 8:15 - loss: 0.0196 - accuracy: 0.9959 61/126 [=============>................] - ETA: 8:07 - loss: 0.0200 - accuracy: 0.9959 62/126 [=============>................] - ETA: 7:58 - loss: 0.0198 - accuracy: 0.9959 63/126 [==============>...............] - ETA: 7:50 - loss: 0.0196 - accuracy: 0.9960 64/126 [==============>...............] - ETA: 7:42 - loss: 0.0195 - accuracy: 0.9960 65/126 [==============>...............] - ETA: 7:34 - loss: 0.0193 - accuracy: 0.9960 66/126 [==============>...............] - ETA: 7:28 - loss: 0.0192 - accuracy: 0.9961 67/126 [==============>...............] - ETA: 7:20 - loss: 0.0191 - accuracy: 0.9961 68/126 [===============>..............] - ETA: 7:12 - loss: 0.0189 - accuracy: 0.9962 69/126 [===============>..............] - ETA: 7:04 - loss: 0.0188 - accuracy: 0.9962 70/126 [===============>..............] - ETA: 7:01 - loss: 0.0187 - accuracy: 0.9963 71/126 [===============>..............] - ETA: 6:54 - loss: 0.0191 - accuracy: 0.9961 72/126 [================>.............] - ETA: 6:46 - loss: 0.0190 - accuracy: 0.9962 73/126 [================>.............] - ETA: 6:38 - loss: 0.0190 - accuracy: 0.9961 74/126 [================>.............] - ETA: 6:30 - loss: 0.0191 - accuracy: 0.9961 75/126 [================>.............] - ETA: 6:22 - loss: 0.0190 - accuracy: 0.9960 76/126 [=================>............] - ETA: 6:15 - loss: 0.0192 - accuracy: 0.9959 77/126 [=================>............] - ETA: 6:21 - loss: 0.0192 - accuracy: 0.9959 78/126 [=================>............] - ETA: 6:13 - loss: 0.0191 - accuracy: 0.9959 79/126 [=================>............] - ETA: 6:05 - loss: 0.0189 - accuracy: 0.9959 80/126 [==================>...........] - ETA: 5:58 - loss: 0.0188 - accuracy: 0.9960 81/126 [==================>...........] - ETA: 5:49 - loss: 0.0187 - accuracy: 0.9960 82/126 [==================>...........] - ETA: 5:42 - loss: 0.0186 - accuracy: 0.9960 83/126 [==================>...........] - ETA: 5:34 - loss: 0.0186 - accuracy: 0.9960 84/126 [===================>..........] - ETA: 5:26 - loss: 0.0185 - accuracy: 0.9961 85/126 [===================>..........] - ETA: 5:18 - loss: 0.0186 - accuracy: 0.9960 86/126 [===================>..........] - ETA: 5:10 - loss: 0.0184 - accuracy: 0.9961 87/126 [===================>..........] - ETA: 5:03 - loss: 0.0183 - accuracy: 0.9961 88/126 [===================>..........] - ETA: 4:55 - loss: 0.0182 - accuracy: 0.9962 89/126 [====================>.........] - ETA: 4:47 - loss: 0.0181 - accuracy: 0.9962 90/126 [====================>.........] - ETA: 4:39 - loss: 0.0180 - accuracy: 0.9963 91/126 [====================>.........] - ETA: 4:32 - loss: 0.0181 - accuracy: 0.9962 92/126 [====================>.........] - ETA: 4:24 - loss: 0.0180 - accuracy: 0.9963 93/126 [=====================>........] - ETA: 4:16 - loss: 0.0180 - accuracy: 0.9963 94/126 [=====================>........] - ETA: 4:09 - loss: 0.0178 - accuracy: 0.9963 95/126 [=====================>........] - ETA: 4:01 - loss: 0.0181 - accuracy: 0.9962 96/126 [=====================>........] - ETA: 3:53 - loss: 0.0184 - accuracy: 0.9960 97/126 [======================>.......] - ETA: 3:45 - loss: 0.0184 - accuracy: 0.9960 98/126 [======================>.......] - ETA: 3:37 - loss: 0.0183 - accuracy: 0.9960 99/126 [======================>.......] - ETA: 3:30 - loss: 0.0182 - accuracy: 0.9960100/126 [======================>.......] - ETA: 3:22 - loss: 0.0181 - accuracy: 0.9961101/126 [=======================>......] - ETA: 3:14 - loss: 0.0180 - accuracy: 0.9961102/126 [=======================>......] - ETA: 3:06 - loss: 0.0179 - accuracy: 0.9962103/126 [=======================>......] - ETA: 2:58 - loss: 0.0183 - accuracy: 0.9960104/126 [=======================>......] - ETA: 2:51 - loss: 0.0182 - accuracy: 0.9961105/126 [========================>.....] - ETA: 2:43 - loss: 0.0181 - accuracy: 0.9961106/126 [========================>.....] - ETA: 2:35 - loss: 0.0184 - accuracy: 0.9961107/126 [========================>.....] - ETA: 2:27 - loss: 0.0184 - accuracy: 0.9960108/126 [========================>.....] - ETA: 2:19 - loss: 0.0183 - accuracy: 0.9961109/126 [========================>.....] - ETA: 2:12 - loss: 0.0184 - accuracy: 0.9960110/126 [=========================>....] - ETA: 2:04 - loss: 0.0183 - accuracy: 0.9961111/126 [=========================>....] - ETA: 1:56 - loss: 0.0182 - accuracy: 0.9961112/126 [=========================>....] - ETA: 1:48 - loss: 0.0181 - accuracy: 0.9962113/126 [=========================>....] - ETA: 1:41 - loss: 0.0182 - accuracy: 0.9961114/126 [==========================>...] - ETA: 1:33 - loss: 0.0181 - accuracy: 0.9962115/126 [==========================>...] - ETA: 1:25 - loss: 0.0181 - accuracy: 0.9962116/126 [==========================>...] - ETA: 1:17 - loss: 0.0181 - accuracy: 0.9961117/126 [==========================>...] - ETA: 1:09 - loss: 0.0180 - accuracy: 0.9961118/126 [===========================>..] - ETA: 1:02 - loss: 0.0181 - accuracy: 0.9960119/126 [===========================>..] - ETA: 54s - loss: 0.0181 - accuracy: 0.9960 120/126 [===========================>..] - ETA: 46s - loss: 0.0181 - accuracy: 0.9960121/126 [===========================>..] - ETA: 38s - loss: 0.0180 - accuracy: 0.9961122/126 [============================>.] - ETA: 31s - loss: 0.0180 - accuracy: 0.9961123/126 [============================>.] - ETA: 23s - loss: 0.0180 - accuracy: 0.9961124/126 [============================>.] - ETA: 15s - loss: 0.0179 - accuracy: 0.9961125/126 [============================>.] - ETA: 7s - loss: 0.0182 - accuracy: 0.9961 126/126 [==============================] - ETA: 0s - loss: 0.0183 - accuracy: 0.9960
Epoch 00029: val_loss did not improve from 0.68155
126/126 [==============================] - 1032s 8s/step - loss: 0.0183 - accuracy: 0.9960 - val_loss: 0.6816 - val_accuracy: 0.5981
Epoch 30/30
  1/126 [..............................] - ETA: 21:05 - loss: 0.0145 - accuracy: 1.0000  2/126 [..............................] - ETA: 15:58 - loss: 0.0144 - accuracy: 1.0000  3/126 [..............................] - ETA: 15:47 - loss: 0.0170 - accuracy: 0.9974  4/126 [..............................] - ETA: 15:46 - loss: 0.0174 - accuracy: 0.9961  5/126 [>.............................] - ETA: 15:33 - loss: 0.0172 - accuracy: 0.9953  6/126 [>.............................] - ETA: 15:19 - loss: 0.0161 - accuracy: 0.9961  7/126 [>.............................] - ETA: 15:15 - loss: 0.0146 - accuracy: 0.9967  8/126 [>.............................] - ETA: 15:08 - loss: 0.0138 - accuracy: 0.9971  9/126 [=>............................] - ETA: 15:03 - loss: 0.0144 - accuracy: 0.9965 10/126 [=>............................] - ETA: 15:18 - loss: 0.0147 - accuracy: 0.9961 11/126 [=>............................] - ETA: 15:10 - loss: 0.0148 - accuracy: 0.9964 12/126 [=>............................] - ETA: 15:00 - loss: 0.0142 - accuracy: 0.9967 13/126 [==>...........................] - ETA: 14:53 - loss: 0.0139 - accuracy: 0.9970 14/126 [==>...........................] - ETA: 14:45 - loss: 0.0140 - accuracy: 0.9972 15/126 [==>...........................] - ETA: 14:15 - loss: 0.0143 - accuracy: 0.9968 16/126 [==>...........................] - ETA: 14:06 - loss: 0.0145 - accuracy: 0.9965 17/126 [===>..........................] - ETA: 14:00 - loss: 0.0141 - accuracy: 0.9967 18/126 [===>..........................] - ETA: 13:53 - loss: 0.0160 - accuracy: 0.9965 19/126 [===>..........................] - ETA: 13:45 - loss: 0.0168 - accuracy: 0.9962 20/126 [===>..........................] - ETA: 13:37 - loss: 0.0172 - accuracy: 0.9956 21/126 [====>.........................] - ETA: 13:31 - loss: 0.0166 - accuracy: 0.9959 22/126 [====>.........................] - ETA: 13:23 - loss: 0.0171 - accuracy: 0.9957 23/126 [====>.........................] - ETA: 13:16 - loss: 0.0195 - accuracy: 0.9948 24/126 [====>.........................] - ETA: 13:08 - loss: 0.0197 - accuracy: 0.9944 25/126 [====>.........................] - ETA: 13:01 - loss: 0.0192 - accuracy: 0.9946 26/126 [=====>........................] - ETA: 12:53 - loss: 0.0187 - accuracy: 0.9948 27/126 [=====>........................] - ETA: 12:44 - loss: 0.0185 - accuracy: 0.9950 28/126 [=====>........................] - ETA: 12:36 - loss: 0.0188 - accuracy: 0.9949 29/126 [=====>........................] - ETA: 12:28 - loss: 0.0186 - accuracy: 0.9951 30/126 [======>.......................] - ETA: 12:21 - loss: 0.0186 - accuracy: 0.9950 31/126 [======>.......................] - ETA: 12:13 - loss: 0.0185 - accuracy: 0.9947 32/126 [======>.......................] - ETA: 12:05 - loss: 0.0186 - accuracy: 0.9946 33/126 [======>.......................] - ETA: 11:58 - loss: 0.0185 - accuracy: 0.9947 34/126 [=======>......................] - ETA: 11:51 - loss: 0.0182 - accuracy: 0.9949 35/126 [=======>......................] - ETA: 11:43 - loss: 0.0180 - accuracy: 0.9950 36/126 [=======>......................] - ETA: 11:35 - loss: 0.0178 - accuracy: 0.9952 37/126 [=======>......................] - ETA: 11:27 - loss: 0.0188 - accuracy: 0.9949 38/126 [========>.....................] - ETA: 11:20 - loss: 0.0188 - accuracy: 0.9948 39/126 [========>.....................] - ETA: 11:12 - loss: 0.0187 - accuracy: 0.9950 40/126 [========>.....................] - ETA: 11:05 - loss: 0.0189 - accuracy: 0.9949 41/126 [========>.....................] - ETA: 10:57 - loss: 0.0187 - accuracy: 0.9950 42/126 [=========>....................] - ETA: 10:49 - loss: 0.0189 - accuracy: 0.9948 43/126 [=========>....................] - ETA: 10:42 - loss: 0.0189 - accuracy: 0.9947 44/126 [=========>....................] - ETA: 10:34 - loss: 0.0202 - accuracy: 0.9943 45/126 [=========>....................] - ETA: 10:26 - loss: 0.0200 - accuracy: 0.9944 46/126 [=========>....................] - ETA: 10:19 - loss: 0.0207 - accuracy: 0.9942 47/126 [==========>...................] - ETA: 10:12 - loss: 0.0205 - accuracy: 0.9943 48/126 [==========>...................] - ETA: 10:04 - loss: 0.0204 - accuracy: 0.9944 49/126 [==========>...................] - ETA: 9:57 - loss: 0.0208 - accuracy: 0.9942  50/126 [==========>...................] - ETA: 9:49 - loss: 0.0205 - accuracy: 0.9943 51/126 [===========>..................] - ETA: 9:42 - loss: 0.0212 - accuracy: 0.9941 52/126 [===========>..................] - ETA: 9:35 - loss: 0.0211 - accuracy: 0.9943 53/126 [===========>..................] - ETA: 9:27 - loss: 0.0209 - accuracy: 0.9944 54/126 [===========>..................] - ETA: 9:19 - loss: 0.0209 - accuracy: 0.9945 55/126 [============>.................] - ETA: 9:11 - loss: 0.0207 - accuracy: 0.9946 56/126 [============>.................] - ETA: 9:03 - loss: 0.0204 - accuracy: 0.9947 57/126 [============>.................] - ETA: 8:56 - loss: 0.0203 - accuracy: 0.9948 58/126 [============>.................] - ETA: 8:48 - loss: 0.0202 - accuracy: 0.9949 59/126 [=============>................] - ETA: 8:41 - loss: 0.0200 - accuracy: 0.9949 60/126 [=============>................] - ETA: 8:33 - loss: 0.0201 - accuracy: 0.9948 61/126 [=============>................] - ETA: 8:26 - loss: 0.0200 - accuracy: 0.9947 62/126 [=============>................] - ETA: 8:18 - loss: 0.0199 - accuracy: 0.9948 63/126 [==============>...............] - ETA: 8:10 - loss: 0.0197 - accuracy: 0.9949 64/126 [==============>...............] - ETA: 8:02 - loss: 0.0195 - accuracy: 0.9950 65/126 [==============>...............] - ETA: 7:55 - loss: 0.0194 - accuracy: 0.9951 66/126 [==============>...............] - ETA: 7:47 - loss: 0.0193 - accuracy: 0.9951 67/126 [==============>...............] - ETA: 7:39 - loss: 0.0191 - accuracy: 0.9952 68/126 [===============>..............] - ETA: 7:31 - loss: 0.0191 - accuracy: 0.9952 69/126 [===============>..............] - ETA: 7:23 - loss: 0.0190 - accuracy: 0.9952 70/126 [===============>..............] - ETA: 7:15 - loss: 0.0192 - accuracy: 0.9952 71/126 [===============>..............] - ETA: 7:08 - loss: 0.0191 - accuracy: 0.9951 72/126 [================>.............] - ETA: 7:00 - loss: 0.0195 - accuracy: 0.9950 73/126 [================>.............] - ETA: 6:52 - loss: 0.0193 - accuracy: 0.9951 74/126 [================>.............] - ETA: 6:44 - loss: 0.0192 - accuracy: 0.9951 75/126 [================>.............] - ETA: 6:36 - loss: 0.0193 - accuracy: 0.9951 76/126 [=================>............] - ETA: 6:29 - loss: 0.0192 - accuracy: 0.9952 77/126 [=================>............] - ETA: 6:21 - loss: 0.0193 - accuracy: 0.9951 78/126 [=================>............] - ETA: 6:13 - loss: 0.0193 - accuracy: 0.9951 79/126 [=================>............] - ETA: 6:05 - loss: 0.0192 - accuracy: 0.9951 80/126 [==================>...........] - ETA: 5:57 - loss: 0.0190 - accuracy: 0.9952 81/126 [==================>...........] - ETA: 5:49 - loss: 0.0189 - accuracy: 0.9953 82/126 [==================>...........] - ETA: 5:42 - loss: 0.0189 - accuracy: 0.9952 83/126 [==================>...........] - ETA: 5:34 - loss: 0.0188 - accuracy: 0.9953 84/126 [===================>..........] - ETA: 5:26 - loss: 0.0187 - accuracy: 0.9953 85/126 [===================>..........] - ETA: 5:18 - loss: 0.0186 - accuracy: 0.9954 86/126 [===================>..........] - ETA: 5:11 - loss: 0.0187 - accuracy: 0.9954 87/126 [===================>..........] - ETA: 5:03 - loss: 0.0186 - accuracy: 0.9954 88/126 [===================>..........] - ETA: 4:55 - loss: 0.0185 - accuracy: 0.9954 89/126 [====================>.........] - ETA: 4:48 - loss: 0.0185 - accuracy: 0.9953 90/126 [====================>.........] - ETA: 4:40 - loss: 0.0184 - accuracy: 0.9954 91/126 [====================>.........] - ETA: 4:32 - loss: 0.0185 - accuracy: 0.9953 92/126 [====================>.........] - ETA: 4:25 - loss: 0.0184 - accuracy: 0.9952 93/126 [=====================>........] - ETA: 4:17 - loss: 0.0183 - accuracy: 0.9953 94/126 [=====================>........] - ETA: 4:09 - loss: 0.0184 - accuracy: 0.9952 95/126 [=====================>........] - ETA: 4:01 - loss: 0.0188 - accuracy: 0.9952 96/126 [=====================>........] - ETA: 3:54 - loss: 0.0187 - accuracy: 0.9953 97/126 [======================>.......] - ETA: 3:46 - loss: 0.0186 - accuracy: 0.9953 98/126 [======================>.......] - ETA: 3:38 - loss: 0.0185 - accuracy: 0.9954 99/126 [======================>.......] - ETA: 3:30 - loss: 0.0184 - accuracy: 0.9954100/126 [======================>.......] - ETA: 3:23 - loss: 0.0184 - accuracy: 0.9955101/126 [=======================>......] - ETA: 3:15 - loss: 0.0186 - accuracy: 0.9954102/126 [=======================>......] - ETA: 3:07 - loss: 0.0186 - accuracy: 0.9954103/126 [=======================>......] - ETA: 2:59 - loss: 0.0185 - accuracy: 0.9954104/126 [=======================>......] - ETA: 2:52 - loss: 0.0187 - accuracy: 0.9953105/126 [========================>.....] - ETA: 2:44 - loss: 0.0186 - accuracy: 0.9954106/126 [========================>.....] - ETA: 2:36 - loss: 0.0185 - accuracy: 0.9954107/126 [========================>.....] - ETA: 2:28 - loss: 0.0184 - accuracy: 0.9955108/126 [========================>.....] - ETA: 2:20 - loss: 0.0183 - accuracy: 0.9955109/126 [========================>.....] - ETA: 2:13 - loss: 0.0185 - accuracy: 0.9953110/126 [=========================>....] - ETA: 2:05 - loss: 0.0184 - accuracy: 0.9954111/126 [=========================>....] - ETA: 1:57 - loss: 0.0183 - accuracy: 0.9954112/126 [=========================>....] - ETA: 1:49 - loss: 0.0185 - accuracy: 0.9953113/126 [=========================>....] - ETA: 1:41 - loss: 0.0184 - accuracy: 0.9954114/126 [==========================>...] - ETA: 1:34 - loss: 0.0183 - accuracy: 0.9954115/126 [==========================>...] - ETA: 1:26 - loss: 0.0183 - accuracy: 0.9954116/126 [==========================>...] - ETA: 1:18 - loss: 0.0182 - accuracy: 0.9955117/126 [==========================>...] - ETA: 1:10 - loss: 0.0181 - accuracy: 0.9954118/126 [===========================>..] - ETA: 1:02 - loss: 0.0180 - accuracy: 0.9955119/126 [===========================>..] - ETA: 54s - loss: 0.0180 - accuracy: 0.9955 120/126 [===========================>..] - ETA: 47s - loss: 0.0180 - accuracy: 0.9956121/126 [===========================>..] - ETA: 39s - loss: 0.0185 - accuracy: 0.9955122/126 [============================>.] - ETA: 31s - loss: 0.0184 - accuracy: 0.9955123/126 [============================>.] - ETA: 23s - loss: 0.0183 - accuracy: 0.9955124/126 [============================>.] - ETA: 15s - loss: 0.0184 - accuracy: 0.9955125/126 [============================>.] - ETA: 7s - loss: 0.0185 - accuracy: 0.9954 126/126 [==============================] - ETA: 0s - loss: 0.0185 - accuracy: 0.9953
Epoch 00030: val_loss did not improve from 0.68155
126/126 [==============================] - 1040s 8s/step - loss: 0.0185 - accuracy: 0.9953 - val_loss: 0.6881 - val_accuracy: 0.5931
\The best validation loss so far
0.6815
[1, 1, 1, 1, 1, 1, 1, 1, 1, 1, 1, 1, 1, 1, 1, 1, 1, 1, 1, 1, 1, 1, 1, 1, 1, 1, 1, 1, 1, 1, 1, 1, 1, 1, 1, 1, 1, 1, 1, 1, 1, 1, 1, 1, 1, 1, 1, 1, 1, 1, 1, 1, 1, 1, 1, 1, 1, 1, 1, 1, 1, 1, 1, 1, 1, 1, 1, 1, 1, 1, 1, 1, 1, 1, 1, 1, 1, 1, 1, 1, 1, 1, 1, 1, 1, 1, 1, 1, 1, 1, 1, 1, 1, 1, 1, 1, 1, 1, 1, 1, 1, 1, 1, 1, 1, 1, 1, 1, 1, 1, 1, 1, 1, 1, 1, 1, 1, 1, 1, 1, 1, 1, 1, 1, 1, 1, 1, 1, 1, 1, 1, 1, 1, 1, 1, 1, 1, 1, 1, 1, 1, 1, 1, 1, 1, 1, 1, 1, 1, 1, 1, 1, 1, 1, 1, 1, 1, 1, 1, 1, 1, 1, 1, 1, 1, 1, 1, 1, 1, 1, 1, 1, 1, 1, 1, 1, 1, 1, 1, 1, 1, 1, 1, 1, 1, 1, 1, 1, 1, 1, 1, 1, 1, 1, 1, 1, 1, 1, 1, 1, 1, 1, 1, 1, 1, 1, 1, 1, 1, 1, 1, 1, 1, 1, 1, 1, 1, 1, 1, 1, 1, 1, 1, 1, 1, 1, 1, 1, 1, 1, 1, 1, 1, 1, 1, 1, 1, 1, 1, 1, 1, 1, 1, 1, 1, 1, 1, 1, 1, 1, 1, 1, 1, 1, 1, 1, 1, 1, 1, 1, 1, 1, 1, 1, 1, 1, 1, 1, 1, 1, 1, 1, 1, 1, 1, 1, 1, 1, 1, 1, 1, 1, 1, 1, 1, 1, 1, 1, 1, 1, 1, 1, 1, 1, 1, 1, 1, 1, 1, 1, 1, 1, 1, 1, 1, 1, 1, 1, 1, 1, 1, 1, 1, 1, 1, 1, 1, 1, 1, 1, 1, 1, 1, 1, 1, 1, 1, 1, 1, 1, 1, 1, 1, 1, 1, 1, 1, 1, 1, 1, 1, 1, 1, 1, 1, 1, 1, 1, 1, 1, 1, 1, 1, 1, 1, 1, 1, 1, 1, 1, 1, 1, 1, 1, 1, 1, 1, 1, 1, 1, 1, 1, 1, 1, 1, 1, 1, 1, 1, 1, 1, 1, 1, 1, 1, 1, 1, 1, 1, 1, 1, 1, 1, 1, 1, 1, 1, 1, 1, 1, 1, 1, 1, 1, 1, 1, 1, 1, 1, 1, 1, 1, 1, 1, 1, 1, 1, 1, 1, 1, 1, 1, 1, 1, 1, 1, 1, 1, 1, 1, 1, 1, 1, 1, 1, 1, 1, 1, 1, 1, 1, 1, 1, 1, 1, 1, 1, 1, 1, 1, 1, 1, 1, 1, 1, 1, 1, 1, 1, 1, 1, 1, 1, 1, 1, 1, 1, 1, 1, 1, 1, 1, 1, 1, 1, 1, 1, 1, 1, 1, 1, 1, 1, 1, 1, 1, 1, 1, 1, 1, 1, 1, 1, 1, 1, 1, 1, 1, 1, 1, 1, 1, 1, 1, 1, 1, 1, 1, 1, 1, 1, 1, 1, 1, 1, 1, 1, 1, 1, 1, 1, 1, 1, 1, 1, 1, 1, 1, 1, 1, 1, 1, 1, 1, 1, 1, 1, 1, 1, 1, 1, 1, 1, 1, 1, 1, 1, 1, 1, 1, 1, 1, 1, 1, 1, 1, 1, 1, 1, 1, 1, 1, 1, 1, 1, 1, 1, 1, 1, 1, 1, 1, 1, 1, 1, 1, 1, 1, 1, 1, 1, 1, 1, 1, 1, 1, 1, 1, 1, 1, 1, 1, 1, 1, 1, 1, 1, 1, 1, 1, 1, 1, 1, 1, 1, 1, 1, 1, 1, 1, 1, 1, 1, 1, 1, 1, 1, 1, 1, 1, 1, 1, 1, 1, 1, 1, 1, 1, 1, 1, 1, 1, 1, 1, 1, 1, 1, 1, 1, 1, 1, 1, 1, 1, 1, 1, 1, 1, 1, 1, 1, 1, 1, 1, 1, 1, 1, 1, 1, 1, 1, 1, 1, 1, 1, 1, 1, 1, 1, 1, 1, 1, 1, 1, 1, 1, 1, 1, 1, 1, 1, 1, 1, 1, 1, 1, 1, 1, 1, 1, 1, 1, 1, 1, 1, 1, 1, 1, 1, 1, 1, 1, 1, 1, 1, 1, 1, 1, 1, 1, 1, 1, 1, 1, 1, 1, 1, 1, 1, 1, 1, 1, 1, 1, 1, 1, 1, 1, 1, 1, 1, 1, 1, 1, 1, 1, 1, 1, 1, 1, 1, 1, 1, 1, 1, 1, 1, 1, 1, 1, 1, 1, 1, 1, 1, 1, 1, 1, 1, 1, 1, 1, 1, 1, 1, 1, 1, 1, 1, 1, 1, 1, 1, 1, 1, 1, 1, 1, 1, 1, 1, 1, 1, 1, 1, 1, 1, 1, 1, 1, 1, 1, 1, 1, 1, 1, 1, 1, 1, 1, 1, 1, 1, 1, 1, 1, 1, 1, 1, 1, 1, 1, 1, 1, 1, 1, 1, 1, 1, 1, 1, 1, 1, 1, 1, 1, 1, 1, 1, 1, 1, 1, 1, 1, 1, 1, 1, 1, 1, 1, 1, 1, 1, 1, 1, 1, 1, 1, 1, 1, 1, 1, 1, 1, 1, 1, 1, 1, 1, 1, 1, 1, 1, 1, 1, 1, 1, 1, 1, 1, 1, 1, 1, 1, 1, 1, 1, 1, 1, 1, 1, 1, 1, 1, 1, 1, 1, 1, 1, 1, 1, 1, 1, 1, 1, 1, 1, 1, 1, 1, 1, 1, 1, 1, 1, 1, 1, 1, 1, 1, 1, 1, 1, 1, 1, 1, 1, 1, 1, 1, 1, 1, 1, 1, 1, 1, 1, 1, 1, 1, 1, 1, 1, 1, 1, 1, 1, 1, 1, 1, 1, 1, 1, 1, 1, 1, 1, 1, 1, 1, 1, 1, 1, 1, 1, 1, 1, 1, 1, 1, 1, 1, 1, 1, 1, 1, 1, 1, 1, 1, 1, 1, 1, 1, 1, 1, 1, 1, 1, 1, 1, 1, 1, 1, 1, 1, 1, 1, 1, 1, 1, 1, 1, 1, 1, 1, 1, 1, 1, 1, 1, 1, 1, 1, 1, 1, 1, 1, 1, 1, 1, 1, 1, 1, 1, 1, 1, 1, 1, 1, 1, 1, 1, 1, 1, 1, 1, 1, 1, 1, 1, 1, 1, 1, 1, 1, 1, 1, 1, 1, 1, 1, 1, 1, 1, 1, 1, 1, 1, 1, 1, 1, 1, 1, 1, 1, 1, 1, 1, 1, 1, 1, 1, 1, 1, 1, 1, 1, 1, 1, 1, 1, 1, 1, 1, 1, 1, 1, 1, 1, 1, 1, 1, 1, 1, 1, 1, 1, 1, 1, 1, 1, 1, 1, 1, 1, 1, 1, 1, 1, 1, 1, 1, 1, 1, 1, 1, 1, 1, 1, 1, 1, 1, 1, 1, 1, 1, 1, 1, 1, 1, 1, 1, 1, 1, 1, 1, 1, 1, 1, 1, 1, 1, 1, 1]
[0 0 0 ... 1 1 1]
['stressed', 'stressed', 'stressed', 'stressed', 'stressed', 'stressed', 'stressed', 'stressed', 'stressed', 'stressed', 'stressed', 'stressed', 'stressed', 'stressed', 'stressed', 'stressed', 'stressed', 'stressed', 'stressed', 'stressed', 'stressed', 'stressed', 'stressed', 'stressed', 'stressed', 'stressed', 'stressed', 'stressed', 'stressed', 'stressed', 'stressed', 'stressed', 'stressed', 'stressed', 'stressed', 'stressed', 'stressed', 'stressed', 'stressed', 'stressed', 'stressed', 'stressed', 'stressed', 'stressed', 'stressed', 'stressed', 'stressed', 'stressed', 'stressed', 'stressed', 'stressed', 'stressed', 'stressed', 'stressed', 'stressed', 'stressed', 'stressed', 'stressed', 'stressed', 'stressed', 'stressed', 'stressed', 'stressed', 'stressed', 'stressed', 'stressed', 'stressed', 'stressed', 'stressed', 'stressed', 'stressed', 'stressed', 'stressed', 'stressed', 'stressed', 'stressed', 'stressed', 'stressed', 'stressed', 'stressed', 'stressed', 'stressed', 'stressed', 'stressed', 'stressed', 'stressed', 'stressed', 'stressed', 'stressed', 'stressed', 'stressed', 'stressed', 'stressed', 'stressed', 'stressed', 'stressed', 'stressed', 'stressed', 'stressed', 'stressed', 'stressed', 'stressed', 'stressed', 'stressed', 'stressed', 'stressed', 'stressed', 'stressed', 'stressed', 'stressed', 'stressed', 'stressed', 'stressed', 'stressed', 'stressed', 'stressed', 'stressed', 'stressed', 'stressed', 'stressed', 'stressed', 'stressed', 'stressed', 'stressed', 'stressed', 'stressed', 'stressed', 'stressed', 'stressed', 'stressed', 'stressed', 'stressed', 'stressed', 'stressed', 'stressed', 'stressed', 'stressed', 'stressed', 'stressed', 'stressed', 'stressed', 'stressed', 'stressed', 'stressed', 'stressed', 'stressed', 'stressed', 'stressed', 'stressed', 'stressed', 'stressed', 'stressed', 'stressed', 'stressed', 'stressed', 'stressed', 'stressed', 'stressed', 'stressed', 'stressed', 'stressed', 'stressed', 'stressed', 'stressed', 'stressed', 'stressed', 'stressed', 'stressed', 'stressed', 'stressed', 'stressed', 'stressed', 'stressed', 'stressed', 'stressed', 'stressed', 'stressed', 'stressed', 'stressed', 'stressed', 'stressed', 'stressed', 'stressed', 'stressed', 'stressed', 'stressed', 'stressed', 'stressed', 'stressed', 'stressed', 'stressed', 'stressed', 'stressed', 'stressed', 'stressed', 'stressed', 'stressed', 'stressed', 'stressed', 'stressed', 'stressed', 'stressed', 'stressed', 'stressed', 'stressed', 'stressed', 'stressed', 'stressed', 'stressed', 'stressed', 'stressed', 'stressed', 'stressed', 'stressed', 'stressed', 'stressed', 'stressed', 'stressed', 'stressed', 'stressed', 'stressed', 'stressed', 'stressed', 'stressed', 'stressed', 'stressed', 'stressed', 'stressed', 'stressed', 'stressed', 'stressed', 'stressed', 'stressed', 'stressed', 'stressed', 'stressed', 'stressed', 'stressed', 'stressed', 'stressed', 'stressed', 'stressed', 'stressed', 'stressed', 'stressed', 'stressed', 'stressed', 'stressed', 'stressed', 'stressed', 'stressed', 'stressed', 'stressed', 'stressed', 'stressed', 'stressed', 'stressed', 'stressed', 'stressed', 'stressed', 'stressed', 'stressed', 'stressed', 'stressed', 'stressed', 'stressed', 'stressed', 'stressed', 'stressed', 'stressed', 'stressed', 'stressed', 'stressed', 'stressed', 'stressed', 'stressed', 'stressed', 'stressed', 'stressed', 'stressed', 'stressed', 'stressed', 'stressed', 'stressed', 'stressed', 'stressed', 'stressed', 'stressed', 'stressed', 'stressed', 'stressed', 'stressed', 'stressed', 'stressed', 'stressed', 'stressed', 'stressed', 'stressed', 'stressed', 'stressed', 'stressed', 'stressed', 'stressed', 'stressed', 'stressed', 'stressed', 'stressed', 'stressed', 'stressed', 'stressed', 'stressed', 'stressed', 'stressed', 'stressed', 'stressed', 'stressed', 'stressed', 'stressed', 'stressed', 'stressed', 'stressed', 'stressed', 'stressed', 'stressed', 'stressed', 'stressed', 'stressed', 'stressed', 'stressed', 'stressed', 'stressed', 'stressed', 'stressed', 'stressed', 'stressed', 'stressed', 'stressed', 'stressed', 'stressed', 'stressed', 'stressed', 'stressed', 'stressed', 'stressed', 'stressed', 'stressed', 'stressed', 'stressed', 'stressed', 'stressed', 'stressed', 'stressed', 'stressed', 'stressed', 'stressed', 'stressed', 'stressed', 'stressed', 'stressed', 'stressed', 'stressed', 'stressed', 'stressed', 'stressed', 'stressed', 'stressed', 'stressed', 'stressed', 'stressed', 'stressed', 'stressed', 'stressed', 'stressed', 'stressed', 'stressed', 'stressed', 'stressed', 'stressed', 'stressed', 'stressed', 'stressed', 'stressed', 'stressed', 'stressed', 'stressed', 'stressed', 'stressed', 'stressed', 'stressed', 'stressed', 'stressed', 'stressed', 'stressed', 'stressed', 'stressed', 'stressed', 'stressed', 'stressed', 'stressed', 'stressed', 'stressed', 'stressed', 'stressed', 'stressed', 'stressed', 'stressed', 'stressed', 'stressed', 'stressed', 'stressed', 'stressed', 'stressed', 'stressed', 'stressed', 'stressed', 'stressed', 'stressed', 'stressed', 'stressed', 'stressed', 'stressed', 'stressed', 'stressed', 'stressed', 'stressed', 'stressed', 'stressed', 'stressed', 'stressed', 'stressed', 'stressed', 'stressed', 'stressed', 'stressed', 'stressed', 'stressed', 'stressed', 'stressed', 'stressed', 'stressed', 'stressed', 'stressed', 'stressed', 'stressed', 'stressed', 'stressed', 'stressed', 'stressed', 'stressed', 'stressed', 'stressed', 'stressed', 'stressed', 'stressed', 'stressed', 'stressed', 'stressed', 'stressed', 'stressed', 'stressed', 'stressed', 'stressed', 'stressed', 'stressed', 'stressed', 'stressed', 'stressed', 'stressed', 'stressed', 'stressed', 'stressed', 'stressed', 'stressed', 'stressed', 'stressed', 'stressed', 'stressed', 'stressed', 'stressed', 'stressed', 'stressed', 'stressed', 'stressed', 'stressed', 'stressed', 'stressed', 'stressed', 'stressed', 'stressed', 'stressed', 'stressed', 'stressed', 'stressed', 'stressed', 'stressed', 'stressed', 'stressed', 'stressed', 'stressed', 'stressed', 'stressed', 'stressed', 'stressed', 'stressed', 'stressed', 'stressed', 'stressed', 'stressed', 'stressed', 'stressed', 'stressed', 'stressed', 'stressed', 'stressed', 'stressed', 'stressed', 'stressed', 'stressed', 'stressed', 'stressed', 'stressed', 'stressed', 'stressed', 'stressed', 'stressed', 'stressed', 'stressed', 'stressed', 'stressed', 'stressed', 'stressed', 'stressed', 'stressed', 'stressed', 'stressed', 'stressed', 'stressed', 'stressed', 'stressed', 'stressed', 'stressed', 'stressed', 'stressed', 'stressed', 'stressed', 'stressed', 'stressed', 'stressed', 'stressed', 'stressed', 'stressed', 'stressed', 'stressed', 'stressed', 'stressed', 'stressed', 'stressed', 'stressed', 'stressed', 'stressed', 'stressed', 'stressed', 'stressed', 'stressed', 'stressed', 'stressed', 'stressed', 'stressed', 'stressed', 'stressed', 'stressed', 'stressed', 'stressed', 'stressed', 'stressed', 'stressed', 'stressed', 'stressed', 'stressed', 'stressed', 'stressed', 'stressed', 'stressed', 'stressed', 'stressed', 'stressed', 'stressed', 'stressed', 'stressed', 'stressed', 'stressed', 'stressed', 'stressed', 'stressed', 'stressed', 'stressed', 'stressed', 'stressed', 'stressed', 'stressed', 'stressed', 'stressed', 'stressed', 'stressed', 'stressed', 'stressed', 'stressed', 'stressed', 'stressed', 'stressed', 'stressed', 'stressed', 'stressed', 'stressed', 'stressed', 'stressed', 'stressed', 'stressed', 'stressed', 'stressed', 'stressed', 'stressed', 'stressed', 'stressed', 'stressed', 'stressed', 'stressed', 'stressed', 'stressed', 'stressed', 'stressed', 'stressed', 'stressed', 'stressed', 'stressed', 'stressed', 'stressed', 'stressed', 'stressed', 'stressed', 'stressed', 'stressed', 'stressed', 'stressed', 'stressed', 'stressed', 'stressed', 'stressed', 'stressed', 'stressed', 'stressed', 'stressed', 'stressed', 'stressed', 'stressed', 'stressed', 'stressed', 'stressed', 'stressed', 'stressed', 'stressed', 'stressed', 'stressed', 'stressed', 'stressed', 'stressed', 'stressed', 'stressed', 'stressed', 'stressed', 'stressed', 'stressed', 'stressed', 'stressed', 'stressed', 'stressed', 'stressed', 'stressed', 'stressed', 'stressed', 'stressed', 'stressed', 'stressed', 'stressed', 'stressed', 'stressed', 'stressed', 'stressed', 'stressed', 'stressed', 'stressed', 'stressed', 'stressed', 'stressed', 'stressed', 'stressed', 'stressed', 'stressed', 'stressed', 'stressed', 'stressed', 'stressed', 'stressed', 'stressed', 'stressed', 'stressed', 'stressed', 'stressed', 'stressed', 'stressed', 'stressed', 'stressed', 'stressed', 'stressed', 'stressed', 'stressed', 'stressed', 'stressed', 'stressed', 'stressed', 'stressed', 'stressed', 'stressed', 'stressed', 'stressed', 'stressed', 'stressed', 'stressed', 'stressed', 'stressed', 'stressed', 'stressed', 'stressed', 'stressed', 'stressed', 'stressed', 'stressed', 'stressed', 'stressed', 'stressed', 'stressed', 'stressed', 'stressed', 'stressed', 'stressed', 'stressed', 'stressed', 'stressed', 'stressed', 'stressed', 'stressed', 'stressed', 'stressed', 'stressed', 'stressed', 'stressed', 'stressed', 'stressed', 'stressed', 'stressed', 'stressed', 'stressed', 'stressed', 'stressed', 'stressed', 'stressed', 'stressed', 'stressed', 'stressed', 'stressed', 'stressed', 'stressed', 'stressed', 'stressed', 'stressed', 'stressed', 'stressed', 'stressed', 'stressed', 'stressed', 'stressed', 'stressed', 'stressed', 'stressed', 'stressed', 'stressed', 'stressed', 'stressed', 'stressed', 'stressed', 'stressed', 'stressed', 'stressed', 'stressed', 'stressed', 'stressed', 'stressed', 'stressed', 'stressed', 'stressed', 'stressed', 'stressed', 'stressed', 'stressed', 'stressed', 'stressed', 'stressed', 'stressed', 'stressed', 'stressed', 'stressed', 'stressed', 'stressed', 'stressed', 'stressed', 'stressed', 'stressed', 'stressed', 'stressed', 'stressed', 'stressed', 'stressed', 'stressed', 'stressed', 'stressed', 'stressed', 'stressed', 'stressed', 'stressed', 'stressed', 'stressed', 'stressed', 'stressed', 'stressed', 'stressed', 'stressed', 'stressed', 'stressed', 'stressed', 'stressed', 'stressed', 'stressed', 'stressed', 'stressed', 'stressed', 'stressed', 'stressed', 'stressed', 'stressed', 'stressed', 'stressed', 'stressed', 'stressed', 'stressed', 'stressed', 'stressed', 'stressed', 'stressed', 'stressed', 'stressed', 'stressed', 'stressed', 'stressed', 'stressed', 'stressed', 'stressed', 'stressed', 'stressed', 'stressed', 'stressed', 'stressed', 'stressed', 'stressed', 'stressed', 'stressed', 'stressed', 'stressed', 'stressed', 'stressed', 'stressed', 'stressed', 'stressed', 'stressed', 'stressed', 'stressed', 'stressed', 'stressed', 'stressed', 'stressed', 'stressed', 'stressed', 'stressed', 'stressed', 'stressed', 'stressed', 'stressed', 'stressed', 'stressed', 'stressed', 'stressed', 'stressed', 'stressed', 'stressed', 'stressed', 'stressed', 'stressed', 'stressed', 'stressed', 'stressed', 'stressed', 'stressed', 'stressed', 'stressed', 'stressed', 'stressed', 'stressed', 'stressed', 'stressed', 'stressed', 'stressed', 'stressed', 'stressed', 'stressed', 'stressed', 'stressed', 'stressed', 'stressed', 'stressed', 'stressed', 'stressed', 'stressed', 'stressed', 'stressed', 'stressed', 'stressed', 'stressed', 'stressed', 'stressed', 'stressed', 'stressed', 'stressed', 'stressed', 'stressed', 'stressed', 'stressed', 'stressed', 'stressed', 'stressed', 'stressed', 'stressed', 'stressed', 'stressed', 'stressed', 'stressed', 'stressed', 'stressed', 'stressed', 'stressed', 'stressed', 'stressed', 'stressed', 'stressed', 'stressed', 'stressed', 'stressed', 'stressed', 'stressed', 'stressed', 'stressed', 'stressed', 'stressed', 'stressed', 'stressed', 'stressed', 'stressed', 'stressed', 'stressed', 'stressed', 'stressed', 'stressed', 'stressed', 'stressed', 'stressed', 'stressed', 'stressed', 'stressed', 'stressed', 'stressed', 'stressed', 'stressed', 'stressed', 'stressed', 'stressed', 'stressed', 'stressed', 'stressed', 'stressed', 'stressed', 'stressed', 'stressed', 'stressed', 'stressed', 'stressed', 'stressed', 'stressed', 'stressed', 'stressed', 'stressed', 'stressed', 'stressed', 'stressed', 'stressed', 'stressed', 'stressed', 'stressed', 'stressed', 'stressed', 'stressed', 'stressed', 'stressed', 'stressed', 'stressed', 'stressed', 'stressed', 'stressed', 'stressed', 'stressed', 'stressed', 'stressed', 'stressed', 'stressed', 'stressed', 'stressed', 'stressed', 'stressed', 'stressed', 'stressed', 'stressed', 'stressed', 'stressed', 'stressed', 'stressed', 'stressed', 'stressed', 'stressed', 'stressed', 'stressed', 'stressed', 'stressed', 'stressed', 'stressed', 'stressed', 'stressed', 'stressed', 'stressed', 'stressed', 'stressed', 'stressed', 'stressed', 'stressed', 'stressed', 'stressed', 'stressed', 'stressed', 'stressed', 'stressed', 'stressed', 'stressed', 'stressed', 'stressed', 'stressed', 'stressed', 'stressed', 'stressed', 'stressed', 'stressed', 'stressed', 'stressed', 'stressed', 'stressed', 'stressed', 'stressed', 'stressed', 'stressed', 'stressed', 'stressed', 'stressed', 'stressed', 'stressed', 'stressed', 'stressed', 'stressed', 'stressed', 'stressed', 'stressed', 'stressed', 'stressed', 'stressed', 'stressed', 'stressed', 'stressed', 'stressed', 'stressed', 'stressed', 'stressed', 'stressed', 'stressed', 'stressed', 'stressed', 'stressed', 'stressed', 'stressed', 'stressed', 'stressed', 'stressed', 'stressed', 'stressed', 'stressed', 'stressed', 'stressed', 'stressed', 'stressed', 'stressed', 'stressed', 'stressed', 'stressed', 'stressed', 'stressed', 'stressed', 'stressed', 'stressed', 'stressed', 'stressed', 'stressed', 'stressed']
['healthy', 'healthy', 'healthy', 'healthy', 'healthy', 'healthy', 'healthy', 'healthy', 'healthy', 'healthy', 'healthy', 'healthy', 'healthy', 'healthy', 'healthy', 'healthy', 'healthy', 'healthy', 'healthy', 'healthy', 'healthy', 'healthy', 'healthy', 'healthy', 'healthy', 'healthy', 'healthy', 'healthy', 'healthy', 'healthy', 'healthy', 'healthy', 'healthy', 'healthy', 'healthy', 'healthy', 'healthy', 'healthy', 'healthy', 'healthy', 'healthy', 'healthy', 'healthy', 'healthy', 'healthy', 'healthy', 'healthy', 'healthy', 'healthy', 'healthy', 'healthy', 'healthy', 'healthy', 'healthy', 'healthy', 'healthy', 'healthy', 'healthy', 'healthy', 'healthy', 'healthy', 'healthy', 'healthy', 'healthy', 'healthy', 'healthy', 'healthy', 'healthy', 'healthy', 'healthy', 'healthy', 'healthy', 'healthy', 'healthy', 'healthy', 'healthy', 'healthy', 'healthy', 'healthy', 'healthy', 'healthy', 'healthy', 'healthy', 'healthy', 'healthy', 'healthy', 'healthy', 'healthy', 'healthy', 'healthy', 'healthy', 'healthy', 'healthy', 'healthy', 'healthy', 'healthy', 'healthy', 'healthy', 'healthy', 'healthy', 'healthy', 'healthy', 'healthy', 'healthy', 'healthy', 'healthy', 'healthy', 'healthy', 'healthy', 'healthy', 'healthy', 'healthy', 'healthy', 'healthy', 'healthy', 'healthy', 'healthy', 'healthy', 'healthy', 'healthy', 'healthy', 'healthy', 'healthy', 'healthy', 'healthy', 'healthy', 'healthy', 'healthy', 'healthy', 'healthy', 'healthy', 'healthy', 'healthy', 'healthy', 'healthy', 'healthy', 'healthy', 'healthy', 'healthy', 'healthy', 'healthy', 'healthy', 'healthy', 'healthy', 'healthy', 'healthy', 'healthy', 'healthy', 'healthy', 'healthy', 'healthy', 'healthy', 'healthy', 'healthy', 'healthy', 'healthy', 'healthy', 'healthy', 'healthy', 'healthy', 'healthy', 'healthy', 'healthy', 'healthy', 'healthy', 'healthy', 'healthy', 'healthy', 'healthy', 'healthy', 'healthy', 'healthy', 'healthy', 'healthy', 'healthy', 'healthy', 'healthy', 'healthy', 'healthy', 'healthy', 'healthy', 'healthy', 'healthy', 'healthy', 'healthy', 'healthy', 'healthy', 'healthy', 'healthy', 'healthy', 'healthy', 'healthy', 'healthy', 'healthy', 'healthy', 'healthy', 'healthy', 'healthy', 'healthy', 'healthy', 'healthy', 'healthy', 'healthy', 'healthy', 'healthy', 'healthy', 'healthy', 'healthy', 'healthy', 'healthy', 'healthy', 'healthy', 'healthy', 'healthy', 'healthy', 'healthy', 'healthy', 'healthy', 'healthy', 'healthy', 'healthy', 'healthy', 'healthy', 'healthy', 'healthy', 'healthy', 'healthy', 'healthy', 'healthy', 'healthy', 'healthy', 'healthy', 'healthy', 'healthy', 'healthy', 'healthy', 'healthy', 'healthy', 'healthy', 'healthy', 'healthy', 'healthy', 'healthy', 'healthy', 'healthy', 'healthy', 'healthy', 'healthy', 'healthy', 'healthy', 'healthy', 'healthy', 'healthy', 'healthy', 'healthy', 'healthy', 'healthy', 'healthy', 'healthy', 'healthy', 'healthy', 'healthy', 'healthy', 'healthy', 'healthy', 'healthy', 'healthy', 'healthy', 'healthy', 'healthy', 'healthy', 'healthy', 'healthy', 'healthy', 'healthy', 'healthy', 'healthy', 'healthy', 'healthy', 'healthy', 'healthy', 'healthy', 'healthy', 'healthy', 'healthy', 'healthy', 'healthy', 'healthy', 'healthy', 'healthy', 'healthy', 'healthy', 'healthy', 'healthy', 'healthy', 'healthy', 'healthy', 'healthy', 'healthy', 'healthy', 'healthy', 'healthy', 'healthy', 'healthy', 'healthy', 'healthy', 'healthy', 'healthy', 'healthy', 'healthy', 'healthy', 'healthy', 'healthy', 'healthy', 'healthy', 'healthy', 'healthy', 'healthy', 'healthy', 'healthy', 'healthy', 'healthy', 'healthy', 'healthy', 'healthy', 'healthy', 'healthy', 'healthy', 'healthy', 'healthy', 'healthy', 'healthy', 'healthy', 'healthy', 'healthy', 'healthy', 'healthy', 'healthy', 'healthy', 'healthy', 'healthy', 'healthy', 'healthy', 'healthy', 'healthy', 'healthy', 'healthy', 'healthy', 'healthy', 'healthy', 'healthy', 'healthy', 'healthy', 'healthy', 'healthy', 'healthy', 'healthy', 'healthy', 'healthy', 'healthy', 'healthy', 'healthy', 'healthy', 'healthy', 'healthy', 'healthy', 'healthy', 'healthy', 'healthy', 'healthy', 'healthy', 'healthy', 'healthy', 'healthy', 'healthy', 'healthy', 'healthy', 'healthy', 'healthy', 'healthy', 'healthy', 'healthy', 'healthy', 'healthy', 'healthy', 'healthy', 'healthy', 'healthy', 'healthy', 'healthy', 'healthy', 'healthy', 'healthy', 'healthy', 'healthy', 'healthy', 'healthy', 'healthy', 'healthy', 'healthy', 'healthy', 'stressed', 'stressed', 'stressed', 'stressed', 'stressed', 'stressed', 'stressed', 'stressed', 'stressed', 'stressed', 'stressed', 'stressed', 'stressed', 'stressed', 'stressed', 'stressed', 'stressed', 'stressed', 'stressed', 'stressed', 'stressed', 'stressed', 'stressed', 'stressed', 'stressed', 'stressed', 'stressed', 'stressed', 'stressed', 'stressed', 'stressed', 'stressed', 'stressed', 'stressed', 'stressed', 'stressed', 'stressed', 'stressed', 'stressed', 'stressed', 'stressed', 'stressed', 'stressed', 'stressed', 'stressed', 'stressed', 'stressed', 'stressed', 'stressed', 'stressed', 'stressed', 'stressed', 'stressed', 'stressed', 'stressed', 'stressed', 'stressed', 'stressed', 'stressed', 'stressed', 'stressed', 'stressed', 'stressed', 'stressed', 'stressed', 'stressed', 'stressed', 'stressed', 'stressed', 'stressed', 'stressed', 'stressed', 'stressed', 'stressed', 'stressed', 'stressed', 'stressed', 'stressed', 'stressed', 'stressed', 'stressed', 'stressed', 'stressed', 'stressed', 'stressed', 'stressed', 'stressed', 'stressed', 'stressed', 'stressed', 'stressed', 'stressed', 'stressed', 'stressed', 'stressed', 'stressed', 'stressed', 'stressed', 'stressed', 'stressed', 'stressed', 'stressed', 'stressed', 'stressed', 'stressed', 'stressed', 'stressed', 'stressed', 'stressed', 'stressed', 'stressed', 'stressed', 'stressed', 'stressed', 'stressed', 'stressed', 'stressed', 'stressed', 'stressed', 'stressed', 'stressed', 'stressed', 'stressed', 'stressed', 'stressed', 'stressed', 'stressed', 'stressed', 'stressed', 'stressed', 'stressed', 'stressed', 'stressed', 'stressed', 'stressed', 'stressed', 'stressed', 'stressed', 'stressed', 'stressed', 'stressed', 'stressed', 'stressed', 'stressed', 'stressed', 'stressed', 'stressed', 'stressed', 'stressed', 'stressed', 'stressed', 'stressed', 'stressed', 'stressed', 'stressed', 'stressed', 'stressed', 'stressed', 'stressed', 'stressed', 'stressed', 'stressed', 'stressed', 'stressed', 'stressed', 'stressed', 'stressed', 'stressed', 'stressed', 'stressed', 'stressed', 'stressed', 'stressed', 'stressed', 'stressed', 'stressed', 'stressed', 'stressed', 'stressed', 'stressed', 'stressed', 'stressed', 'stressed', 'stressed', 'stressed', 'stressed', 'stressed', 'stressed', 'stressed', 'stressed', 'stressed', 'stressed', 'stressed', 'stressed', 'stressed', 'stressed', 'stressed', 'stressed', 'stressed', 'stressed', 'stressed', 'stressed', 'stressed', 'stressed', 'stressed', 'stressed', 'stressed', 'stressed', 'stressed', 'stressed', 'stressed', 'stressed', 'stressed', 'stressed', 'stressed', 'stressed', 'stressed', 'stressed', 'stressed', 'stressed', 'stressed', 'stressed', 'stressed', 'stressed', 'stressed', 'stressed', 'stressed', 'stressed', 'stressed', 'stressed', 'stressed', 'stressed', 'stressed', 'stressed', 'stressed', 'stressed', 'stressed', 'stressed', 'stressed', 'stressed', 'stressed', 'stressed', 'stressed', 'stressed', 'stressed', 'stressed', 'stressed', 'stressed', 'stressed', 'stressed', 'stressed', 'stressed', 'stressed', 'stressed', 'stressed', 'stressed', 'stressed', 'stressed', 'stressed', 'stressed', 'stressed', 'stressed', 'stressed', 'stressed', 'stressed', 'stressed', 'stressed', 'stressed', 'stressed', 'stressed', 'stressed', 'stressed', 'stressed', 'stressed', 'stressed', 'stressed', 'stressed', 'stressed', 'stressed', 'stressed', 'stressed', 'stressed', 'stressed', 'stressed', 'stressed', 'stressed', 'stressed', 'stressed', 'stressed', 'stressed', 'stressed', 'stressed', 'stressed', 'stressed', 'stressed', 'stressed', 'stressed', 'stressed', 'stressed', 'stressed', 'stressed', 'stressed', 'stressed', 'stressed', 'stressed', 'stressed', 'stressed', 'stressed', 'stressed', 'stressed', 'stressed', 'stressed', 'stressed', 'stressed', 'stressed', 'stressed', 'stressed', 'stressed', 'stressed', 'stressed', 'stressed', 'stressed', 'stressed', 'stressed', 'stressed', 'stressed', 'stressed', 'stressed', 'stressed', 'stressed', 'stressed', 'stressed', 'stressed', 'stressed', 'stressed', 'stressed', 'stressed', 'stressed', 'stressed', 'stressed', 'stressed', 'stressed', 'stressed', 'stressed', 'stressed', 'stressed', 'stressed', 'stressed', 'stressed', 'stressed', 'stressed', 'stressed', 'stressed', 'stressed', 'stressed', 'stressed', 'stressed', 'stressed', 'stressed', 'stressed', 'stressed', 'stressed', 'stressed', 'stressed', 'stressed', 'stressed', 'stressed', 'stressed', 'stressed', 'stressed', 'stressed', 'stressed', 'stressed', 'stressed', 'stressed', 'stressed', 'stressed', 'stressed', 'stressed', 'stressed', 'stressed', 'stressed', 'stressed', 'stressed', 'stressed', 'stressed', 'stressed', 'stressed', 'stressed', 'stressed', 'stressed', 'stressed', 'stressed', 'stressed', 'stressed', 'stressed', 'stressed', 'stressed', 'stressed', 'stressed', 'stressed', 'stressed', 'stressed', 'stressed', 'stressed', 'stressed', 'stressed', 'stressed', 'stressed', 'stressed', 'stressed', 'stressed', 'stressed', 'stressed', 'stressed', 'stressed', 'stressed', 'stressed', 'stressed', 'stressed', 'stressed', 'stressed', 'stressed', 'stressed', 'stressed', 'stressed', 'stressed', 'stressed', 'stressed', 'stressed', 'stressed', 'stressed', 'stressed', 'stressed', 'stressed', 'stressed', 'stressed', 'stressed', 'stressed', 'stressed', 'stressed', 'stressed', 'stressed', 'stressed', 'stressed', 'stressed', 'stressed', 'stressed', 'stressed', 'stressed', 'stressed', 'stressed', 'stressed', 'stressed', 'stressed', 'stressed', 'stressed', 'stressed', 'stressed', 'stressed', 'stressed', 'stressed', 'stressed', 'stressed', 'stressed', 'stressed', 'stressed', 'stressed', 'stressed', 'stressed', 'stressed', 'stressed', 'stressed', 'stressed', 'stressed', 'stressed', 'stressed', 'stressed', 'stressed', 'stressed', 'stressed', 'stressed', 'stressed', 'stressed', 'stressed', 'stressed', 'stressed', 'stressed', 'stressed', 'stressed', 'stressed', 'stressed', 'stressed', 'stressed', 'stressed', 'stressed', 'stressed', 'stressed', 'stressed', 'stressed', 'stressed', 'stressed', 'stressed', 'stressed', 'stressed', 'stressed', 'stressed', 'stressed', 'stressed', 'stressed', 'stressed', 'stressed', 'stressed', 'stressed', 'stressed', 'stressed', 'stressed', 'stressed', 'stressed', 'stressed', 'stressed', 'stressed', 'stressed', 'stressed', 'stressed', 'stressed', 'stressed', 'stressed', 'stressed', 'stressed', 'stressed', 'stressed', 'stressed', 'stressed', 'stressed', 'stressed', 'stressed', 'stressed', 'stressed', 'stressed', 'stressed', 'stressed', 'stressed', 'stressed', 'stressed', 'stressed', 'stressed', 'stressed', 'stressed', 'stressed', 'stressed', 'stressed', 'stressed', 'stressed', 'stressed', 'stressed', 'stressed', 'stressed', 'stressed', 'stressed', 'stressed', 'stressed', 'stressed', 'stressed', 'stressed', 'stressed', 'stressed', 'stressed', 'stressed', 'stressed', 'stressed', 'stressed', 'stressed', 'stressed', 'stressed', 'stressed', 'stressed', 'stressed', 'stressed', 'stressed', 'stressed', 'stressed', 'stressed', 'stressed', 'stressed', 'stressed', 'stressed', 'stressed', 'stressed', 'stressed', 'stressed', 'stressed', 'stressed', 'stressed', 'stressed', 'stressed', 'stressed', 'stressed', 'stressed', 'stressed', 'stressed', 'stressed', 'stressed', 'stressed', 'stressed', 'stressed', 'stressed', 'stressed', 'stressed', 'stressed', 'stressed', 'stressed', 'stressed', 'stressed', 'stressed', 'stressed', 'stressed', 'stressed', 'stressed', 'stressed', 'stressed', 'stressed', 'stressed', 'stressed', 'stressed', 'stressed', 'stressed', 'stressed', 'stressed', 'stressed', 'stressed', 'stressed', 'stressed', 'stressed', 'stressed', 'stressed', 'stressed', 'stressed', 'stressed', 'stressed', 'stressed', 'stressed', 'stressed', 'stressed', 'stressed', 'stressed', 'stressed', 'stressed', 'stressed', 'stressed', 'stressed', 'stressed', 'stressed', 'stressed', 'stressed', 'stressed', 'stressed', 'stressed', 'stressed', 'stressed', 'stressed', 'stressed', 'stressed', 'stressed', 'stressed', 'stressed', 'stressed', 'stressed', 'stressed', 'stressed', 'stressed', 'stressed', 'stressed', 'stressed', 'stressed', 'stressed', 'stressed', 'stressed', 'stressed', 'stressed', 'stressed', 'stressed', 'stressed', 'stressed', 'stressed', 'stressed', 'stressed', 'stressed', 'stressed', 'stressed', 'stressed', 'stressed', 'stressed', 'stressed', 'stressed', 'stressed', 'stressed', 'stressed', 'stressed', 'stressed', 'stressed', 'stressed', 'stressed', 'stressed', 'stressed', 'stressed', 'stressed', 'stressed', 'stressed', 'stressed', 'stressed', 'stressed', 'stressed', 'stressed', 'stressed', 'stressed', 'stressed', 'stressed', 'stressed', 'stressed', 'stressed', 'stressed', 'stressed', 'stressed', 'stressed', 'stressed', 'stressed', 'stressed', 'stressed', 'stressed', 'stressed', 'stressed', 'stressed', 'stressed']
Confusion Matrix (Xception):
[[  0 401]
 [  0 734]]

Classification Acc (Xception):
0.6466960352422908

Classification Report (Xception):
              precision    recall  f1-score   support

     healthy       0.00      0.00      0.00       401
    stressed       0.65      1.00      0.79       734

    accuracy                           0.65      1135
   macro avg       0.32      0.50      0.39      1135
weighted avg       0.42      0.65      0.51      1135


 Val Loss:
[0.9372881054878235, 0.7254399061203003, 1.1070407629013062, 0.8698877096176147, 0.7053900957107544, 0.6834886074066162, 0.761938214302063, 0.6840898990631104, 0.7075332403182983, 0.7099243402481079, 0.6871122717857361, 0.6823002099990845, 0.9541162252426147, 0.6863440275192261, 0.6852075457572937, 0.6948170065879822, 0.9242631196975708, 0.689656674861908, 0.6856659650802612, 0.6833541393280029, 0.6862815618515015, 0.6867842674255371, 0.6832083463668823, 0.6889156699180603, 0.6817277669906616, 0.7249019145965576, 0.6854227185249329, 0.6815450191497803, 0.6815783977508545, 0.6880723237991333]

 Training Loss:
[1.393454909324646, 0.2841283977031708, 0.1912321001291275, 0.1591225415468216, 0.14405770599842072, 0.13025949895381927, 0.12133070826530457, 0.1119093969464302, 0.09934017062187195, 0.08921491354703903, 0.07983044534921646, 0.07504037767648697, 0.06299198418855667, 0.0608292892575264, 0.05324216187000275, 0.05464665964245796, 0.05144866928458214, 0.0405561588704586, 0.038676101714372635, 0.036346662789583206, 0.03306758403778076, 0.0303177647292614, 0.027400579303503036, 0.026692431420087814, 0.02496984601020813, 0.02348027192056179, 0.022090058773756027, 0.020956408232450485, 0.0182924997061491, 0.018463531509041786]

 Val Acc:
[0.5980611443519592, 0.5980611443519592, 0.40193885564804077, 0.40193885564804077, 0.4399701654911041, 0.5980611443519592, 0.40193885564804077, 0.5980611443519592, 0.40989312529563904, 0.40193885564804077, 0.5980611443519592, 0.5980611443519592, 0.5980611443519592, 0.5980611443519592, 0.5980611443519592, 0.5980611443519592, 0.40193885564804077, 0.5980611443519592, 0.5980611443519592, 0.5980611443519592, 0.5980611443519592, 0.5980611443519592, 0.5980611443519592, 0.5980611443519592, 0.5980611443519592, 0.4024359881877899, 0.5980611443519592, 0.5980611443519592, 0.5980611443519592, 0.593089759349823]

 Train Acc:
[0.885036051273346, 0.9309594631195068, 0.9361794590950012, 0.9453765749931335, 0.9471787214279175, 0.9556301236152649, 0.9567487239837646, 0.9612851142883301, 0.9647650718688965, 0.9681829214096069, 0.972408652305603, 0.9752050638198853, 0.9784364700317383, 0.9815436005592346, 0.9835943579673767, 0.9827243089675903, 0.9850236177444458, 0.9883171916007996, 0.989622175693512, 0.9893114566802979, 0.9899328947067261, 0.991797149181366, 0.9923564791679382, 0.9925428628921509, 0.9924807548522949, 0.9939721822738647, 0.9949042797088623, 0.9946557283401489, 0.9960228800773621, 0.9953392744064331]
